Workbook

Sheet DF
B1: Batch Sequential | D1: Pipe and Filter | F1: Process Control
B2: Effects | C2: Justification | D2: Effects | E2: Justification | F2: Effects | G2: Justification
A3: Availability | B3: ='Detailed Reasoning'!B$3 | C3: ='Detailed Reasoning'!C$3 | D3: ='Detailed Reasoning'!D$3 | E3: ='Detailed Reasoning'!E$3 | F3: ='Detailed Reasoning'!F$3 | G3: ='Detailed Reasoning'!G$3
A4: 1조 | B4: ='1조'!B$3 -> - | C4: ='1조'!C3 -> [+] 기능 분리: 처리 단계가 구분되어 있어 장애가 발생한 단계와 원인을 파악하기 쉽고, 수정·복구 대상을 좁힐 수 있다. [--] 순차적 실행 의존: 앞 단계가 완료되지 않으면 모든 후속 단계가 진행되지 못하므로, 한 단계의 장애가 전체 처리 결과의 제공을 막을 수 있다. [-] 실시간 장애 복구 불가: 배치 작업 중단 시 즉시 서비스 재개가 어려움. | D4: ='1조'!D$3 -> - | E4: ='1조'!E3 -> [+] 역할 분리: 필터를 별도 실행 단위로 구성하면 장애가 발생한 필터를 구분하고 개별적으로 복구·재시작할 수 있는 경계가 생긴다. 다만 해당 필터의 재시작만으로 전체 처리 상태까지 자동 복구되는 것은 아니다. [--] 필수 처리 경로의 의존: 최종 결과 생성에 필요한 필터나 연결 파이프가 중단되고 대체 경로가 없으면, 해당 경로의 정상 결과를 계속 생성하기 어렵다. 따라서 개별 필터의 독립성이 전체 처리의 무중단을 보장하지는 않는다. | F4: ='1조'!F$3 -> - | G4: ='1조'!G3 -> [+] 피드백에 의한 정상 상태 유지: 외부 교란으로 상태가 목표값에서 벗어나면 측정값을 바탕으로 조정하므로, 정상 운전 상태를 유지하는 데 도움이 된다. [--] 핵심 제어 요소 의존: 제어부나 처리부가 고장 나면 피드백 루프를 정상적으로 수행하지 못하므로, 전체 제어 기능이 중단될 수 있다.
A5: 2조 | B5: ='2조'!B$3 -> -- | C5: ='2조'!C$3 -> 앞 단계가 끝나야 다음이 시작되므로 한 단계가 멈추면 전체가 멈춘다. 교안( "가용성이 제한된다") | D5: ='2조'!D$3 -> - | E5: ='2조'!E$3 -> Filter 하나가 죽으면 그 뒤 흐름이 끊긴다. 교안이 fault tolerance 가 낮다는 것을 약점으로 든다 | F5: ='2조'!F$3 -> - | G5: ='2조'!G$3 -> AI2에서 "Closed Loop 피드백을 통해 시스템을 정상 운용 상태로 자동 복구·지속 유지시킴." 라고 표현하였는데, 애초에 복구 수단이 해당 Architecture Style 정의 안에 없음. 자동차의 크루즈 기능을 Process Control Architecture Style의 대표 예로 볼 수 있는데, 정상 동작 중에는 외란이 와도 목표값을 지켜내지만, 부품이 고장 났을 때는 대응 수단이 없다. 그래서 Availability가 낮다고 평가한 AI1을 따랐다. (크루즈 기능 자체로만 보면 Availability가 낮은것이 맞고 (센서 하나가 이상이면 기능이 즉시 해제되고 돌아오지 않음), 자동차 전체로 보면 가용성은 멀쩡하다. 크루즈가 풀려도 차는 그대로 굴러가기 때문.)
A6: 3조 | B6: ='3조'!B$3 -> -- | C6: ='3조'!C$3 -> 각 처리 단계가 완전 종료(Run to completion)되어야 다음 단계가 실행되므로, 중간 프로세싱 스텝 하나만 실패해도 전체 파이프라인이 정지되는 단일 실패 취약 구조입니다. | D6: ='3조'!D$3 -> - | E6: ='3조'!E$3 -> Pipe and Filter는 Filter들이 독립적이지만 전체 결과는 Data Source→Pipe→Filter→Data Sink 흐름이 유지되어야 나온다. 특정 Filter나 Pipe가 멈추면 downstream 처리가 막히고, 자료에서도 fault tolerance가 낮다고 하므로 availability에는 불리하게 본다. | F6: ='3조'!F$3 -> + | G6: ='3조'!G$3 -> Process Control은 Set Point와 Controlled Variable의 차이를 feedback으로 계산해 Manipulated Variable을 계속 조정하는 closed loop 구조이다. 외부 disturbance가 있어도 목표 상태를 유지하도록 설계되므로 availability/reliability 측면에 유리하다.
A7: 4조 | B7: ='4조'!B$3 -> - | C7: ='4조'!C$3 -> 한 단계에서 장애가 발생하면 뒤 단계가 모두 진행되지 못한다. 전체 처리 흐름이 직렬로 연결되어 있어 특정 단계의 실패가 전체 서비스 중단으로 이어지기 쉽다. | D7: ='4조'!D$3 -> 0 | E7: ='4조'!E$3 -> Filter들이 독립적이라 일부를 교체·복구하기는 쉽지만, 파이프라인 중 하나의 Filter가 멈추면 전체 흐름이 막힐 수 있다. 장단점이 모두 존재한다. | F7: ='4조'!F$3 -> + | G7: ='4조'!G$3 -> 시스템 상태를 지속적으로 감시하고 피드백을 통해 이상 상태를 보정할 수 있다. 다만 센서나 Controller 같은 핵심 요소가 고장 나면 전체 제어에 영향을 줄 수 있다.
A8: 5조 | B8: ='5조'!B$3 -> - | C8: ='5조'!C$3 -> 한 단계가 실패하면 중간부터 재시작 가능하다고 하더라도 뒤 단계가 모두 대기하거나 재시작 해야 하는 것이 치명적 | D8: ='5조'!D$3 -> - | E8: ='5조'!E$3 -> Filter별 독립적 행동이 보장되므로 문제가 발생하더라도 전체 system에 영향성 적으나 Pipe에 고장이 나면 뒤에 연결된 Filter도 사용할 수 없게 되므로 좋진 않음 | F8: ='5조'!F$3 -> + | G8: ='5조'!G$3 -> 피드백 루프가 상태 변화를 감지해 보정할 수 있어 일부 환경 변화나 구성요소 편차에 대응하기 쉽다.
A9: 6조 | B9: ='6조'!B$3 -> -- | C9: ='6조'!C$3 -> 순차적 파이프라인 구조상 특정 단계에서 장애나 에러가 발생하면 후속 단계가 진행되지 못하고 전체 데이터 흐름이 중단되며, 오류 복구 및 재수행에도 오랜 시간이 소요됨. | D9: ='6조'!D$3 -> + | E9: ='6조'!E$3 -> Pipe에 Buffer/Queue를 적용하면 장애 격리 및 재처리 가능 | F9: ='6조'!F$3 -> 0 | G9: ='6조'!G$3 -> 장애시 피드백 루프 자체는 동작 가능하지만, 컨트롤러 장애 시 제어 불능 상태가 됨
A10: 7조 | B10: ='7조'!B$3 | C10: ='7조'!C$3 -> 7조 - Batch Sequential - Availability | D10: ='7조'!D$3 | E10: ='7조'!E$3 -> 7조 - Pipe and Filter - Availability | F10: ='7조'!F$3 | G10: ='7조'!G$3 -> 7조 - Process Control - Availability
A11: 8조 | B11: ='8조'!B$3 | C11: ='8조'!C$3 -> 8조 - Batch Sequential - Availability | D11: ='8조'!D$3 | E11: ='8조'!E$3 -> 8조 - Pipe and Filter - Availability | F11: ='8조'!F$3 | G11: ='8조'!G$3 -> 8조 - Process Control - Availability
A12: 9조 | B12: ='9조'!B$3 | C12: ='9조'!C$3 -> 9조 - Batch Sequential - Availability | D12: ='9조'!D$3 | E12: ='9조'!E$3 -> 9조 - Pipe and Filter - Availability | F12: ='9조'!F$3 | G12: ='9조'!G$3 -> 9조 - Process Control - Availability
A14: Deployability | B14: ='Detailed Reasoning'!B$4 | C14: ='Detailed Reasoning'!C$4 | D14: ='Detailed Reasoning'!D$4 | E14: ='Detailed Reasoning'!E$4 | F14: ='Detailed Reasoning'!F$4 | G14: ='Detailed Reasoning'!G$4
A15: 1조 | B15: ='1조'!B$4 -> 0 | C15: ='1조'!C4 -> [+] 단계별 교체: 입출력 데이터 형식이 유지되면 변경된 처리 단계를 교체하기 쉬워, 변경 사항을 반영할 대상을 구분하기 쉽다. [-] 데이터 형식 의존: 단계 사이의 데이터 형식이 바뀌면 데이터를 생성하는 단계와 사용하는 단계의 버전을 함께 맞춰 배포해야 한다. | D15: ='1조'!D$4 -> + | E15: ='1조'!E4 -> [+] 개별 배포 단위: 필터를 별도 배포 단위로 구성하면 변경된 필터를 중심으로 배포·교체할 수 있어 전체 시스템을 함께 교체해야 하는 범위를 줄일 수 있다. [+] 입출력 계약 유지: 필터의 입출력 형식과 의미가 유지되면 연결된 필터의 구현을 수정하지 않고 해당 필터의 새 버전을 반영하기 쉽다. [-] 계약 변경의 배포 조정: 입출력 계약이 바뀌면 연결된 필터들의 버전 호환성을 확인하고 배포를 조정해야 한다. 필터가 독립적이라는 사실만으로 실행 중 무중단 교체가 보장되지는 않는다. | F15: ='1조'!F$4 -> - | G15: ='1조'!G4 -> [-] 의미적·시간적 계약의 결합 — 해석: 제어 변수의 의미나 전달 시점이 바뀌면 제어부와 처리부가 함께 맞춰져야 하므로, 관련 변경을 조정하여 배포해야 한다. [-] 제어 중단의 영향 — 해석: 실행 중인 제어 요소를 교체하면서 루프가 중단되면 목표 상태 유지에 영향을 줄 수 있어, 배포 시 운영 중단의 영향을 고려해야 한다.
A16: 2조 | B16: ='2조'!B$4 -> 0 | C16: ='2조'!C$4 -> 개별 프로그램 단위 빌드/배포는 가능하나, 데이터 포맷 변경 시 관련 배치 프로그램을 일괄 배포해야 함. | D16: ='2조'!D$4 -> + | E16: ='2조'!E$4 -> Filter 가 독립적이라 하나씩 따로 배포·교체할 수 있다 | F16: ='2조'!F$4 -> - | G16: ='2조'!G$4 -> 제어 루프가 돌고 있는 상태에서 일부만 바꿔 올리기 어렵다. 설계가 복잡해 배포 절차도 무겁다
A17: 3조 | B17: ='3조'!B$4 -> - | C17: ='3조'!C$4 -> 각 단계가 파일 규격 및 배치 실행 흐름에 강하게 묶여 있어 개별 단계를 독립적으로 분리 배포하거나 무중단 롤백하기 어렵습니다. | D17: ='3조'!D$4 -> + | E17: ='3조'!E$4 -> Pipe and Filter는 Filter가 독립적인 component이고 Pipe의 입출력 형식만 맞으면 Filter를 교체·추가할 수 있다. 따라서 특정 처리 단계 단위로 수정·교체·배포하기 쉬워 deployability에 유리하다. | F17: ='3조'!F$4 -> - | G17: ='3조'!G$4 -> Process Control은 Controller, Processing Unit, Sensor/Actuator, 제어 변수들이 feedback loop로 함께 동작한다. 한 요소 변경이 제어 안정성·timing·전체 loop에 영향을 주므로 독립 배포가 어렵다.
A18: 4조 | B18: ='4조'!B$4 -> + | C18: ='4조'!C$4 -> 각 처리 단계를 별도의 프로그램/모듈로 구성할 수 있어 단계별 배포가 비교적 쉽다. 다만 단계 간 데이터 형식이 바뀌면 연쇄적인 수정이 필요할 수 있다. | D18: ='4조'!D$4 -> + | E18: ='4조'!E$4 -> Filter가 독립된 처리 단위이므로 개별 Filter를 수정·배포하기 비교적 쉽다. 단, Pipe의 데이터 형식 호환성은 유지해야 한다. | F18: ='4조'!F$4 -> - | G18: ='4조'!G$4 -> 센서·Controller·Actuator 등 실제 장비와 밀접하게 연결되어 있어 단순 소프트웨어처럼 독립적으로 배포하기 어렵다. 배포 후 보정이나 Calibration도 필요할 수 있다.
A19: 5조 | B19: ='5조'!B$4 -> + | C19: ='5조'!C$4 -> 구조가 단순한 것이 가장 큰 이점, 배포 시 개발자들에게 porting 등의 O/H가 적을 것으로 예상. | D19: ='5조'!D$4 -> + | E19: ='5조'!E$4 -> 필터는 서로 독립적인 개체이므로 개별 구성요소 별로 배포하기 쉬운 편이다. | F19: ='5조'!F$4 -> - | G19: ='5조'!G$4 -> 개별 구성요소를 독립 배포하기 어렵다.
A20: 6조 | B20: ='6조'!B$4 -> + | C20: ='6조'!C$4 -> 단계별 경계와 중간 산출물이 명확하여 결합도가 낮을 경우 개별 배치 프로그램을 독립적으로 배포·교체하기 용이함. 다만 전체 파이프라인이 하나로 묶여 관리되는 환경에서는 부분 배포 및 롤백이 어려울 수 있음. | D20: ='6조'!D$4 -> ++ | E20: ='6조'!E$4 -> 각 필터가 독립적인 컴포넌트로 분리되어 있고, 파이프의 표준 인터페이스를 준수하므로 특정 필터만 개별적으로 무중단 배포하기 용이함 | F20: ='6조'!F$4 -> - | G20: ='6조'!G$4 -> 하드웨어(센서/액추에이터)와 제어 로직이 긴밀히 결합되어 있어 독립 배포가 어려움
A21: 7조 | B21: ='7조'!B$4 | C21: ='7조'!C$4 -> 7조 - Batch Sequential - Deployability | D21: ='7조'!D$4 | E21: ='7조'!E$4 -> 7조 - Pipe and Filter - Deployability | F21: ='7조'!F$4 | G21: ='7조'!G$4 -> 7조 - Process Control - Deployability
A22: 8조 | B22: ='8조'!B$4 | C22: ='8조'!C$4 -> 8조 - Batch Sequential - Deployability | D22: ='8조'!D$4 | E22: ='8조'!E$4 -> 8조 - Pipe and Filter - Deployability | F22: ='8조'!F$4 | G22: ='8조'!G$4 -> 8조 - Process Control - Deployability
A23: 9조 | B23: ='9조'!B$4 | C23: ='9조'!C$4 -> 9조 - Batch Sequential - Deployability | D23: ='9조'!D$4 | E23: ='9조'!E$4 -> 9조 - Pipe and Filter - Deployability | F23: ='9조'!F$4 | G23: ='9조'!G$4 -> 9조 - Process Control - Deployability
A25: Integrability | B25: ='Detailed Reasoning'!B$5 | C25: ='Detailed Reasoning'!C$5 | D25: ='Detailed Reasoning'!D$5 | E25: ='Detailed Reasoning'!E$5 | F25: ='Detailed Reasoning'!F$5 | G25: ='Detailed Reasoning'!G$5
A26: 1조 | B26: ='1조'!B$5 -> + | C26: ='1조'!C5 -> [+] 데이터 규격 공유: 중간 파일/DB 포맷만 맞추면 타 시스템과 연동 가능함. [-] 상호작용 방식의 제약: 처리 도중 요청과 응답을 반복해야 하는 구성요소는 단계 전체가 완료된 후 다음 단계로 넘어가는 방식에 맞추기 어렵다. | D26: ='1조'!D$5 -> + | E26: ='1조'!E5 -> [++] 명확한 연결 계약: 필터의 입력·출력 포트와 스트림 계약이 구분되어 있어, 계약이 맞는 새로운 필터를 기존 처리 흐름에 연결하기 쉽다. [+] 필터 재사용: 기존 필터의 내부 구현을 변경하지 않고 다른 처리 흐름에 조합하여 사용할 수 있어, 새로운 기능을 통합할 때의 구현 노력을 줄일 수 있다. [-] 데이터 계약 정합성: 데이터 형식이나 의미, 점진적 처리 방식이 맞지 않는 구성요소는 그대로 연결할 수 없으므로, 계약을 맞추는 변환 기능의 구현과 통합 검증이 필요하다. | F26: ='1조'!F$5 -> - | G26: ='1조'!G5 -> [-] 시간적 결합: 연결된 요소의 응답 시점이 전체 피드백 동작에 영향을 주므로, 기능적으로 연결되는 것 외에 시간적인 적합성도 검토해야 한다.
A27: 2조 | B27: ='2조'!B$5 -> + | C27: ='2조'!C$5 -> 입출력 데이터 형식만 맞으면 처리 단계를 쉽게 교체·연결할 수 있다 | D27: ='2조'!D$5 -> ++ | E27: ='2조'!E$5 -> 표준 입출력 스트림 규격(예: Unix Pipe)을 준수하는 외부 서드파티 도구나 기존 컴포넌트를 파이프라인 사이에 어댑터 없이 즉시 결합할 수 있어 상호운용성(Interoperability)이 탁월함. | F27: ='2조'!F$5 -> - | G27: ='2조'!G$5 -> 센서·구동기·제어기가 특정 물리 환경에 맞춰져 있어 다른 시스템과 붙이기 어렵다
A28: 3조 | B28: ='3조'!B$5 -> + | C28: ='3조'!C$5 -> 표준 입출력 파일(Batch File, CSV, DB 덤프 등)을 매개로 단계가 연결되므로, 이기종 도구 간 파일 연동 관점의 통합은 비교적 단순합니다. | D28: ='3조'!D$5 -> ++ | E28: ='3조'!E$5 -> 표준 데이터 포맷과 일관된 파이프 커넥터 인터페이스를 지원하므로, 새로운 외부 필터를 기존 파이프라인 사이에 끼워 넣는 통합이 매우 뛰어납니다. | F28: ='3조'!F$5 -> - | G28: ='3조'!G$5 -> Process Control에서 새 센서·actuator·제어 알고리즘을 추가하면 Set Point, Controlled Variable, Manipulated Variable의 관계와 feedback 안정성을 함께 재검토해야 한다. 단순 연결이 아니라 제어 모델 통합이 필요하므로 integrability에 불리하다.
A29: 4조 | B29: ='4조'!B$5 -> + | C29: ='4조'!C$5 -> 단계 사이의 입력/출력이 파일이나 명확한 데이터 형식으로 정의되므로 다른 시스템이나 모듈을 연결하기 비교적 쉽다. | D29: ='4조'!D$5 -> ++ | E29: ='4조'!E$5 -> Filter 간 연결이 명확한 입출력 인터페이스로 이루어져 새로운 Filter를 추가하거나 기존 Filter를 다른 컴포넌트로 교체하기 쉽다. | F29: ='4조'!F$5 -> - | G29: ='4조'!G$5 -> 센서, 액추에이터, 제어 장치마다 통신 방식이나 데이터 형식이 다를 수 있어 외부 시스템을 추가하거나 교체하기 어렵다.
A30: 5조 | B30: ='5조'!B$5 -> 0 | C30: ='5조'!C$5 -> 별도의 개발 자체는 쉽지만, 각 컴포넌트간 Input / Output 일관성이 필요하여 상쇄 | D30: ='5조'!D$5 -> ++ | E30: ='5조'!E$5 -> 표준화된 connector를 사용해서, 새로운 필터를 연결하기 매우 쉽다. | F30: ='5조'!F$5 -> - | G30: ='5조'!G$5 -> componenet에 따라 인터페이스가 달라 통합이 어렵다.
A31: 6조 | B31: ='6조'!B$5 -> + | C31: ='6조'!C$5 -> 각 단계 간 입력/출력 데이터 파일 포맷만 표준화되어 있으면 새로운 컴포넌트를 연계하거나 교체하기 용이함. 반면, 강한 실행 순서 및 데이터 의존성 때문에 파이프라인 중간에 임의의 컴포넌트를 동적으로 삽입하기는 까다롭다는 지적도 존재함. | D31: ='6조'!D$5 -> ++ | E31: ='6조'!E$5 -> 파이프를 흐르는 데이터의 인터페이스가 표준화되어 있어, 서로 다른 언어/기술로 작성된 새로운 필터나 외부 시스템을 파이프라인 중간에 쉽게 끼워 넣을 수 있음 | F31: ='6조'!F$5 -> 0 | G31: ='6조'!G$5 -> 하드웨어(센서/액추에이터)가 표준 인터페이스를 따르면 교체 가능하나, 제어 루프의 재구성은 쉽지 않음
A32: 7조 | B32: ='7조'!B$5 | C32: ='7조'!C$5 -> 7조 - Batch Sequential - Integrability | D32: ='7조'!D$5 | E32: ='7조'!E$5 -> 7조 - Pipe and Filter - Integrability | F32: ='7조'!F$5 | G32: ='7조'!G$5 -> 7조 - Process Control - Integrability
A33: 8조 | B33: ='8조'!B$5 | C33: ='8조'!C$5 -> 8조 - Batch Sequential - Integrability | D33: ='8조'!D$5 | E33: ='8조'!E$5 -> 8조 - Pipe and Filter - Integrability | F33: ='8조'!F$5 | G33: ='8조'!G$5 -> 8조 - Process Control - Integrability
A34: 9조 | B34: ='9조'!B$5 | C34: ='9조'!C$5 -> 9조 - Batch Sequential - Integrability | D34: ='9조'!D$5 | E34: ='9조'!E$5 -> 9조 - Pipe and Filter - Integrability | F34: ='9조'!F$5 | G34: ='9조'!G$5 -> 9조 - Process Control - Integrability
A36: Energy Efficiency | B36: ='Detailed Reasoning'!B$6 | C36: ='Detailed Reasoning'!C$6 | D36: ='Detailed Reasoning'!D$6 | E36: ='Detailed Reasoning'!E$6 | F36: ='Detailed Reasoning'!F$6 | G36: ='Detailed Reasoning'!G$6
A37: 1조 | B37: ='1조'!B$6 -> - | C37: ='1조'!C6 -> [+] 자원 집약 처리: 특정 시간에 컴퓨팅 자원을 100% 활용하고 유휴 시간에는 끄기 쉬움. [-] 디스크 I/O 소모: 중간 결과를 디스크/파일로 저장하는 과정에서 전력 소모가 발생함." | D37: ='1조'!D$6 -> - | E37: ='1조'!E6 -> [-] 실행 단위 유지 비용: 필터를 별도 프로세스로 실행하는 구성에서는 각 프로세스의 기본 자원과 실행 전환에 필요한 비용이 발생한다. [-] 데이터 전달 비용: 필터 사이의 데이터 전달과 프로세스 간 통신에 추가 자원이 필요하며, 필터와 연결이 많아지면 이러한 비용이 누적될 수 있다. [+] 조기 완료 후 유휴 전환 — 조건부: 동시 처리로 전체 작업을 일찍 완료하고 실제로 유휴 상태로 전환할 수 있다면 에너지 절감에 도움이 될 수 있다. 다만 점진적 처리 자체가 절전 동작을 보장하지는 않는다. | F37: ='1조'!F$6 -> 0 | G37: ='1조'!G6 -> [N/A] 목표값 유지와 에너지 최소화의 구분: 이 스타일의 직접적인 목적은 원하는 상태를 유지하는 것이며, 그 목표가 곧 에너지 소비의 최소화를 의미하지는 않는다.
A38: 2조 | B38: ='2조'!B$6 -> + | C38: ='2조'!C$6 -> 한 번에 한 단계만 돌아 자원을 몰아 쓰지 않는다. 대규모 데이터 처리에 효율적이다 | D38: ='2조'!D$6 -> - | E38: ='2조'!E$6 -> 독립 Filter 가 많아지면 데이터를 주고받는 계산 overhead 가 크게 늘어난다 | F38: ='2조'!F$6 -> + | G38: ='2조'!G$6 -> 이 스타일의 에너지 절약은 목표가 아니라 덤이다. 그래서 ++을 주기는 그렇다. 목표값(set point)을 유지하도록 조절하므로 필요 이상으로 자원을 쓰지 않는다.
A39: 3조 | B39: ='3조'!B$6 -> 0 | C39: ='3조'!C$6 -> Batch Sequential은 동시 실행 자원은 적게 쓰지만, 각 단계가 끝날 때까지 다음 단계가 대기하므로 전체 처리 시간이 길어질 수 있다. 에너지 효율을 직접 개선하는 구조적 메커니즘은 아니므로 0으로 본다. | D39: ='3조'!D$6 -> - | E39: ='3조'!E$6 -> Pipe and Filter는 동시·점진 처리로 자원 활용을 높일 수 있으나, 독립 Filter가 많아지면 계산 overhead와 buffering/데이터 변환 비용이 커진다. 자료의 약점도 overhead 증가를 언급하므로 energy efficiency에는 다소 불리하게 본다. | F39: ='3조'!F$6 -> 0 | G39: ='3조'!G$6 -> Process Control은 Set Point와 Controlled Variable의 차이를 줄이도록 Manipulated Variable을 조정해 최적의 process 조건을 유지하는 closed-loop 구조이다. 이 구조가 자원 사용을 조정할 수는 있지만, 에너지 절감을 직접 보장하는 스타일은 아니므로 energy efficiency에 대한 직접 효과는 중립으로 본다. (p.53~58)
A40: 4조 | B40: ='4조'!B$6 -> + | C40: ='4조'!C$6 -> 실시간으로 계속 동작할 필요 없이 필요한 시점에 배치 단위로 실행할 수 있어 유휴 시간의 자원 사용을 줄일 수 있다. | D40: ='4조'!D$6 -> 0 | E40: ='4조'!E$6 -> 스트리밍과 병렬 처리로 자원을 효율적으로 사용할 수 있지만, 여러 Filter의 동시 실행과 Pipe/Buffer 관리에 추가 자원이 필요하다. | F40: ='4조'!F$6 -> + | G40: ='4조'!G$6 -> 현재 상태를 계속 측정하면서 필요한 만큼만 제어할 수 있기 때문에 에너지나 자원을 효율적으로 사용할 수 있다. 예를 들어 목표 온도에 도달하면 히터 출력을 줄일 수 있다.
A41: 5조 | B41: ='5조'!B$6 -> 0 | C41: ='5조'!C$6 -> 1. 에너지, 혹은 처리량 총량의 차이가 있지, 총량 / Energy 값인 효율적 측면은 영향이 없다 | D41: ='5조'!D$6 -> 0 | E41: ='5조'!E$6 -> 데이터 처리 자체는 에너지 효율과 직접적인 연관성이 적다. | F41: ='5조'!F$6 -> + | G41: ='5조'!G$6 -> 필요한 시점에만 동작하므로 자원을 효율적으로 쓸 수 있다.
A42: 6조 | B42: ='6조'!B$6 -> 0 | C42: ='6조'!C$6 -> 특정 시점에 대량 데이터를 한 번에 처리하므로 유휴 상태 없이 컴퓨팅 자원 활용률을 높일 수 있다는 긍정적 측면과, 선행 작업 종료 시까지 후속 작업이 대기하고 순차 실행으로 인해 전체 소요 시간이 늘어나 총 에너지 절감에는 불리하다는 관점이 상충함. | D42: ='6조'!D$6 -> 0 | E42: ='6조'!E$6 -> Filter 병렬화로 처리시간 단축 가능하지만 동시 실행으로 자원 소비 증가 | F42: ='6조'!F$6 -> -- | G42: ='6조'!G$6 -> 지속적인 센싱과 연산이 필요한 구조라 유휴 상태 없이 상시 자원 소모함
A43: 7조 | B43: ='7조'!B$6 | C43: ='7조'!C$6 -> 7조 - Batch Sequential - Energy Efficiency | D43: ='7조'!D$6 | E43: ='7조'!E$6 -> 7조 - Pipe and Filter - Energy Efficiency | F43: ='7조'!F$6 | G43: ='7조'!G$6 -> 7조 - Process Control - Energy Efficiency
A44: 8조 | B44: ='8조'!B$6 | C44: ='8조'!C$6 -> 8조 - Batch Sequential - Energy Efficiency | D44: ='8조'!D$6 | E44: ='8조'!E$6 -> 8조 - Pipe and Filter - Energy Efficiency | F44: ='8조'!F$6 | G44: ='8조'!G$6 -> 8조 - Process Control - Energy Efficiency
A45: 9조 | B45: ='9조'!B$6 | C45: ='9조'!C$6 -> 9조 - Batch Sequential - Energy Efficiency | D45: ='9조'!D$6 | E45: ='9조'!E$6 -> 9조 - Pipe and Filter - Energy Efficiency | F45: ='9조'!F$6 | G45: ='9조'!G$6 -> 9조 - Process Control - Energy Efficiency
A47: Modifiability | B47: ='Detailed Reasoning'!B$7 | C47: ='Detailed Reasoning'!C$7 | D47: ='Detailed Reasoning'!D$7 | E47: ='Detailed Reasoning'!E$7 | F47: ='Detailed Reasoning'!F$7 | G47: ='Detailed Reasoning'!G$7
A48: 1조 | B48: ='1조'!B$7 -> - | C48: ='1조'!C7 -> [+] 기능 분리: 처리 책임이 단계별로 구분되어 있어, 특정 단계의 내부 처리 방식 변경을 해당 단계에 국소화하기 쉽다. [-] 연쇄적 변경: 중간 데이터 포맷 변경 시 앞뒤 모든 배치 단계에 영향이 파급됨. | D48: ='1조'!D$7 -> + | E48: ='1조'!E7 -> [++] 필터 내부 변경의 국소화: 필터가 서로의 내부 구현에 직접 의존하지 않으므로, 입출력 계약을 유지하는 변환 로직의 변경은 해당 필터에 국소화하기 쉽다. [+] 구성 확장: 기존 필터를 재사용하고 필요한 필터를 추가·교체하여 처리 기능을 확장하기 쉽다. [-] 계약과 처리 순서의 제약 — 구조 해석: 데이터의 형식·의미가 바뀌면 연결된 필터도 수정해야 한다. 필터 순서를 바꾸는 경우에도 각 단계의 입력 조건과 전체 처리 의미가 유지되는지 검증해야 한다. | F48: ='1조'!F$7 -> - | G48: ='1조'!G7 -> [-] 제어 변수의 의미적 결합: 측정값이나 조작값의 의미가 바뀌면 이를 계산하고 사용하는 제어부와 처리부를 함께 수정해야 할 수 있다. [-] 피드백 전체의 영향 — 해석: 한 요소의 처리 특성이나 응답 시간이 바뀌면 이후 측정값과 다음 제어 동작도 달라질 수 있어, 변경 영향을 루프 전체에서 확인해야 한다.
A49: 2조 | B49: ='2조'!B$7 -> + | C49: ='2조'!C$7 -> 단계가 데이터 형식으로만 묶여 있어 한 단계를 고쳐도 다른 단계에 영향이 적다 | D49: ='2조'!D$7 -> ++ | E49: ='2조'!E$7 -> Filter 를 재사용·교체하기 쉬워 유지보수와 확장이 쉽다 | F49: ='2조'!F$7 -> - | G49: ='2조'!G$7 -> 제어 변수·목표값·제어 논리가 서로 얽혀 있어 한 곳을 바꾸면 조율을 다시 해야 한다
A50: 3조 | B50: ='3조'!B$7 -> + | C50: ='3조'!C$7 -> Batch Sequential은 처리 단계가 독립 program으로 나뉘고, 단계 사이 관계가 file input/output으로 명확하다. 특정 processing step만 수정하거나 재사용할 수 있으므로 modifiability에 유리하다. | D50: ='3조'!D$7 -> ++ | E50: ='3조'!E$7 -> 필터 간 독립성이 철저히 보장되므로 필터의 교체, 재배치, 새로운 필터 삽입이 시스템의 다른 부분에 영향을 주지 않습니다. | F50: ='3조'!F$7 -> - | G50: ='3조'!G$7 -> Process Control은 feedback loop 안에서 Controller와 Processing Unit이 제어 변수로 상호 의존한다. 제어 알고리즘이나 변수 정의를 바꾸면 전체 안정성과 결과에 영향을 주므로 변경 영향 분석이 어렵다.
A51: 4조 | B51: ='4조'!B$7 -> + | C51: ='4조'!C$7 -> 각 처리 단계가 비교적 독립되어 있어 특정 단계의 알고리즘을 수정하거나 교체하기 쉽다. 단, 입출력 형식 변경 시 주변 단계에도 영향이 갈 수 있다. | D51: ='4조'!D$7 -> ++ | E51: ='4조'!E$7 -> 각 Filter가 특정 기능만 담당하고 서로 직접 의존하지 않으므로 Filter 추가·삭제·교체가 쉽다. Pipe and Filter의 대표적인 장점이다. | F51: ='4조'!F$7 -> - | G51: ='4조'!G$7 -> Controller의 제어 알고리즘이나 센서 특성을 변경하면 전체 제어 안정성에 영향을 줄 수 있다. 하나를 수정하면 제어 파라미터를 다시 조정해야 할 가능성이 크다.
A52: 5조 | B52: ='5조'!B$7 -> ++ | C52: ='5조'!C$7 -> 각 단계가 독립적으로, processing step간 대체가 용이하고 reusing이 가능한 것이 장점 | D52: ='5조'!D$7 -> ++ | E52: ='5조'!E$7 -> 필터는 서로 독립적인 개체이므로 개별 구성요소 별로 추가,삭체, 교체하기 쉬운 편이다. | F52: ='5조'!F$7 -> - | G52: ='5조'!G$7 -> Component가 변경 되면 시스템 전체에 영향을 주게 된다.
A53: 6조 | B53: ='6조'!B$7 -> + | C53: ='6조'!C$7 -> 프로그램이 단계별로 분리되어 있어 특정 단계의 알고리즘이나 내부 로직을 수정하는 것은 쉬움. 그러나 중간 파일의 데이터 구조(포맷)가 변경되면 이후의 모든 후속 시퀀스에 영향(Ripple effect)을 미침. | D53: ='6조'!D$7 -> + | E53: ='6조'!E$7 -> 필터 간 직접적인 의존성이 없고 오직 파이프와만 통신하므로, 파이프라인에 새로운 필터를 추가·제거·재배치하기가 매우 쉬우나 데이터 공통구조(형태)가 수정되는 경우 전체 필터에 영향이 있음 | F53: ='6조'!F$7 -> - | G53: ='6조'!G$7 -> 제어 로직 변경 시 전체 의존성 변경으로 변경 범위가 큼
A54: 7조 | B54: ='7조'!B$7 | C54: ='7조'!C$7 -> 7조 - Batch Sequential - Modifiability | D54: ='7조'!D$7 | E54: ='7조'!E$7 -> 7조 - Pipe and Filter - Modifiability | F54: ='7조'!F$7 | G54: ='7조'!G$7 -> 7조 - Process Control - Modifiability
A55: 8조 | B55: ='8조'!B$7 | C55: ='8조'!C$7 -> 8조 - Batch Sequential - Modifiability | D55: ='8조'!D$7 | E55: ='8조'!E$7 -> 8조 - Pipe and Filter - Modifiability | F55: ='8조'!F$7 | G55: ='8조'!G$7 -> 8조 - Process Control - Modifiability
A56: 9조 | B56: ='9조'!B$7 | C56: ='9조'!C$7 -> 9조 - Batch Sequential - Modifiability | D56: ='9조'!D$7 | E56: ='9조'!E$7 -> 9조 - Pipe and Filter - Modifiability | F56: ='9조'!F$7 | G56: ='9조'!G$7 -> 9조 - Process Control - Modifiability
A58: Performance | B58: ='Detailed Reasoning'!B$8 | C58: ='Detailed Reasoning'!C$8 | D58: ='Detailed Reasoning'!D$8 | E58: ='Detailed Reasoning'!E$8 | F58: ='Detailed Reasoning'!F$8 | G58: ='Detailed Reasoning'!G$8
A59: 1조 | B59: ='1조'!B$8 -> -- | C59: ='1조'!C8 -> [+] 일괄 처리 적합성: 대규모 데이터를 정해진 처리 단계에 따라 일괄 변환하는 용도에 효율적이다. [--] 완료 대기에 따른 지연: 앞 단계의 전체 작업이 끝날 때까지 다음 단계가 기다리므로, 대규모 입력에서는 다음 단계의 시작과 최종 결과 제공이 크게 지연될 수 있다. [-] 단계 간 동시성 부족: 여러 단계가 서로 다른 데이터를 동시에 처리하지 못하므로, 단계 간 처리를 겹치는 구조에 비해 처리량 향상이 제한된다. | D59: ='1조'!D$8 -> + | E59: ='1조'!E8 -> [++] 파이프라인 동시 처리: 여러 필터가 서로 다른 데이터 부분을 동시에 처리할 수 있어, 연속적으로 입력되는 데이터의 처리량을 높이는 데 유리하다. [+] 점진적 처리: 앞 필터가 입력 전체를 처리하기 전에 후속 필터가 도착한 데이터를 처리할 수 있어, 전체 입력의 완료를 기다리는 시간을 줄일 수 있다. [-] 전달 비용과 처리 속도 차이 — 구조 해석: 필터 간 데이터 전달에 부가 비용이 발생하고, 필터별 처리 속도가 다르면 대기가 생길 수 있다. 따라서 처리량이 높아져도 데이터 한 건의 최종 완료 시간이 반드시 짧아지는 것은 아니다. | F59: ='1조'!F$8 -> - | G59: ='1조'!G8 -> [+] 목표 성능 유지의 활용: 교안의 미들웨어 품질 제어 사례처럼 계산·통신 자원을 조정하는 구성에서는, 상태 변화에 대응하여 목표 성능 수준을 유지하는 데 활용할 수 있다. [-] 반복 연산 비용 — 해석: 측정값의 해석·비교·제어 판단을 반복하므로, 실제 처리 기능 외에 제어를 위한 연산 비용이 발생한다.
A60: 2조 | B60: ='2조'!B$8 -> -- | C60: ='2조'!C$8 -> 동시성이 없고 단계마다 전체 데이터를 기다리므로 지연이 늘고 처리량이 낮다 | D60: ='2조'!D$8 -> + | E60: ='2조'!E$8 -> 입력 전체를 기다리지 않고 점진적으로 처리하며, 독립 Filter 를 분산·병렬로 돌려 성능을 높일 수 있다 | F60: ='2조'!F$8 -> + | G60: ='2조'!G$8 -> 외란(disturbance)에 즉시 반응해 목표 상태를 유지한다. 응답 자체가 이 스타일의 목적이다
A61: 3조 | B61: ='3조'!B$8 -> -- | C61: ='3조'!C$8 -> Batch Sequential은 각 단계가 run-to-completion으로 끝난 뒤 다음 단계로 넘어간다. 동시성이 없고 latency가 늘며 throughput이 낮다고 자료에 명시되어 있어 performance에는 강하게 불리하다. | D61: ='3조'!D$8 -> + | E61: ='3조'!E$8 -> Pipe and Filter는 입력 전체를 기다리지 않고 데이터 stream을 점진적으로 변환하며, 독립 Filter를 분산·병렬 처리할 수 있다. 따라서 pipeline 병렬성으로 throughput을 높일 수 있어 performance에 유리하다. | F61: ='3조'!F$8 -> + | G61: ='3조'!G$8 -> Process Control은 Sensor가 상태를 관찰하고 Controller가 차이를 계산해 즉시 control action을 적용한다. 외부 disturbance에 빠르게 대응해 목표 상태로 수렴하게 하므로 performance/QoS 유지에 유리하다.
A62: 4조 | B62: ='4조'!B$8 -> -- | C62: ='4조'!C$8 -> 앞 단계가 완전히 끝나야 다음 단계가 시작되므로 병렬 처리가 어렵고 전체 처리 지연시간이 길어진다. 특히 대용량 데이터에서는 단점이 커진다. | D62: ='4조'!D$8 -> + | E62: ='4조'!E$8 -> 여러 Filter가 동시에 서로 다른 데이터를 처리하는 Pipeline Parallelism이 가능하여 처리량이 높아질 수 있다. 다만 Filter 간 데이터 전달 비용이 발생한다. | F62: ='4조'!F$8 -> + | G62: ='4조'!G$8 -> 각 제어 주기 안에서 예측 가능한 유계 응답 시간을 목표로 설계된다. 다만 높은 처리량을 노리는 스타일은 아니다.
A63: 5조 | B63: ='5조'!B$8 -> - | C63: ='5조'!C$8 -> 병렬 구조가 불가능함에 따라 성능이 좋지 못함. | D63: ='5조'!D$8 -> + | E63: ='5조'!E$8 -> Filter의 수가 많아질수록 Computational O/H가 증가하나, 병렬성이 존재하므로 장점이 더 큼 | F63: ='5조'!F$8 -> - | G63: ='5조'!G$8 -> 출력값을 다시 입력에 사용해야 하는 loop구조로 latency가 오히려 추가된다.
A64: 6조 | B64: ='6조'!B$8 -> - | C64: ='6조'!C$8 -> 이전 단계가 완전히 종료되어 디스크에 파일 저장이 끝나야 다음 단계가 시작되므로, 파이프라인 병렬 처리가 불가능하여 응답/대기 시간(Latency)이 매우 긺. 단, 실시간성이 필요 없는 대용량 데이터의 일괄 처리량(Throughput) 측면에서는 여전히 유효함. | D64: ='6조'!D$8 -> + | E64: ='6조'!E$8 -> Filter 병렬화 및 Pipeline Processing 가능하지만 파이프간 데이터가 이동할 때 오버헤드가 많을 수도 있음. | F64: ='6조'!F$8 -> ++ | G64: ='6조'!G$8 -> 실행 순서와 주기 제어로 빠른응답, 실시간 제어, 성능 예측 가능함
A65: 7조 | B65: ='7조'!B$8 | C65: ='7조'!C$8 -> 7조 - Batch Sequential - Performance | D65: ='7조'!D$8 | E65: ='7조'!E$8 -> 7조 - Pipe and Filter - Performance | F65: ='7조'!F$8 | G65: ='7조'!G$8 -> 7조 - Process Control - Performance
A66: 8조 | B66: ='8조'!B$8 | C66: ='8조'!C$8 -> 8조 - Batch Sequential - Performance | D66: ='8조'!D$8 | E66: ='8조'!E$8 -> 8조 - Pipe and Filter - Performance | F66: ='8조'!F$8 | G66: ='8조'!G$8 -> 8조 - Process Control - Performance
A67: 9조 | B67: ='9조'!B$8 | C67: ='9조'!C$8 -> 9조 - Batch Sequential - Performance | D67: ='9조'!D$8 | E67: ='9조'!E$8 -> 9조 - Pipe and Filter - Performance | F67: ='9조'!F$8 | G67: ='9조'!G$8 -> 9조 - Process Control - Performance
A69: Safety | B69: ='Detailed Reasoning'!B$9 | C69: ='Detailed Reasoning'!C$9 | D69: ='Detailed Reasoning'!D$9 | E69: ='Detailed Reasoning'!E$9 | F69: ='Detailed Reasoning'!F$9 | G69: ='Detailed Reasoning'!G$9
A70: 1조 | B70: ='1조'!B$9 -> - | C70: ='1조'!C9 -> [+] 순차적 동작: 처리 순서가 정해져 있어 실행 흐름을 분석하기 쉽고, 순서와 상태 변화에 따른 위험을 검토하기 쉽다. [-] 오류 전파: 잘못된 중간 결과가 후속 단계의 입력으로 사용되면 오류가 뒤 단계로 이어질 수 있다. 그 결과가 안전 관련 동작에 사용되는 경우에는 피해로 연결될 가능성도 검토해야 한다. | D70: ='1조'!D$9 -> - | E70: ='1조'!E9 -> [+] 검증 책임의 분리: 필터별 변환 책임이 구분되어 있어, 안전과 관련된 처리 로직을 특정 필터 단위로 나누어 검증하기 쉽다. [-] 잘못된 출력의 전파 — 구조 해석: 필터가 내부 상태를 직접 공유하지 않더라도 잘못된 출력 데이터는 파이프를 통해 후속 필터에 전달될 수 있다. 해당 결과가 안전 관련 동작에 사용되는 경우 위험이 이어질 수 있다. [-] 동시 실행의 분석 부담: 필터의 실행 시점과 데이터 도착 시점에 따른 동작을 함께 검토해야 하므로, 순차 실행에 비해 시간 의존 오류와 위험 상황의 분석이 복잡해질 수 있다. | F70: ='1조'!F$9 -> 0 | G70: ='1조'!G9 -> [++] 안전 관련 상태 유지 — 조건부 해석: 안전과 관련된 상태를 목표값으로 제어하는 경우, 외부 교란으로 상태가 벗어났을 때 이를 되돌리는 동작을 지속적으로 수행하므로 위험 상태를 억제하는 데 도움이 된다. [--] 잘못된 제어의 전체 영향: 측정값이나 제어부가 잘못 동작하면 부적절한 조작이 처리부에 전달될 수 있으며, 안전 관련 시스템에서는 전체 제어 실패가 위험한 동작으로 이어질 수 있다.
A71: 2조 | B71: ='2조'!B$9 -> + | C71: ='2조'!C$9 -> 단계마다 중간 결과가 파일로 남아 어디서 잘못됐는지 되짚고 그 지점부터 다시 돌릴 수 있다 | D71: ='2조'!D$9 -> - | E71: ='2조'!E$9 -> 다수의 필터가 비동기 동시 실행되므로 스트림 동기화, 배압(Backpressure) 조절 실패, 버퍼 고갈 등 비결정적(Non-deterministic) 런타임 오류 가능성이 있어 안전성 검증이 까다로움. | F71: ='2조'!F$9 -> ++ | G71: ='2조'!G$9 -> 최적 process 조건을 계속 유지해 신뢰성과 견고성을 높인다 — 위험 상태로 벗어나는 것을 막는 구조다
A72: 3조 | B72: ='3조'!B$9 -> 0 | C72: ='3조'!C$9 -> Batch Sequential은 단계별 검증은 쉽지만, 위험 상태를 자동으로 감지·차단·복구하는 safety mechanism을 구조적으로 제공하지 않는다. 따라서 safety에 대한 직접 효과는 제한적이다. | D72: ='3조'!D$9 -> - | E72: ='3조'!E$9 -> 다중 필터의 동시 실행 특성상 버퍼 오버플로우, 배압(Backpressure) 불균형, 비결정적 타이밍 문제로 인해 제어 한계를 벗어날 위험이 있습니다. | F72: ='3조'!F$9 -> ++ | G72: ='3조'!G$9 -> Process Control은 Controlled Variable을 계속 측정하고 Set Point에 가깝게 유지하는 제어 loop이다. 온도 제어·Cruise Control처럼 허용 범위를 벗어난 상태를 지속적으로 보정하는 구조이므로 safety에는 강하게 유리하다.
A73: 4조 | B73: ='4조'!B$9 -> 0 | C73: ='4조'!C$9 -> 처리 과정이 순차적이고 결정적이어서 처리 순서와 결과를 추적하기 쉽지만, 오류가 긴 실행이 끝난 뒤에야 발견되어 대응이 늦어진다. | D73: ='4조'!D$9 -> + | E73: ='4조'!E$9 -> 각 처리 단계가 분리되어 있어 데이터 검증이나 오류 탐지 Filter를 독립적으로 둘 수 있고, 문제가 발생한 단계를 추적하기 쉽다. | F73: ='4조'!F$9 -> ++ | G73: ='4조'!G$9 -> 위험 상태를 지속적으로 감지하고 자동으로 보정하거나 안전한 상태로 제어할 수 있다. 과열, 압력 초과 등의 상황에 즉각 대응할 수 있어 Safety에 매우 유리하다.
A74: 5조 | B74: ='5조'!B$9 -> 0 | C74: ='5조'!C$9 -> 직렬로 이루어져 있으므로 단일 장애가 전체 안전에 영향이 큰 점도 있으나, 오류 분석이 쉬운 장점도 있음 | D74: ='5조'!D$9 -> 0 | E74: ='5조'!E$9 -> 단계별 검증과 오류 격리를 통해 안전성에 간접적으로 기여할 수 있지만, 물리적 위험을 직접 감지·제어하는 아키텍처는 아니므로 Safety에 대한 직접적인 영향은 제한적이다. | F74: ='5조'!F$9 -> ++ | G74: ='5조'!G$9 -> 짧은 제어 주기와 즉각적인 피드백을 목표로 하므로 실시간 응답 성능에 매우 유리하다.
A75: 6조 | B75: ='6조'!B$9 -> ++ | C75: ='6조'!C$9 -> 실행 흐름이 예측 가능하고 단계별로 중간 결과를 검증(Gate/Validation)하여 오류가 있을 경우 다음 단계로의 전파를 사전에 차단할 수 있음. 외부 연동(Outbound)이 마지막에 집중되어 통제가 수월함. | D75: ='6조'!D$9 -> 0 | E75: ='6조'!E$9 -> Filter별 Validation 및 오류 격리가 가능하지만 잘못된 데이터가 Pipeline을 따라 전파될 수 있음 | F75: ='6조'!F$9 -> ++ | G75: ='6조'!G$9 -> 상태 감시와 제한 조건 설정으로 위험한 동작 방지 가능함
A76: 7조 | B76: ='7조'!B$9 | C76: ='7조'!C$9 -> 7조 - Batch Sequential - Safety | D76: ='7조'!D$9 | E76: ='7조'!E$9 -> 7조 - Pipe and Filter - Safety | F76: ='7조'!F$9 | G76: ='7조'!G$9 -> 7조 - Process Control - Safety
A77: 8조 | B77: ='8조'!B$9 | C77: ='8조'!C$9 -> 8조 - Batch Sequential - Safety | D77: ='8조'!D$9 | E77: ='8조'!E$9 -> 8조 - Pipe and Filter - Safety | F77: ='8조'!F$9 | G77: ='8조'!G$9 -> 8조 - Process Control - Safety
A78: 9조 | B78: ='9조'!B$9 | C78: ='9조'!C$9 -> 9조 - Batch Sequential - Safety | D78: ='9조'!D$9 | E78: ='9조'!E$9 -> 9조 - Pipe and Filter - Safety | F78: ='9조'!F$9 | G78: ='9조'!G$9 -> 9조 - Process Control - Safety
A80: Security | B80: ='Detailed Reasoning'!B$10 | C80: ='Detailed Reasoning'!C$10 | D80: ='Detailed Reasoning'!D$10 | E80: ='Detailed Reasoning'!E$10 | F80: ='Detailed Reasoning'!F$10 | G80: ='Detailed Reasoning'!G$10
A81: 1조 | B81: ='1조'!B$10 -> 0 | C81: ='1조'!C10 -> [+] 순차성: 같은 처리 흐름에서 여러 단계가 동시에 공유 상태를 변경하는 상황을 줄여, 동시 실행의 경쟁 상태에 따른 보안 위험을 줄일 수 있다. [-] 강한 데이터 의존: 한 단계의 출력이 변조되어도 후속 단계가 이를 그대로 사용하면, 침해의 영향이 전체 처리 결과까지 전파될 수 있다. | D81: ='1조'!D$10 -> 0 | E81: ='1조'!E10 -> [+] 통제 경계의 식별: 필터별 책임과 입출력 경계가 구분되어 있어, 접근 통제나 입력 검증을 적용할 지점을 특정하기 쉽다. 실제 보안 효과는 해당 기능을 구현했을 때 발생한다. [-] 보호 대상의 증가: 필터가 여러 실행 단위나 장비로 분리된 구성에서는 보호해야 하는 인터페이스와 데이터 전달 경로가 늘어나 보안 설정·검토 부담이 커진다. [N/A] 구체적인 보호 수준: 기본 스타일만으로 샌드박싱·암호화·인증이 제공되지는 않는다. 실제 통신 환경과 보안 통제가 제시되지 않았으므로 보안 수준의 향상 또는 저하가 우세하다고 확정하기 어렵다. | F81: ='1조'!F$10 -> -- | G81: ='1조'!G10 -> [--] 핵심 요소 침해의 영향: 공격으로 제어부나 처리부가 조작되면 목표 상태를 유지하는 전체 제어 동작이 무너질 수 있다.
A82: 2조 | B82: ='2조'!B$10 -> + | C82: ='2조'!C$10 -> 외부 노출 인터페이스가 없는 폐쇄적·정적 환경에서 배치 실행되므로 공격 표면(Attack Surface)이 최소화됨. 파일 시스템 수준의 접근 제어와 감사가 단순함. | D82: ='2조'!D$10 -> 0 | E82: ='2조'!E$10 -> Filter 사이가 단순한 데이터 흐름이라 특별히 강해지지도 약해지지도 않는다 | F82: ='2조'!F$10 -> -- | G82: ='2조'!G$10 -> 제어 유닛에 대한 사이버 공격이 시스템 전체를 무너뜨릴 수 있다고 교안이 명시한다
A83: 3조 | B83: ='3조'!B$10 -> 0 | C83: ='3조'!C$10 -> Batch Sequential은 file 기반 단계 경계를 만들 수 있지만, 인증·인가·암호화 같은 보안 기능을 스타일 자체가 제공하지는 않는다. 중간 file 보호를 별도로 설계해야 하므로 직접 효과는 0이다. | D83: ='3조'!D$10 -> - | E83: ='3조'!E$10 -> 데이터 이동 경로(Pipe)가 다수 노출되어 도청 및 데이터 변조 위험이 증가하며, 각 필터마다 보안 통제를 개별 적용해야 하므로 공격 표면이 넓어집니다. | F83: ='3조'!F$10 -> -- | G83: ='3조'!G$10 -> Process Control은 센서값·제어명령·Controller가 공격받으면 전체 제어 결과가 무너질 수 있다고 자료에 제시된다. cyber attack이 제어 시스템 전체를 무너뜨릴 수 있으므로 security에는 강하게 불리하다.
A84: 4조 | B84: ='4조'!B$10 -> + | C84: ='4조'!C$10 -> 단계별 접근통제를 적용하기 쉽다. | D84: ='4조'!D$10 -> 0 | E84: ='4조'!E$10 -> 인증·검증·필터링 단계를 별도로 추가할 수 있다는 장점이 있지만, Filter와 Pipe가 많아질수록 데이터 전달 구간과 공격 지점도 늘어날 수 있다. | F84: ='4조'!F$10 -> - | G84: ='4조'!G$10 -> 센서값이나 제어 명령이 공격자에게 조작되면 실제 장비의 동작까지 영향을 받을 수 있다. 센서·네트워크·액추에이터 등 보호해야 할 지점도 많다.
A85: 5조 | B85: ='5조'!B$10 -> 0 | C85: ='5조'!C$10 -> 병렬로 동작하는 시스템 대비 공격받기 쉬운 구조이나, 영향성이 크진 않음 | D85: ='5조'!D$10 -> 0 | E85: ='5조'!E$10 -> 필터별 보안 검증을 분리해 적용할 수 있다는 장점은 있지만, 다수의 데이터 전달 경로가 추가적인 공격면이 될 수 있음 | F85: ='5조'!F$10 -> - | G85: ='5조'!G$10 -> 공격받으면 전체적인 제어에 직접 영향을 준다.
A86: 6조 | B86: ='6조'!B$10 -> - | C86: ='6조'!C$10 -> 단계별/시퀀스별 권한 분리 및 감사 추적은 유리하지만, 단계 간 주고받는 중간 저장 파일(디스크/스토리지)이 공격에 노출되거나 탈취·변조될 위험(공격 표면 증가)이 상대적으로 큼. | D86: ='6조'!D$10 -> 0 | E86: ='6조'!E$10 -> Filter별 접근통제 및 데이터 보호 가능하지만 Pipe 구간과 중간 데이터 보호 필요 | F86: ='6조'!F$10 -> - | G86: ='6조'!G$10 -> Processing Unit, Control Unit으로의 보안 공격으로 시스템 전체가 위험해질 수 있음
A87: 7조 | B87: ='7조'!B$10 | C87: ='7조'!C$10 -> 7조 - Batch Sequential - Security | D87: ='7조'!D$10 | E87: ='7조'!E$10 -> 7조 - Pipe and Filter - Security | F87: ='7조'!F$10 | G87: ='7조'!G$10 -> 7조 - Process Control - Security
A88: 8조 | B88: ='8조'!B$10 | C88: ='8조'!C$10 -> 8조 - Batch Sequential - Security | D88: ='8조'!D$10 | E88: ='8조'!E$10 -> 8조 - Pipe and Filter - Security | F88: ='8조'!F$10 | G88: ='8조'!G$10 -> 8조 - Process Control - Security
A89: 9조 | B89: ='9조'!B$10 | C89: ='9조'!C$10 -> 9조 - Batch Sequential - Security | D89: ='9조'!D$10 | E89: ='9조'!E$10 -> 9조 - Pipe and Filter - Security | F89: ='9조'!F$10 | G89: ='9조'!G$10 -> 9조 - Process Control - Security
A91: Testability | B91: ='Detailed Reasoning'!B$11 | C91: ='Detailed Reasoning'!C$11 | D91: ='Detailed Reasoning'!D$11 | E91: ='Detailed Reasoning'!E$11 | F91: ='Detailed Reasoning'!F$11 | G91: ='Detailed Reasoning'!G$11
A92: 1조 | B92: ='1조'!B$11 -> + | C92: ='1조'!C11 -> [++] 순차적 실행의 재현성: 입력과 초기 상태를 동일하게 준비하면 정해진 단계 순서를 따라 실행되므로, 동시 실행 구조에 비해 결함을 재현하고 실행 경로를 추적하기 쉽다. [+] 단계별 검증: 각 단계의 입력과 출력을 기준으로 동작을 검증할 수 있어, 최종 결과에 오류가 있을 때 어느 단계에서 잘못되었는지 좁혀 가기 쉽다. | D92: ='1조'!D$11 -> + | E92: ='1조'!E11 -> [++] 독립 필터 시험: 정해진 입력을 필터에 제공하고 실제 출력을 기대 결과와 비교할 수 있어, 다른 필터의 구체 구현과 분리하여 변환 기능을 시험하기 쉽다. [-] 시간 의존 결함의 재현: 데이터 도착 시점과 필터별 실행 속도에 따라 발생하는 결함은 동일한 실행 조건을 다시 만들기 어려울 수 있다. [-] 전체 흐름의 통합 시험: 여러 필터의 상태와 전달 중인 데이터를 함께 고려해야 하므로, 전체 처리 경로의 시험 준비와 결함 추적은 개별 필터 시험보다 복잡하다. | F92: ='1조'!F$11 -> - | G92: ='1조'!G11 -> [-] 피드백 상태의 재현 — 해석: 이전 출력이 다음 입력과 제어 판단에 영향을 주므로, 결함을 재현하려면 초기 상태뿐 아니라 이전 제어 동작과 측정 흐름도 맞춰야 한다.
A93: 2조 | B93: ='2조'!B$11 -> ++ | C93: ='2조'!C$11 -> 각 단계가 입력과 출력이 분명한 독립 단위라 단계별로 따로 시험하기 쉽다 | D93: ='2조'!D$11 -> + | E93: ='2조'!E$11 -> Filter 는 상태를 공유하지 않고 입력→출력만 있으므로 하나씩 떼어 시험하기 쉽지만, 동시성 환경에서의 타이밍/버퍼 통합 테스트는 복잡성 증가한다. | F93: ='2조'!F$11 -> -- | G93: ='2조'!G$11 -> 외부 환경과 시간에 따라 거동이 달라져 같은 조건을 재현하기 어렵다. 설계도 복잡하다
A94: 3조 | B94: ='3조'!B$11 -> + | C94: ='3조'!C$11 -> Batch Sequential은 입력 file과 출력 file이 단계별로 남고 실행 순서가 결정적이다. 각 program을 고정된 입력과 기대 출력으로 테스트할 수 있어 testability가 높다. | D94: ='3조'!D$11 -> + | E94: ='3조'!E$11 -> Pipe and Filter는 Filter가 독립 component이고 각 Filter의 input/output port가 명확하다. Filter 단위 테스트와 mock Pipe 구성이 쉬워 testability에 유리하다. | F94: ='3조'!F$11 -> - | G94: ='3조'!G$11 -> Process Control은 시간, 상태, feedback loop, 외부 disturbance가 함께 작용한다. 단일 입력-출력 테스트보다 동적 시나리오와 안정성 검증이 필요하므로 testability에 불리하다.
A95: 4조 | B95: ='4조'!B$11 -> ++ | C95: ='4조'!C$11 -> 각 단계에 정해진 입력을 넣고 출력을 확인할 수 있어 단위 테스트와 단계별 검증이 매우 쉽다. 중간 결과도 확인할 수 있어 오류 위치 추적도 쉽다. | D95: ='4조'!D$11 -> ++ | E95: ='4조'!E$11 -> 각 Filter에 독립적으로 입력을 넣고 출력을 확인할 수 있어 단위 테스트가 매우 쉽다. Pipe별 중간 데이터도 확인할 수 있다. | F95: ='4조'!F$11 -> - | G95: ='4조'!G$11 -> 센서값, 시간, 환경 변화, Actuator의 실제 반응까지 함께 테스트해야 해서 단순한 입력-출력 테스트가 어렵다. 실제 장비나 시뮬레이터가 필요한 경우도 많다.
A96: 5조 | B96: ='5조'!B$11 -> ++ | C96: ='5조'!C$11 -> 각 컴포넌트의 역할이 매우 잘 정의되어 있으므로 Test하기에도 용이 | D96: ='5조'!D$11 -> ++ | E96: ='5조'!E$11 -> 각 필터별 독립 테스트 용이 | F96: ='5조'!F$11 -> - | G96: ='5조'!G$11 -> 물리적인 테스트 환경이 필요하여 테스트하기 어렵다.
A97: 6조 | B97: ='6조'!B$11 -> ++ | C97: ='6조'!C$11 -> 각 컴포넌트의 입력과 출력이 명확한 파일/데이터셋 형태로 규격화되어 있어, 전체 시스템을 구동하지 않고도 독립적인 단위 테스트(Mock/Sample 입력 검증) 및 결과 재현이 매우 쉬움. | D97: ='6조'!D$11 -> + | E97: ='6조'!E$11 -> 표준 입출력을 가지므로 특정 필터만 떼어내어 Mock 데이터로 단위 테스트(Unit Test)를 수행하기가 쉬우나 비동기/동기가 섞여있으므로 전체 파이프라인 레이스 조건/타임아웃 테스트는 재현이 어려움 | F97: ='6조'!F$11 -> 0 | G97: ='6조'!G$11 -> Processing Unit, Control Unit의 단위테스트는 용이하나, 실시간 피드백과 타이밍 의존성 때문에 전체 통합테스트는 쉽지 않음
A98: 7조 | B98: ='7조'!B$11 | C98: ='7조'!C$11 -> 7조 - Batch Sequential - Testability | D98: ='7조'!D$11 | E98: ='7조'!E$11 -> 7조 - Pipe and Filter - Testability | F98: ='7조'!F$11 | G98: ='7조'!G$11 -> 7조 - Process Control - Testability
A99: 8조 | B99: ='8조'!B$11 | C99: ='8조'!C$11 -> 8조 - Batch Sequential - Testability | D99: ='8조'!D$11 | E99: ='8조'!E$11 -> 8조 - Pipe and Filter - Testability | F99: ='8조'!F$11 | G99: ='8조'!G$11 -> 8조 - Process Control - Testability
A100: 9조 | B100: ='9조'!B$11 | C100: ='9조'!C$11 -> 9조 - Batch Sequential - Testability | D100: ='9조'!D$11 | E100: ='9조'!E$11 -> 9조 - Pipe and Filter - Testability | F100: ='9조'!F$11 | G100: ='9조'!G$11 -> 9조 - Process Control - Testability
A102: Usability | B102: ='Detailed Reasoning'!B$12 | C102: ='Detailed Reasoning'!C$12 | D102: ='Detailed Reasoning'!D$12 | E102: ='Detailed Reasoning'!E$12 | F102: ='Detailed Reasoning'!F$12 | G102: ='Detailed Reasoning'!G$12
A103: 1조 | B103: ='1조'!B$12 -> - | C103: ='1조'!C12 -> [--] 대화형 처리의 제약: 사용자 입력과 즉각적인 응답을 반복하는 작업에는 적합하지 않으므로, 사용자가 처리 도중 결과를 확인하면서 작업을 조정하기 어렵다. [-] 결과 대기: 사용자가 최종 결과를 필요로 하는 경우 전체 처리 단계가 완료될 때까지 기다려야 하므로, 작업 완료까지의 대기 부담이 커질 수 있다. | D103: ='1조'!D$12 -> - | E103: ='1조'!E12 -> [+] 부분 결과 활용 — 조건부: 부분 결과를 사용자에게 제공하고 활용할 수 있는 작업에서는 전체 데이터 처리가 끝나기 전에 결과를 전달하여 대기 부담을 줄일 수 있다. [-] 대화형 작업의 제약: 스트림의 단계별 변환을 중심으로 하므로, 사용자 입력에 따라 요청과 응답을 반복하고 처리 흐름을 조정하는 대화형 입출력에는 적합하지 않다. [N/A] 사용자 지원 기능: 점진적으로 데이터를 출력한다는 사실만으로 진행률 표시·취소·오류 안내가 제공되는 것은 아니므로, 이러한 사용자 지원 기능은 별도로 설계해야 한다. | F103: ='1조'!F$12 -> + | G103: ='1조'!G12 -> [+] 자동 조정에 따른 부담 감소 — 해석: 사용자가 원하는 목표값을 설정하고 시스템이 이를 자동으로 유지하는 사용 방식에서는, 사용자가 상태를 계속 확인하며 직접 조작해야 하는 부담을 줄일 수 있다.
A104: 2조 | B104: ='2조'!B$12 -> -- | C104: ='2조'!C$12 -> 대화형(interactive) 처리가 불가능하다 — 결과를 다 만들 때까지 사용자가 개입할 수 없다 | D104: ='2조'!D$12 -> - | E104: ='2조'!E$12 -> 단방향 데이터 스트림 처리에 특화되어 있어 양방향 사용자 인터랙션이나 실시간 이벤트-응답이 필수적인 대화형 UI 시스템 구현에는 적합하지 않음. | F104: ='2조'!F$12 -> 0 | G104: ='2조'!G$12 -> 사람이 직접 쓰는 화면이 아니라 목표값을 주고 맡기는 구조다 — 사용성 자체를 좌우하지 않는다
A105: 3조 | B105: ='3조'!B$12 -> -- | C105: ='3조'!C$12 -> 처리 도중 사용자와 상호작용하는 대화형(Interactive) 작업이 완전히 불가능하며, 작업 종료 시까지 시스템이 블로킹됩니다. | D105: ='3조'!D$12 -> - | E105: ='3조'!E$12 -> Pipe and Filter는 stream 처리에는 강하지만 자료에서 interactive I/O 처리에는 적합하지 않다고 제시된다. 사용자 interaction 중심 시스템보다는 내부 데이터 변환에 적합하므로 usability에는 불리하게 본다. | F105: ='3조'!F$12 -> 0 | G105: ='3조'!G$12 -> Process Control은 내부 자동 제어 구조이며 사용자 UI나 작업 흐름을 직접 개선하는 스타일은 아니다. 목표 상태 유지가 간접적으로 사용자 경험을 안정화할 수는 있지만 직접 효과는 제한적이다.
A106: 4조 | B106: ='4조'!B$12 -> -- | C106: ='4조'!C$12 -> 사용자 요청에 즉시 응답하는 구조가 아니라 전체 배치 처리를 기다려야 하므로 실시간·대화형 시스템에 매우 부적합하다. | D106: ='4조'!D$12 -> - | E106: ='4조'!E$12 -> 스트림 처리 지향이라 처리 도중 상호작용이나 사용자 피드백이 거의 불가능하다. | F106: ='4조'!F$12 -> 0 | G106: ='4조'!G$12 -> Process Control은 내부 제어 방식에 관한 구조라 사용자 인터페이스와 직접적인 관계는 크지 않다. 자동 제어로 편리해질 수 있지만 구조 자체가 Usability를 크게 결정하지는 않는다.
A107: 5조 | B107: ='5조'!B$12 -> -- | C107: ='5조'!C$12 -> interactive한 UI 구성이 불가능하고, 병렬적이지 않으므로 Performance가 종합적으로 나빠 UX도 좋지 않다. | D107: ='5조'!D$12 -> 0 | E107: ='5조'!E$12 -> 처리 성능이나 응답 속도를 통해 사용자 경험에 간접적인 영향을 줄 수는 있지만, Pipe and Filter 자체는 사용자 인터페이스나 조작 방식을 결정하지 않으므로 Usability에 대한 직접 영향은 중립적이다. | F107: ='5조'!F$12 -> + | G107: ='5조'!G$12 -> 자동으로 타겟에 가까워지므로 사용자가 원하는 작업을 쉽게 완수할 수 있다.
A108: 6조 | B108: ='6조'!B$12 -> 0 | C108: ='6조'!C$12 -> 사용자와의 실시간 상호작용(Interactive)이 없고 긴 대기 시간이 발생하여 최종 사용자 경험 측면에서는 불리함. 다만 순차적 실행 특성상 배치 진행 상태나 장애 단계 파악이 쉬워 시스템 운영자 관점의 사용성은 일부 충족됨. | D108: ='6조'!D$11 -> + | E108: ='6조'!E$12 -> 입력이나 변경 발생 시 밀리초~초 단위로 결과가 대시보드나 화면에 반영되므로 대기 시간이 없어 최상의 사용자 경험을 제공 | F108: ='5조'!F$12 -> + | G108: 즉각적으로 반응을 확인 할 수 있어서 최상의 사용자 경험을 제공한다
A109: 7조 | B109: ='7조'!B$12 | C109: ='7조'!C$12 -> 7조 - Batch Sequential - Usability | D109: ='7조'!D$12 | E109: ='7조'!E$12 -> 7조 - Pipe and Filter - Usability | F109: ='7조'!F$12 | G109: ='7조'!G$12 -> 7조 - Process Control - Usability
...

Sheet DC
A1: Data Centered | B1: Shared Repository | D1: Blackboard
B2: Effects | C2: Justification | D2: Effects | E2: Justification
A3: Availability | B3: ='Detailed Reasoning'!B16 | C3: ='Detailed Reasoning'!C16 | D3: ='Detailed Reasoning'!D16 | E3: ='Detailed Reasoning'!E16
A4: 1조 | B4: ='1조'!B$16 -> - | C4: ='1조'!C16 -> [+] 역할 분리: 클라이언트를 별도 실행 단위로 구성하면 장애 원인을 해당 클라이언트로 좁히고 개별적으로 복구할 수 있다. 다른 클라이언트가 반드시 함께 중단되어야 하는 구조는 아니다. [--] 저장소 의존: 공유 저장소가 중단되고 대체 저장소가 없다면, 이를 사용하는 모든 클라이언트의 데이터 접근이 막혀 관련 기능이 함께 중단될 수 있다. | D4: ='1조'!D$16 -> -- | E4: ='1조'!E16 -> [-] Controller와 Blackboard 간 의존성 때문에 부분 장애 시 전체가 일관되게 동작하기 어렵다. [--] 중앙 Blackboard 또는 Controller의 장애는 전체 추론 진행을 중단시킬 수 있다.
A5: 2조 | B5: ='2조'!B$16 -> -- | C5: ='2조'!C$16 -> 중앙의 Shared Data Store가 전체 시스템의 단일 장애점(SPOF)으로 작용하여, 저장소에 장애가 발생하면 이에 의존하는 모든 클라이언트의 서비스가 일시에 정지됨 | D5: ='2조'!D$16 -> -- | E5: ='2조'!E$16 -> Blackboard와 Controller가 공통 데이터·실행 선택의 중심이므로 이들의 고장은 전체 추론을 멈출 수 있다. Knowledge Source의 독립성만으로 중앙 장애를 견디지는 못한다. [설계 PDF p.62–67]
A6: 3조 | B6: ='3조'!B$16 -> -- | C6: ='3조'!C$16 -> 중앙 데이터 저장소가 명확한 단일 장애점(SPOF)가 되므로, 저장소가 고장나면 전체 component가 데이터를 읽고 쓸 수 없다 | D6: ='3조'!D$16 -> -- | E6: ='3조'!E$16 -> Blackboard/Controller가 KS 실행의 중심이므로, 이 부분이 멈추면 여러 KS 협업도 함께 중단된다.
A7: 4조 | B7: ='4조'!B$16 -> - | C7: ='4조'!C$16 -> 중앙 Repository에 장애가 발생하면 이를 사용하는 여러 컴포넌트가 동시에 영향을 받는다. 저장소가 Single Point of Failure가 되기 쉽다. | D7: ='4조'!D$16 -> - | E7: ='4조'!E$16 -> 중앙 Blackboard가 핵심 공유 지점이므로 Blackboard에 장애가 발생하면 여러 Knowledge Source가 동시에 영향을 받는다. 중앙 저장소 의존성이 크다.
A8: 5조 | B8: ='5조'!B$16 -> -- | C8: ='5조'!C$16 -> 공유 저장소 장애 시 의존하는 모든 Client에 영향 | D8: ='5조'!D$16 -> 0 | E8: ='5조'!E$16 -> 중앙 블랙보드와 컨트롤러가 다운되면 모든 KS가 동작을 멈추지만, KS의 다운은 전체 시스템에 영향을 미치지 않는다.
A9: 6조 | B9: ='6조'!B$16 -> - | C9: ='6조'!C$16 -> Repository에 문제가 생기면 모든 client의 동작이 마비된다. | D9: ='6조'!D$16 -> -- | E9: ='6조'!E$16 -> Orchestrator / Blackboard 마비 시에 모든 Knowledge Source 동작이 마비됨
A10: 7조 | B10: ='7조'!B$16 | C10: ='7조'!C$16 -> 7조 - Shared Respository - Availability | D10: ='7조'!D$16 | E10: ='7조'!E$16 -> 7조 - Blackboard - Availability
A11: 8조 | B11: ='8조'!B$16 | C11: ='8조'!C$16 -> 8조 - Shared Respository - Availability | D11: ='8조'!D$16 | E11: ='8조'!E$16 -> 8조 - Blackboard - Availability
A12: 9조 | B12: ='9조'!B$16 | C12: ='9조'!C$16 -> 9조 - Shared Respository - Availability | D12: ='9조'!D$16 | E12: ='9조'!E$16 -> 9조 - Blackboard - Availability
A14: Deployability | B14: ='Detailed Reasoning'!B17 | C14: ='Detailed Reasoning'!C17 | D14: ='Detailed Reasoning'!D17 | E14: ='Detailed Reasoning'!E17
A15: 1조 | B15: ='1조'!B$17 -> - | C15: ='1조'!C17 -> [+] 클라이언트별 교체: 공유 데이터 구조와 접근 계약이 유지되면, 별도 배포 단위인 클라이언트의 구현을 다른 클라이언트와 분리하여 교체하기 쉽다. [-] 공통 스키마 의존: 저장소의 자료구조가 바뀌면 이를 사용하는 클라이언트들의 호환성을 함께 확인하고 배포 시점을 조정해야 한다. | D15: ='1조'!D$17 -> 0 | E15: ='1조'!E17 -> [+] 지식원별 교체: 공유 데이터와 호출 계약이 유지되면, 별도 배포 단위인 KS의 내부 구현을 다른 KS와 분리하여 교체하기 쉽다. [-] 공통 자료구조 의존: Blackboard의 자료구조를 바꾸면 이를 사용하는 여러 KS의 버전과 호환성을 함께 조정해야 한다. | F15: Data client, KS는 비교적 독립 배포가 가능(+) Data store, Black bd의 스키마 변경은 시스템 전체의 재배포를 요구한다(--)
A16: 2조 | B16: ='2조'!B$17 -> - | C16: ='2조'!C$17 -> client 를 하나씩 따로 올릴 수 있다. 다만 저장소 스키마를 바꾸는 배포는 무겁다 | D16: ='2조'!D$17 -> + | E16: ='2조'!E$17 -> 개별 KS는 모듈화된 지식 단위이므로 독립적인 빌드 및 플러그인 형태의 개별 배포가 용이함. (단, 블랙보드 공통 데이터 구조 변경 시 예외)
A17: 3조 | B17: ='3조'!B$17 -> - | C17: ='3조'!C$17 -> client 기능은 따로 배포할 수 있지만, 중앙 데이터 저장소 구조 의존성은 높다 | D17: ='3조'!D$17 -> + | E17: ='3조'!E$17 -> KS는 직접 연결되지 않고 Blackboard를 통해 협력하므로 KS 단위 추가·교체는 비교적 쉽다. 단, Blackboard/Controller 변경은 영향이 크다.
A18: 4조 | B18: ='4조'!B$17 -> 0 | C18: ='4조'!C$17 -> 각 컴포넌트는 독립적으로 배포할 수 있지만, DB Schema나 Repository 구조가 변경되면 여러 컴포넌트를 함께 수정·배포해야 할 수 있다. | D18: ='4조'!D$17 -> 0 | E18: ='4조'!E$17 -> Knowledge Source는 비교적 독립적으로 추가·배포할 수 있지만, Blackboard의 데이터 표현 방식이나 제어 로직과의 호환성을 맞춰야 한다.
A19: 5조 | B19: ='5조'!B$17 -> - | C19: ='5조'!C$17 -> 스키마 변경 시 관련 Client의 배포 조율 필요 | D19: ='5조'!D$17 -> 0 | E19: ='5조'!E$17 -> KS는 쉽게 변경 가능하나, 중앙 블랙보드와 컨트롤러는 모든 KS와 맞물려있어 제한적이다.
A20: 6조 | B20: ='6조'!B$17 -> - | C20: ='6조'!C$17 -> 한 component의 변경이 시스템 전체에 영향을 미칠 수 있고 배포 용이성에 영향을 미친다. | D20: ='6조'!D$17 -> - | E20: ='6조'!E$17 -> 모든 Knowledge Source가 블랙보드/제어 컴포넌트에 강하게 결합
A21: 7조 | B21: ='7조'!B$17 | C21: ='7조'!C$17 -> 7조 - Shared Respository - Deployability | D21: ='7조'!D$17 | E21: ='7조'!E$17 -> 7조 - Blackboard - Deployability
A22: 8조 | B22: ='8조'!B$17 | C22: ='8조'!C$17 -> 8조 - Shared Respository - Deployability | D22: ='8조'!D$17 | E22: ='8조'!E$17 -> 8조 - Blackboard - Deployability
A23: 9조 | B23: ='9조'!B$17 | C23: ='9조'!C$17 -> 9조 - Shared Respository - Deployability | D23: ='9조'!D$17 | E23: ='9조'!E$17 -> 9조 - Blackboard - Deployability
A25: Integrability | B25: ='Detailed Reasoning'!B18 | C25: ='Detailed Reasoning'!C18 | D25: ='Detailed Reasoning'!D18 | E25: ='Detailed Reasoning'!E18
A26: 1조 | B26: ='1조'!B$18 -> + | C26: ='1조'!C18 -> [++] 공통 데이터 모델: 새로운 클라이언트가 공통 데이터 모델과 접근 계약을 따르면 기존 클라이언트 각각과 직접 연결하지 않고 시스템에 참여할 수 있다. [+] 클라이언트 재사용: 기존 클라이언트의 기능을 유지하면서 같은 데이터 구조를 사용하는 다른 구성에 재사용하기 쉽다. | D26: ='1조'!D$18 -> + | E26: ='1조'!E18 -> [+] 공통 데이터 기반 통합: 새로운 KS가 공통 데이터 모델에 맞게 결과를 읽고 쓰면, 다른 KS와 직접 연결하지 않고 협력에 참여할 수 있다. [+] 지식원 재사용: KS들이 서로 독립적이므로 기존 지식원을 재사용하거나 새로운 판단·처리 기능을 추가하기 쉽다. | F26: 공통) 데이터 스키마만 이해하면 빠르게 통합 가능(+) 반면, 스키마 변경이 전체 시스템에 영향을 미쳐 진화(확장) 시 통합 리스크가 큼(-) Blackboard의 경우 Controller와 KS 간의 의존성이 통합이 리스트가되기도함
A27: 2조 | B27: ='2조'!B$18 -> ++ | C27: ='2조'!C$18 -> 새 data client 나 data store 를 추가하기 쉽다(Scalability). 같은 저장소에 붙이기만 하면 된다 | D27: ='2조'!D$18 -> + | E27: ='2조'!E$18 -> 규칙 기반(Rule-based), 머신러닝(ML), 휴리스틱 등 이종의 추론 기법을 가진 서로 다른 엔진들을 독립된 KS 형태로 블랙보드에 유연하게 결합·통합할 수 있음.
A28: 3조 | B28: ='3조'!B$18 -> + | C28: ='3조'!C$18 -> Repository는 여러 data client가 동일한 중앙 data store와 공통 데이터 모델을 통해 연결된다. 새 client도 data access/procedure call 규약만 맞추면 기존 client와 직접 연결 없이 통합할 수 있다. | D28: ='3조'!D$18 -> + | E28: ='3조'!E$18 -> 새 알고리즘을 KS로 추가해 Blackboard를 읽고 쓰게 하면, 기존 KS와 직접 연결하지 않고도 통합할 수 있다.
A29: 4조 | B29: ='4조'!B$18 -> ++ | C29: ='4조'!C$18 -> 여러 컴포넌트가 동일한 저장소를 통해 데이터를 공유하므로 시스템 간 데이터 통합이 매우 쉽다. 공통 데이터 모델만 맞으면 새로운 컴포넌트도 데이터를 쉽게 활용할 수 있다. | D29: ='4조'!D$18 -> ++ | E29: ='4조'!E$18 -> 새 지식원은 블랙보드 상태에 반응하는 방식으로 통합되며, 다른 지식원에 대한 직접 의존이나 지식이 필요 없다.
A30: 5조 | B30: ='5조'!B$18 -> + | C30: ='5조'!C$18 -> 공통 스키마를 따르는 Client를 저장소에 연결하여 통합 가능 | D30: ='5조'!D$18 -> + | E30: ='5조'!E$18 -> 각각의 KS들이 중앙 블랙보드의 데이터만 바라보므로 중앙 블랙보드 형식만 맞추면 되어 통합하기 쉽다.
A31: 6조 | B31: ='6조'!B$18 -> + | C31: ='6조'!C$18 -> repository의 있는 그대로를 사용하는 client가 추가되는 것이 쉽기 때문에 통합 용이성은 좋다. | D31: ='6조'!D$18 -> + | E31: ='6조'!E$18 -> 외부 컴포넌트도 또다른 Knowledge Source로 추가하기 용이
A32: 7조 | B32: ='7조'!B$18 | C32: ='7조'!C$18 -> 7조 - Shared Respository - Integrability | D32: ='7조'!D$18 | E32: ='7조'!E$18 -> 7조 - Blackboard - Integrability
A33: 8조 | B33: ='8조'!B$18 | C33: ='8조'!C$18 -> 8조 - Shared Respository - Integrability | D33: ='8조'!D$18 | E33: ='8조'!E$18 -> 8조 - Blackboard - Integrability
A34: 9조 | B34: ='9조'!B$18 | C34: ='9조'!C$18 -> 9조 - Shared Respository - Integrability | D34: ='9조'!D$18 | E34: ='9조'!E$18 -> 9조 - Blackboard - Integrability
A36: Energy Efficiency | B36: ='Detailed Reasoning'!B$19 | C36: ='Detailed Reasoning'!C$19 | D36: ='Detailed Reasoning'!D$19 | E36: ='Detailed Reasoning'!E$19
A37: 1조 | B37: ='1조'!B$19 -> 0 | C37: ='1조'!C19 -> [+] 중간 데이터 교환 감소 — 해석: 클라이언트끼리 임시 데이터를 반복해서 전달하는 비용이 줄어들면, 그 전달에 필요한 연산·통신의 에너지 비용도 줄일 수 있다. [-] 실행 단위 유지 비용: 클라이언트와 저장소를 별도 프로세스 등으로 실행하면 각 실행 단위의 기본 자원과 저장소 접근 통신에 비용이 발생한다. | D37: ='1조'!D$19 -> 0 | E37: ='1조'!E19 -> [0]병렬적인 Knowledge Source 동작으로 효율을 얻을 수 있으나 Controller의 중재 오버헤드가 존재한다. | F37: 공통) 동시에 작업이 몰리는 경우 및 지속적인 데이터 모니터링으로 리소스의 소비가 이어지는 점을 고려 해야 한다. Shared Repo의 경우 클라이언트간 작업이 순차적으로 발생하는 경우가 많아 이점은 다소 긍정적이다
A38: 2조 | B38: ='2조'!B$19 -> + | C38: ='2조'!C$19 -> client 사이에 임시 데이터를 주고받는 overhead 가 줄어 중복 전송·중복 저장이 적다 | D38: ='2조'!D$19 -> - | E38: ='2조'!E$19 -> 가설이 수렴할 때까지 다수의 KS가 활성화되어 연산을 반복하고, Controller가 Blackboard를 상시 감시·평가(Loop)하므로 CPU 및 메모리 연산 자원 소모가 매우 큼.
A39: 3조 | B39: ='3조'!B$19 -> + | C39: ='3조'!C$19 -> 데이터가 중앙에 한 번만 저장되어 중복 복제 및 동기화 통신 비용이 발생하지 않으므로 자원 소비 효율이 우수합니다. | D39: ='3조'!D$19 -> - | E39: ='3조'!E$19 -> 상태 감시 loop, 반복 추론, 여러 가설 탐색이 계속 필요해 CPU·메모리 사용이 크게 늘 수 있다.
A40: 4조 | B40: ='4조'!B$19 -> 0 | C40: ='4조'!C$19 -> 데이터를 한곳에 집중시켜 중복 저장을 줄일 수 있지만, 모든 컴포넌트의 읽기·쓰기가 중앙 저장소에 집중되므로 DB 처리 비용도 커질 수 있다. | D40: ='4조'!D$19 -> -- | E40: ='4조'!E$19 -> 기회주의적 활성화 방식이라 많은 지식원이 블랙보드를 계속 살피며 중복 연산을 수행하고, 그 결과 상당수가 버려진다.
A41: 5조 | B41: ='5조'!B$19 -> + | C41: ='5조'!C$19 -> 중복 데이터 복제와 여러 저장소 운영을 줄여 자원 사용을 집중 | D41: ='5조'!D$19 -> - | E41: ='5조'!E$19 -> 컨트롤러가 지속적으로 블랙보드를 모니터링하고 KS를 제어하므로 오버헤드가 크다.
A42: 6조 | B42: ='6조'!B$19 -> + | C42: ='6조'!C$19 -> repository 하나를 공유하며 각 client가 독립적이기 때문에 낭비가 적어 에너지 효율성은 좋을 것 같다. | D42: ='6조'!D$19 -> - | E42: ='6조'!E$19 -> Orchestrator(Controller)의 모니터링 오버헤드로 인한 자원 소모
A43: 7조 | B43: ='7조'!B$19 | C43: ='7조'!C$19 -> 7조 - Shared Respository - Energy Efficiency | D43: ='7조'!D$19 | E43: ='7조'!E$19 -> 7조 - Blackboard - Energy Efficiency
A44: 8조 | B44: ='8조'!B$19 | C44: ='8조'!C$19 -> 8조 - Shared Respository - Energy Efficiency | D44: ='8조'!D$19 | E44: ='8조'!E$19 -> 8조 - Blackboard - Energy Efficiency
A45: 9조 | B45: ='9조'!B$19 | C45: ='9조'!C$19 -> 9조 - Shared Respository - Energy Efficiency | D45: ='9조'!D$19 | E45: ='9조'!E$19 -> 9조 - Blackboard - Energy Efficiency
A47: Modifiability | B47: ='Detailed Reasoning'!B$20 | C47: ='Detailed Reasoning'!C$20 | D47: ='Detailed Reasoning'!D$20 | E47: ='Detailed Reasoning'!E$20
A48: 1조 | B48: ='1조'!B$20 -> 0 | C48: ='1조'!C20 -> [++] 클라이언트 간 직접 의존 감소: 공유 데이터 계약이 유지되는 내부 기능 변경은 해당 클라이언트에 국소화할 수 있어 다른 클라이언트의 수정을 줄일 수 있다. [+] 구성요소 추가: 기존 클라이언트의 내부 구현을 수정하지 않고 새로운 데이터 처리 클라이언트를 추가하기 쉽다. [--] 공통 자료구조 변경: 저장소의 자료구조나 데이터 의미가 바뀌면 이에 의존하는 여러 클라이언트에 변경이 전파된다. 이 평가의 +는 공통 계약을 유지하는 클라이언트 기능 변경을 중심으로 한 판단이다. | D48: ='1조'!D$20 -> 0 | E48: ='1조'!E20 -> [-] 데이터 구조의 변경 전파: Blackboard의 자료구조나 가설 표현 방식이 바뀌면 이를 사용하는 여러 KS를 함께 수정해야 한다. [+] 데이터·실행 계약이 유지되면 특정 KS의 내부 알고리즘을 독립적으로 변경하기 쉽다. | F48: 공통 클라이언트, KS간 변경의 영향은 최소화 되지만 데이의 스키마 변경등은 모든 클라이언트에게 영향을 주는 점을 고려해보아야 합니다 블랙보드의 경우 Contrpller와 KS 간의 의존이 추가되는 점에도 수정용이성에는 문제 됩니다
A49: 2조 | B49: ='2조'!B$20 -> 0 | C49: ='2조'!C$20 -> 특정 client 의 기능을 바꾸기는 쉽지만, data store 의 자료구조를 바꾸면 의존하는 모든 client 가 영향을 받는다 | D49: ='2조'!D$20 -> + | E49: ='2조'!E$20 -> Knowledge Source가 서로 독립적이어서 개별 알고리즘의 추가·교체가 쉽다. 공통 데이터 구조나 Controller의 선택 정책 변경은 다른 구성 요소에도 영향을 준다. [설계 PDF p.62–67]
A50: 3조 | B50: ='3조'!B$20 -> 0 | C50: ='3조'!C$20 -> client 기능 변경에는 유리하지만, data store 구조 변경은 어렵다 | D50: ='3조'!D$20 -> + | E50: ='3조'!E$20 -> KS들이 독립적으로 동작하므로 특정 KS의 알고리즘 변경·교체가 다른 KS에 미치는 영향이 작다.
A51: 4조 | B51: ='4조'!B$20 -> 0 | C51: ='4조'!C$20 -> 컴포넌트끼리 분리되어 각자 독립적으로 바뀔 수 있지만, Repository의 데이터 구조나 Schema를 변경하면 이를 사용하는 여러 컴포넌트에 연쇄적인 변경이 발생할 수 있다. | D51: ='4조'!D$20 -> ++ | E51: ='4조'!E$20 -> 지식원들이 완전히 분리되어 있어 다른 지식원을 고치지 않고 추가·제거·교체할 수 있다.
A52: 5조 | B52: ='5조'!B$20 -> 0 | C52: ='5조'!C$20 -> 컴포넌트 추가에는 유리하지만, 공통 스키마 변경에는 불리하기에 0로 선택 | D52: ='5조'!D$20 -> + | E52: ='5조'!E$20 -> 각각의 KS들이 중앙 블랙보드의 데이터만 바라보므로 중앙 블랙보드 형식만 맞추면 되어 수정하기 쉽다.
A53: 6조 | B53: ='6조'!B$20 -> - | C53: ='6조'!C$20 -> deployability와 마찬가지로 한 component의 변경이 시스템 전체에 영향을 미칠 수 있음 | D53: ='6조'!D$20 -> + | E53: ='6조'!E$20 -> 인터페이스만 맞추면 Knowledge source 추가/제거 용이
A54: 7조 | B54: ='7조'!B$20 | C54: ='7조'!C$20 -> 7조 - Shared Respository - Modifiability | D54: ='7조'!D$20 | E54: ='7조'!E$20 -> 7조 - Blackboard - Modifiability
A55: 8조 | B55: ='8조'!B$20 | C55: ='8조'!C$20 -> 8조 - Shared Respository - Modifiability | D55: ='8조'!D$20 | E55: ='8조'!E$20 -> 8조 - Blackboard - Modifiability
A56: 9조 | B56: ='9조'!B$20 | C56: ='9조'!C$20 -> 9조 - Shared Respository - Modifiability | D56: ='9조'!D$20 | E56: ='9조'!E$20 -> 9조 - Blackboard - Modifiability
A58: Performance | B58: ='Detailed Reasoning'!B$21 | C58: ='Detailed Reasoning'!C$21 | D58: ='Detailed Reasoning'!D$21 | E58: ='Detailed Reasoning'!E$21
A59: 1조 | B59: ='1조'!B$21 -> - | C59: ='1조'!C21 -> [+] 동시 처리: 독립적인 클라이언트가 각자의 작업을 동시에 수행할 수 있어 처리량과 자원 활용에 유리하다. [-] 중앙 저장소 병목: 여러 클라이언트의 접근이 같은 저장소에 집중되므로, 저장소 처리 능력이나 동시 접근 조정이 전체 성능의 한계가 될 수 있다. | D59: ='1조'!D$21 -> - | E59: ='1조'!E21 -> [-] 중앙 접근·조정 비용 — 해석: 여러 KS의 데이터 접근이 Blackboard에 집중되고 Controller가 실행을 조정하므로, 저장소 접근과 제어 작업이 성능을 제한할 수 있다. | F59: 에너지 효율성과 선능은 서로 상반된 영향을 주는 것이 일반적 동시성은 자원의 소모를 증가시키는 요인 Shared Repo는 데이터를 등록하고 읽어가는 과정의 오버해드가 존재 한다. 이점은 클라이언트간 데이터 전송 오버해드를 제거한 장점을 상쇄하는 부분이다
A60: 2조 | B60: ='2조'!B$21 -> 0 | C60: ='2조'!C$21 -> 중앙에서 한 번에 읽어 좋을 때도 있으나, 접근이 몰리면 저장소가 병목이 되고 분산 시 전송 비용이 든다 | D60: ='2조'!D$21 -> 0 | E60: ='2조'!E$21 -> knowledge source 를 모두 병렬로 돌릴 수 있어 유리하지만, 언제 끝날지 정해지지 않아 응답 시간을 보장하기 어렵다
A61: 3조 | B61: ='3조'!B$21 -> + | C61: ='3조'!C$21 -> 중앙 저장소에 직접 접근하여 (단순한 접근 경로) 임시 데이터 전달 overhead가 적다 | D61: ='3조'!D$21 -> + | E61: ='3조'!E$21 -> 독립 KS를 병렬로 실행할 수 있어 추론 처리량을 높일 수 있다. 다만 Controller와 Blackboard 갱신 비용은 남는다.
A62: 4조 | B62: ='4조'!B$21 -> - | C62: ='4조'!C$21 -> 모든 컴포넌트가 중앙 저장소에 접근하기 때문에 요청이 많아지면 Repository가 병목이 될 수 있다. 네트워크·DB I/O 비용도 발생한다. | D62: ='4조'!D$21 -> - | E62: ='4조'!E$21 -> Blackboard에 대한 반복적인 읽기/쓰기와 여러 Knowledge Source의 추론 과정 때문에 오버헤드가 발생한다. 어떤 모듈을 실행할지 결정하는 Control 비용도 있다.
A63: 5조 | B63: ='5조'!B$21 -> - | C63: ='5조'!C$21 -> 공유 저장소에 동시 접근이 집중되면 병목 발생 가능 | D63: ='5조'!D$21 -> - | E63: ='5조'!E$21 -> 공유 상태 접근, 스케줄링 등 협업 오버헤드 때문에 단순 직접 호출보다 느리다.
A64: 6조 | B64: ='6조'!B$21 -> + | C64: ='6조'!C$21 -> component간의 호출 없이 repo와만 소통하기 때문에 성능에서 장점을 취할 수 있다. 하지만 repo가 병목인 상황이라면 좋지 않을 수 있다 | D64: ='6조'!D$21 -> -- | E64: ='6조'!E$21 -> 공유 자원 접근 경합 + 스케줄링 오버헤드로 병목 발생 가능
A65: 7조 | B65: ='7조'!B$21 | C65: ='7조'!C$21 -> 7조 - Shared Respository - Performance | D65: ='7조'!D$21 | E65: ='7조'!E$21 -> 7조 - Blackboard - Performance
A66: 8조 | B66: ='8조'!B$21 | C66: ='8조'!C$21 -> 8조 - Shared Respository - Performance | D66: ='8조'!D$21 | E66: ='8조'!E$21 -> 8조 - Blackboard - Performance
A67: 9조 | B67: ='9조'!B$21 | C67: ='9조'!C$21 -> 9조 - Shared Respository - Performance | D67: ='9조'!D$21 | E67: ='9조'!E$21 -> 9조 - Blackboard - Performance
A69: Safety | B69: ='Detailed Reasoning'!B$22 | C69: ='Detailed Reasoning'!C$22 | D69: ='Detailed Reasoning'!D$22 | E69: ='Detailed Reasoning'!E$22
A70: 1조 | B70: ='1조'!B$22 -> - | C70: ='1조'!C22 -> [-] 동시 갱신의 위험: 여러 클라이언트의 데이터 변경이 적절히 조정되지 않으면 실행 순서에 따른 상태 오류가 발생할 수 있어 안전 분석과 검증이 복잡해진다. | D70: ='1조'!D$22 -> 0 | E70: ='1조'!E22 -> [+] 책임 분리: 필터별 변환 책임이 구분되어 있어, 안전과 관련된 변환 로직의 검증 범위를 특정 필터로 좁히기 쉽다. [-] 동시 실행의 분석 부담: 필터들의 실행 시점과 데이터 도착 시점에 따라 나타나는 동작을 함께 검토해야 하므로, 순차 실행에 비해 안전 분석이 복잡해질 수 있다. | F70: 중앙 저장소가 단일 장애 지점은 보안성에서도 문제지만 안정성에서 문제가 됨 클라이언트,KS 가 잘못된 정보를 등록하는 경우 다른 요소들의 오동작을 유발 할 수 있음
A71: 2조 | B71: ='2조'!B$22 -> - | C71: ='2조'!C$22 -> 모든 것이 한 저장소에 걸려 있어, 그 데이터가 오염되면 피해가 시스템 전체로 번진다 | D71: ='2조'!D$22 -> - | E71: ='2조'!E$22 -> 근사해(approximate solution)만 기대되므로 결과가 항상 옳다고 보장할 수 없다
A72: 3조 | B72: ='3조'!B$22 -> 0 | C72: ='3조'!C$22 -> 단일 data 저장소로 상태 일관성을 관리하기 쉬워 안전 판단의 기준을 통일할 수 있지만, data store 오류가 전체 안전 상태 판단에 영향을 줄 수도 있다. | D72: ='3조'!D$22 -> 0 | E72: ='3조'!E$22 -> Blackboard는 복잡한 판단을 돕는 내부 협업 구조일 뿐, 위험 상태 차단·복구를 직접 제공하지는 않는다.
A73: 4조 | B73: ='4조'!B$22 -> + | C73: ='4조'!C$22 -> 중요한 데이터를 중앙에서 일관되게 관리하고 무결성 제약, 트랜잭션 등을 적용하기 쉬워 데이터 오류를 줄이는 데 유리하다. | D73: ='4조'!D$22 -> - | E73: ='4조'!E$22 -> 중간 결과를 중앙에서 확인하고 검증할 수 있다는 장점은 있지만, 잘못된 Knowledge Source가 잘못된 정보를 Blackboard에 기록하면 다른 모듈에도 영향을 줄 수 있다.
A74: 5조 | B74: ='5조'!B$22 -> 0 | C74: ='5조'!C$22 -> 데이터 집중 자체는 안전한 동작을 보장하지 않음 | D74: ='5조'!D$22 -> 0 | E74: ='5조'!E$22 -> 여러 지식 소스의 상호 검증은 도움이 되지만, 비결정적 추론/우선순위 충돌은 안전 검증을 어렵게 한다.
A75: 6조 | B75: ='6조'!B$22 -> -- | C75: ='6조'!C$22 -> repo의 오류가 전체 시스템에 영향을 미치고 데이터 유실 가능성이 있기 때문에 safety 측면에서 안좋을 것 같음 | D75: ='6조'!D$22 -> - | E75: ='6조'!E$22 -> Orchestrator / Blackboard의 fault가 시스템 전체 fault로 이어지기 쉽다.
A76: 7조 | B76: ='7조'!B$22 | C76: ='7조'!C$22 -> 7조 - Shared Respository - Safety | D76: ='7조'!D$22 | E76: ='7조'!E$22 -> 7조 - Blackboard - Safety
A77: 8조 | B77: ='8조'!B$22 | C77: ='8조'!C$22 -> 8조 - Shared Respository - Safety | D77: ='8조'!D$22 | E77: ='8조'!E$22 -> 8조 - Blackboard - Safety
A78: 9조 | B78: ='9조'!B$22 | C78: ='9조'!C$22 -> 9조 - Shared Respository - Safety | D78: ='9조'!D$22 | E78: ='9조'!E$22 -> 9조 - Blackboard - Safety
A80: Security | B80: ='Detailed Reasoning'!B$23 | C80: ='Detailed Reasoning'!C$23 | D80: ='Detailed Reasoning'!D$23 | E80: ='Detailed Reasoning'!E$23
A81: 1조 | B81: ='1조'!B$23 -> -- | C81: ='1조'!C23 -> [--] 공격 대상 집중: 공유 저장소가 명확한 공격 지점이 되며, 침해되면 여러 클라이언트가 사용하는 데이터가 함께 노출되거나 변조될 수 있다. [-] 침해 영향의 공유 — 해석: 침해된 클라이언트가 공유 데이터를 변경할 권한까지 가지고 있다면, 다른 클라이언트의 동작에도 영향을 줄 수 있다. | D81: ='1조'!D$23 -> - | E81: ='1조'!E23 -> [-] 보호 대상의 증가: 필터가 여러 실행 단위나 장비에 분산된 구성에서는 보호해야 하는 실행 지점과 데이터 전달 경로가 증가하여 보안 검토·설정 부담이 커진다. [-] 다수의 Knowledge Source가 공용 Blackboard에 접근하므로 접근 통제 지점이 늘어나 보안 관리가 어렵다. | F81: Data Store, Black Bd의 데이터가 모든 Data client, KS에 공개되어 있으므로, 보안에 취약함 Data Store, Black Bd에 대한 공격은 전체 시스템의 보안에 치명적인 영향을 미친다
A82: 2조 | B82: ='2조'!B$23 -> - | C82: ='2조'!C$23 -> 중앙 저장소 한 곳에 인증, 인가(ACL), 암호화, 감사 로그를 집중 적용하기 용이하나(+), 침해 시 전체 데이터가 일시에 유출되는 명확한 단일 표적(Target)이 됨(-). | D82: ='2조'!D$23 -> -- | E82: ='2조'!E$23 -> 중앙 Blackboard 가 공격 지점이 되고, 모든 knowledge source 가 같은 데이터를 본다
A83: 3조 | B83: ='3조'!B$23 -> - | C83: ='3조'!C$23 -> 데이터가 집중되어 있어 명확한 공격 포인트가 있음 | D83: ='3조'!D$23 -> -- | E83: ='3조'!E$23 -> 공유 Blackboard가 공격되면 KS들이 사용하는 가설과 결과가 함께 오염될 수 있어 보안에는 크게 불리하다.
A84: 4조 | B84: ='4조'!B$23 -> + | C84: ='4조'!C$23 -> 접근 권한, 인증, 감사 로그 등을 중앙 Repository에서 일관되게 적용할 수 있다. 다만 Repository가 침해되면 영향 범위가 매우 크다는 단점도 있다. | D84: ='4조'!D$23 -> - | E84: ='4조'!E$23 -> 여러 Knowledge Source가 하나의 Blackboard에 접근하므로 접근 지점과 권한 관리가 복잡하다. Blackboard가 침해되면 공유되는 지식 전체에 영향을 줄 수 있다.
A85: 5조 | B85: ='5조'!B$23 -> 0 | C85: ='5조'!C$23 -> Store와 Client에 따라 중요도가 달라질 수 있음 | D85: ='5조'!D$23 -> 0 | E85: ='5조'!E$23 -> 많은 KS가 공용 블랙보드 하나에 의존하므로 위험 지점이 하나여서 크다고 할 수도 있고, 작다고 할 수도 있다.
A86: 6조 | B86: ='6조'!B$23 -> - | C86: ='6조'!C$23 -> repository의 수정이 여러 client에 의해 가능하다는 점에서 보안 측면에서 안좋을 것 같음(권한 관리 문제 등) | D86: ='6조'!D$23 -> -- | E86: ='6조'!E$23 -> Orchestrator / Blackboard가 공격당할 경우 시스템 전체를 마비시키기 쉽다.
A87: 7조 | B87: ='7조'!B$23 | C87: ='7조'!C$23 -> 7조 - Shared Respository - Security | D87: ='7조'!D$23 | E87: ='7조'!E$23 -> 7조 - Blackboard - Security
A88: 8조 | B88: ='8조'!B$23 | C88: ='8조'!C$23 -> 8조 - Shared Respository - Security | D88: ='8조'!D$23 | E88: ='8조'!E$23 -> 8조 - Blackboard - Security
A89: 9조 | B89: ='9조'!B$23 | C89: ='9조'!C$23 -> 9조 - Shared Respository - Security | D89: ='9조'!D$23 | E89: ='9조'!E$23 -> 9조 - Blackboard - Security
A91: Testability | B91: ='Detailed Reasoning'!B$24 | C91: ='Detailed Reasoning'!C$24 | D91: ='Detailed Reasoning'!D$24 | E91: ='Detailed Reasoning'!E$24
A92: 1조 | B92: ='1조'!B$24 -> + | C92: ='1조'!C24 -> [+] 클라이언트별 시험: 특정 클라이언트에 필요한 저장소 상태를 준비하고 수행 결과를 확인하여, 해당 클라이언트의 기능을 구분해서 시험하기 쉽다. [-] 동시 접근에 따른 재현 부담: 여러 클라이언트가 공유 데이터를 동시에 변경하는 결함은 실행 순서와 시점을 함께 재현해야 하므로 통합 시험이 어려워질 수 있다. | D92: ='1조'!D$24 -> -- | E92: ='1조'!E24 -> [--]Knowledge Source들이 부분적(partial)으로 동작하고 Controller 구현이 어려워 결정적인 테스트 시나리오를 만들기 어렵다. | F92: 동시성과 중간 매개체 역할을 하는 데이터,블랙보드가 존재하여 통합 테스트가 복잡해진다 Black Bd의 경우 통합 동작의 재현이 어렵다는 문제도 검토해야 함
A93: 2조 | B93: ='2조'!B$24 -> - | C93: ='2조'!C$24 -> client 가 공유 상태에 의존해, 시험할 때마다 저장소 상태를 만들어 줘야 하고 서로 간섭한다 | D93: ='2조'!D$24 -> -- | E93: ='2조'!E$24 -> KS의 실행 순서와 활성화가 런타임 블랙보드 상태와 Controller 정책에 따라 동적으로 달라지므로, 동일한 결함 시나리오를 재현하고 디버깅하기가 극히 어려움 (교안 72쪽).
A94: 3조 | B94: ='3조'!B$24 -> + | C94: ='3조'!C$24 -> 시스템의 전체 상태가 중앙 저장소 하나에 모여 있으므로, 테스트 시나리오를 위한 상태 셋업(Setup)과 결과 상태 단언(Assert)이 직관적입니다. | D94: ='3조'!D$24 -> -- | E94: ='3조'!E$24 -> Controller가 상태에 따라 KS를 반복 선택하고 가설이 계속 바뀌므로 실행 경로 재현과 검증이 어렵다.
A95: 4조 | B95: ='4조'!B$24 -> 0 | C95: ='4조'!C$24 -> 공통 데이터 상태를 기준으로 테스트하기는 쉽지만, 여러 컴포넌트가 같은 Repository를 사용하면 테스트 간 데이터 간섭이 생길 수 있고 DB 환경을 별도로 구성해야 할 수 있다. | D95: ='4조'!D$24 -> -- | E95: ='4조'!E$24 -> 결과가 활성화 순서와 누적된 부분해에 의존하므로 테스트에서 동작을 결정적으로 재현하기 매우 어렵다.
A96: 5조 | B96: ='5조'!B$24 -> - | C96: ='5조'!C$24 -> 공유 상태로 인해 Client 시험 간 간섭 발생 가능 | D96: ='5조'!D$24 -> -- | E96: ='5조'!E$24 -> 여러 지식 소스의 실행 순서와 공유 상태에 따라 결과가 달라질 수 있어 재현 및 테스트가 어렵다.
A97: 6조 | B97: ='6조'!B$24 -> - | C97: ='6조'!C$24 -> 각 client의 테스트 시 repository가 포함되어야 하기 때문에 test가 어려움 | D97: ='6조'!D$24 -> - | E97: ='6조'!E$24 -> 답이 정해져 있지 않기 때문에 단위 테스트 만들기가 난해
A98: 7조 | B98: ='7조'!B$24 | C98: ='7조'!C$24 -> 7조 - Shared Respository - Testability | D98: ='7조'!D$24 | E98: ='7조'!E$24 -> 7조 - Blackboard - Testability
A99: 8조 | B99: ='8조'!B$24 | C99: ='8조'!C$24 -> 8조 - Shared Respository - Testability | D99: ='8조'!D$24 | E99: ='8조'!E$24 -> 8조 - Blackboard - Testability
A100: 9조 | B100: ='9조'!B$24 | C100: ='9조'!C$24 -> 9조 - Shared Respository - Testability | D100: ='9조'!D$24 | E100: ='9조'!E$24 -> 9조 - Blackboard - Testability
A102: Usability | B102: ='Detailed Reasoning'!B$25 | C102: ='Detailed Reasoning'!C$25 | D102: ='Detailed Reasoning'!D$25 | E102: ='Detailed Reasoning'!E$25
A103: 1조 | B103: ='1조'!B$25 -> 0 | C103: ='1조'!C25 -> [+] 정보의 일관성: 여러 기능이 같은 데이터 원천을 기준으로 정보를 제공하므로, 사용자에게 기능마다 서로 다른 기준의 정보를 보여 주는 문제를 줄이는 데 유리하다. [N/A] 화면·조작 방식의 직접 영향: 공유 저장소 구조 자체는 화면 구성, 입력 절차, 도움말 등을 정의하지 않으므로 해당 사용성은 별도 사용자 인터페이스 설계에 따라 달라진다. | D103: ='1조'!D$25 -> 0 | E103: ='1조'!E25 -> [+] 점진적 결과 제공 — 조건부 해석: 부분 결과를 활용할 수 있는 사용자 작업에서는 전체 데이터의 처리가 끝나기 전에 결과를 전달할 수 있어 대기 부담을 줄일 수 있다. [-] 대화형 입출력의 제약: 데이터 스트림의 변환에 초점을 둔 구조이므로, 사용자 입력에 따라 요청과 응답을 반복하는 복잡한 대화형 작업에는 적합하지 않다. | F103: 사용자 상호 작용과는 관련된 부분이 없다 엔드유저의 입장에서 평가해야 함 데이터 접근 경로의 통일인 클ㄹ이넌트와 데이터 간의 동작문제는 개발자의 관심 영역임
A104: 2조 | B104: ='2조'!B$25 -> 0 | C104: ='2조'!C$25 -> 사용자 접점과 직접 관계가 없다 — 화면 구성은 이 스타일이 정하지 않는다 | D104: ='2조'!D$25 -> 0 | E104: ='2조'!E$25 -> 여러 Knowledge Source의 결과를 결합할 수 있지만 근사 결과와 완료 시점의 불확실성은 사용자 혼란을 줄 수 있다. 직접적인 UI 개선을 보장하지 않아 중립으로 평가한다. [설계 PDF p.62–67]
A105: 3조 | B105: ='3조'!B$25 -> + | C105: ='3조'!C$25 -> 모든 클라이언트가 일관된 최신 데이터를 조회하므로 데이터 정합성에 기반한 사용자 경험의 일관성이 보장됩니다. | D105: ='3조'!D$25 -> 0 | E105: ='3조'!E$25 -> Blackboard는 내부 추론 구조라 UI나 사용자 작업 흐름을 직접 개선하는 스타일은 아니다.
A106: 4조 | B106: ='4조'!B$25 -> 0 | C106: ='4조'!C$25 -> Shared Repository는 내부 데이터 관리 구조이므로 사용자의 UI나 사용 편의성에 직접적인 영향은 크지 않다. | D106: ='4조'!D$25 -> 0 | E106: ='4조'!E$25 -> Blackboard는 내부 문제 해결 구조이므로 사용자 인터페이스나 사용 편의성에 직접적인 영향은 크지 않다.
A107: 5조 | B107: ='5조'!B$25 -> 0 | C107: ='5조'!C$25 -> 데이터 공유 구조 자체는 사용자 조작 편의성을 결정하지 않음 | D107: ='5조'!D$25 -> 0 | E107: ='5조'!E$25 -> 내부 구조이므로 최종 사용자에 영향이 없다.
A108: 6조 | B108: ='6조'!B$25 -> + | C108: ='6조'!C$25 -> client가 원하는 동작을 repo 대상으로 그냥 하면 되기 때문에 사용성이 좋다 | D108: ='6조'!D$25 -> 0 | E108: ='6조'!E$25 -> 내부 구조 스타일이라 사용자 인터페이스와 무관
A109: 7조 | B109: ='7조'!B$25 | C109: ='7조'!C$25 -> 7조 - Shared Respository - Usability | D109: ='7조'!D$25 | E109: ='7조'!E$25 -> 7조 - Blackboard - Usability
...

Sheet II
A1: Implicit Invocation | B1: Non-Buffered Event Based | D1: Buffered Message Based
B2: Effects | C2: Justification | D2: Effects | E2: Justification
A3: Availability | B3: ='Detailed Reasoning'!B$29 | C3: ='Detailed Reasoning'!C$29 | D3: ='Detailed Reasoning'!D$29 | E3: ='Detailed Reasoning'!E$29
A4: 1조 | B4: ='1조'!B$29 -> + | C4: ='1조'!C29 -> [+] 송수신자 분리: Event Publisher와 Subscriber가 분리되어 특정 Subscriber의 장애가 Publisher나 다른 Subscriber에 직접 영향을 주지 않는다. [-] Event 유실: Subscriber가 장애 상태이거나 Event를 처리할 수 없는 경우 Buffer가 없기 때문에 Event가 유실될 수 있다. | D4: ='1조'!D$29 -> 0 | E4: ='1조'!E29 -> [+] 장애 격리: Producer와 Consumer가 분리되어 Consumer의 일시적인 장애가 Producer에 직접 영향을 주지 않는다. [+] 재처리 가능: 처리에 실패한 Message를 다시 처리하도록 구성할 수 있어 장애 복구에 유리하다. [-] Broker 장애: 중앙 Message Broker 자체에 장애가 발생하면 Message 전달에 영향을 줄 수 있다. | F4: Non-Buff의 강한 결합은 가용성의 문제점이 된다. Buff를 이용한 약한 결합은 장애 점파를 차단 하는 효과가 있다 이벤트 소스의 장애는 전체 시스템 동작에 문제가 된다. 특히 Non-Buff의 경우 치명적이다
A5: 2조 | B5: ='2조'!B$29 -> - | C5: ='2조'!C$29 -> listener 가 없거나 죽으면 그 event 는 처리되지 않고 사라진다 — 버퍼가 없어 되돌릴 수 없다 | D5: ='2조'!D$29 -> ++ | E5: ='2조'!E$29 -> producer 와 consumer 가 시간으로 분리되어(time independence) 한쪽이 멈춰도 message 가 buffer 에 남아 있다
A6: 3조 | B6: ='3조'!B$29 -> - | C6: ='3조'!C$29 -> Buffer 없이 Listener를 동기적으로 호출하므로 Listener의 장애나 지연이 Event 처리 흐름에 직접 영향을 미치며, Receiver 장애 시 Event를 저장하여 나중에 처리하는 기능도 제공하지 않는다. | D6: ='3조'!D$29 -> ++ | E6: ='3조'!E$29 -> producer와 consumer가 decouple 되어 동시에 살아 있지 않아도 되고, 메시지 신뢰성 설정도 가능하므로 Availiability에 유리함
A7: 4조 | B7: ='4조'!B$29 -> - | C7: ='4조'!C$29 -> 받는 기능이 멈춰 있으면 이벤트를 놓칠 수 있고, 복구 후 다시 전달하기 어렵다. | D7: ='4조'!D$29 -> ++ | E7: ='4조'!E$29 -> 큐가 송수신자를 시간적으로 분리해 소비자가 죽어도 메시지가 유실되지 않고 복구 후 처리가 이어진다. 대신 브로커 자체가 이중화가 필요한 핵심 요소가 된다.
A8: 5조 | B8: ='5조'!B$29 -> - | C8: ='5조'!C$29 -> 수신 측이 다운되어 있을 동안 발생한 이벤트가 손실될 가능성이 있다. | D8: ='5조'!D$29 -> ++ | E8: ='5조'!E$29 -> 수신 측이 다운되어 있더라도 메시지가 버퍼에 보존되기 때문에 이벤트 손실의 가능성이 적다.
A9: 6조 | B9: ='6조'!B$29 -> -- | C9: ='6조'!C$29 -> producer가 어느 한 custormer에 잡혀있을 경우 producer 가 블로킹된다. | D9: ='6조'!D$29 -> + | E9: ='6조'!E$29 -> 메시지가 버퍼에 저장되므로 Consumer가 일시적으로 중단되어도 복구 후 처리를 계속할 수 있다.
A10: 7조 | B10: ='7조'!B$29 | C10: ='7조'!C$29 -> 7조 - Non-Buffered Event Based - Availability | D10: ='7조'!D$29 | E10: ='7조'!E$29 -> 7조 - Buffered Message Based - Availability
A11: 8조 | B11: ='8조'!B$29 | C11: ='8조'!C$29 -> 8조 - Non-Buffered Event Based - Availability | D11: ='8조'!D$29 | E11: ='8조'!E$29 -> 8조 - Buffered Message Based - Availability
A12: 9조 | B12: ='9조'!B$29 | C12: ='9조'!C$29 -> 9조 - Non-Buffered Event Based - Availability | D12: ='9조'!D$29 | E12: ='9조'!E$29 -> 9조 - Buffered Message Based - Availability
A14: Deployability | B14: ='Detailed Reasoning'!B$30 | C14: ='Detailed Reasoning'!C$30 | D14: ='Detailed Reasoning'!D$30 | E14: ='Detailed Reasoning'!E$30
A15: 1조 | B15: ='1조'!B$30 -> + | C15: ='1조'!C30 -> [+] 컴포넌트 독립성: Publisher와 Subscriber가 직접 연결되지 않아 개별적으로 변경·배포하기 쉽다. [+] Subscriber 추가: 기존 Publisher를 변경하지 않고 새로운 Subscriber를 추가하여 배포할 수 있다. | D15: ='1조'!D$30 -> - | E15: ='1조'!E30 -> [+] 독립 배포: Producer와 Consumer가 Message Queue를 통해 분리되어 각각 독립적으로 배포하기 쉽다. [-] Broker 관리: Message Broker 자체에 대한 별도의 배포와 운영이 필요하다. | F15: Non-Buff 는 강한 결합이 단일 배포지점을 제공하는 장점이 있지만 이벤트-발생과 소비가 고정되어 확장의 제약이 됨 Buff 의 경우 런타임의 유연한 클라이언트 확장이 가능하다
A16: 2조 | B16: ='2조'!B$30 -> 0 | C16: ='2조'!C$30 -> 대개 단일 애플리케이션(UI 프레임워크, IDE 도구 등) 내부 모듈 단위로 빌드 및 패키징되므로 배포 용이성에 미치는 직접적 영향은 중립적임. | D16: ='2조'!D$30 -> ++ | E16: ='2조'!E$30 -> consumer 를 내렸다 올려도 그 사이 message 가 쌓여 있어 무중단 배포가 쉽다
A17: 3조 | B17: ='3조'!B$30 -> 0 | C17: ='3조'!C$30 -> Listener를 추가·교체하기는 쉽지만 일반적으로 Event Source와 Listener가 동일 프로세스/배포 단위에 포함되므로 독립 배포 효과는 제한적이다. | D17: ='3조'!D$30 -> ++ | E17: ='3조'!E$30 -> producer와 consumer가 decouple 되어, 각각 개별적으로 배포, 업그레이드가 가능하므로 deployability에 유리함
A18: 4조 | B18: ='4조'!B$30 -> 0 | C18: ='4조'!C$30 -> 기능을 분리하기는 좋지만, 각각 따로 배포할 수 있는지는 구현에 따라 다르다. | D18: ='4조'!D$30 -> ++ | E18: ='4조'!E$30 -> 버퍼가 다운타임을 흡수하므로 생산자와 소비자를 독립적으로 배포·재시작·롤백할 수 있다.
A19: 5조 | B19: ='5조'!B$30 -> + | C19: ='5조'!C$30 -> 이벤트 발행자와 구독자가 상호독립적이므로 개별 배포가 용이하다. | D19: ='5조'!D$30 -> ++ | E19: ='5조'!E$30 -> 이벤트 발행자와 이벤트 구독자가 상호독립적이므로 배포에 서로 영향 받지 않는다.
A20: 6조 | B20: ='6조'!B$30 -> + | C20: ='6조'!C$30 -> customer 확장이 자유롭다 | D20: ='6조'!D$30 -> ++ | E20: ='6조'!E$30 -> Producer와 Consumer를 독립적으로 배포·교체할 수 있다.
A21: 7조 | B21: ='7조'!B$30 | C21: ='7조'!C$30 -> 7조 - Non-Buffered Event Based - Deployability | D21: ='7조'!D$30 | E21: ='7조'!E$30 -> 7조 - Buffered Message Based - Deployability
A22: 8조 | B22: ='8조'!B$30 | C22: ='8조'!C$30 -> 8조 - Non-Buffered Event Based - Deployability | D22: ='8조'!D$30 | E22: ='8조'!E$30 -> 8조 - Buffered Message Based - Deployability
A23: 9조 | B23: ='9조'!B$30 | C23: ='9조'!C$30 -> 9조 - Non-Buffered Event Based - Deployability | D23: ='9조'!D$30 | E23: ='9조'!E$30 -> 9조 - Buffered Message Based - Deployability
A25: Integrability | B25: ='Detailed Reasoning'!B$31 | C25: ='Detailed Reasoning'!C$31 | D25: ='Detailed Reasoning'!D$31 | E25: ='Detailed Reasoning'!E$31
A26: 1조 | B26: ='1조'!B$31 -> ++ | C26: ='1조'!C31 -> [+] 낮은 결합도: Publisher는 Event를 누가 처리하는지 알 필요가 없어 새로운 Subscriber를 쉽게 통합할 수 있다. [+] 확장 용이: 기존 Publisher를 수정하지 않고 새로운 Event Subscriber를 추가할 수 있다. | D26: ='1조'!D$31 -> + | E26: ='1조'!E31 -> [+] 낮은 결합도: Producer와 Consumer가 Message를 통해 간접적으로 연결되어 새로운 시스템을 통합하기 쉽다. [+] 독립적 추가: 기존 Producer를 변경하지 않고 새로운 Consumer를 추가할 수 있다. | F26: Non-Buff는 강한 결합이 통합을 어렵게 한다 Buff는 메시지이 규격을 준수하여 유연한 확장이 가능하다
A27: 2조 | B27: ='2조'!B$31 -> + | C27: ='2조'!C$31 -> 기존 event listener 를 나머지 부분에 영향 없이 끼워 넣기 쉽고, Framework(Java AWT·Swing 등)가 풍부하다 | D27: ='2조'!D$31 -> ++ | E27: ='2조'!E$31 -> consumer 는 누가·어디서·언제 만들었는지 몰라도 된다(익명성) — 붙이는 비용이 가장 낮다
A28: 3조 | B28: ='3조'!B$31 -> + | C28: ='3조'!C$31 -> 표준 Event/Listener 인터페이스를 이용하면 기존 Event Source의 변경을 최소화하면서 새로운 Listener를 연결할 수 있어 컴포넌트 통합이 용이하다. | D28: ='3조'!D$31 -> ++ | E28: ='3조'!E$31 -> Queue가 poducer와 consumer를 중재하므로, 여러 이기종 consumer를 podcuer에 변경업이 통합 가능하다.
A29: 4조 | B29: ='4조'!B$31 -> + | C29: ='4조'!C$31 -> 같은 이벤트 규칙을 따르면 새로운 기능을 연결하기 쉽다. | D29: ='4조'!D$31 -> ++ | E29: ='4조'!E$31 -> 새 소비자가 생산자 변경 없이 기존 큐나 토픽에 붙을 수 있고, 이기종 시스템도 메시지 계약으로 통합된다.
A30: 5조 | B30: ='5조'!B$31 -> ++ | C30: ='5조'!C$31 -> 이벤트 발행의 수정 없이도 새로운 구독자를 추가적으로 등록하여 기능 통합에 용이하다. | D30: ='5조'!D$31 -> ++ | E30: ='5조'!E$31 -> 서로 다른 시스템일지라도 메시지 브로커의 프로토콜만 맞는다면 통합하기 용이하다.
A31: 6조 | B31: ='6조'!B$31 -> + | C31: ='6조'!C$31 -> customer 확장이 자유롭다 | D31: ='6조'!D$31 -> + | E31: ='6조'!E$31 -> producer/consumer가 서로의 신원을 몰라도 되는 익명성 덕분에 새로운 서비스를 붙이기 쉽다
A32: 7조 | B32: ='7조'!B$31 | C32: ='7조'!C$31 -> 7조 - Non-Buffered Event Based - Integrability | D32: ='7조'!D$31 | E32: ='7조'!E$31 -> 7조 - Buffered Message Based - Integrability
A33: 8조 | B33: ='8조'!B$31 | C33: ='8조'!C$31 -> 8조 - Non-Buffered Event Based - Integrability | D33: ='8조'!D$31 | E33: ='8조'!E$31 -> 8조 - Buffered Message Based - Integrability
A34: 9조 | B34: ='9조'!B$31 | C34: ='9조'!C$31 -> 9조 - Non-Buffered Event Based - Integrability | D34: ='9조'!D$31 | E34: ='9조'!E$31 -> 9조 - Buffered Message Based - Integrability
A36: Energy Efficiency | B36: ='Detailed Reasoning'!B$32 | C36: ='Detailed Reasoning'!C$32 | D36: ='Detailed Reasoning'!D$32 | E36: ='Detailed Reasoning'!E$32
A37: 1조 | B37: ='1조'!B$32 -> + | C37: ='1조'!C32 -> [+] Event 기반 실행: Event가 발생했을 때만 Subscriber가 동작하도록 구성할 수 있어 불필요한 Polling을 줄일 수 있다. [+] 저장 비용 없음: 별도의 Buffer에 Event를 저장하고 관리하는 자원이 필요하지 않다. | D37: ='1조'!D$32 -> + | E37: ='1조'!E32 -> [+] 비동기 처리: Consumer가 자신의 처리 능력에 맞게 Message를 가져가 처리하여 자원 사용을 조절할 수 있다. [-] Broker 운영: Message Broker를 지속적으로 운영하기 위한 추가적인 에너지가 필요하다. | F37: Non-Buff는 빈발한 이벤트 발생시 자원소비가 증가하게 된다(소스와 리스너가 거이 동시에 구동) Buff는 메시지를 구독하는 동시 구독자가 많아지면 문제가 되지만 일잠적으로 메시지별 구독자는 구분된다
A38: 2조 | B38: ='2조'!B$32 -> ++ | C38: ='2조'!C$32 -> 메시지 브로커 상시 구동, 디스크 큐 I/O, 패킷 전송 오버헤드가 전혀 없으므로 불필요한 시스템 자원 낭비가 없어 에너지 소비 관점에서 가장 우수함. | D38: ='2조'!D$32 -> - | E38: ='2조'!E$32 -> buffer 저장과 전달에 자원이 들고, 간접 호출 overhead 가 있다
A39: 3조 | B39: ='3조'!B$32 -> 0 | C39: ='3조'!C$32 -> Event 발생 시에만 Listener가 실행되어 polling을 줄일 수 있지만 indirect invocation의 추가 overhead도 존재하므로 Energy Efficiency에 대한 전반적인 영향은 구현에 따라 달라진다. | D39: ='3조'!D$32 -> - | E39: ='3조'!E$32 -> Queue 관리를 위해, 네트워크, 디스크 I/O 등 에너지를 추가적으로 사용하므로, energy efficiency에 불리하다.
A40: 4조 | B40: ='4조'!B$32 -> 0 | C40: ='4조'!C$32 -> 이벤트를 저장하는 비용은 없지만, 실제 전력 소모는 실행되는 작업량에 따라 달라진다. | D40: ='4조'!D$32 -> 0 | E40: ='4조'!E$32 -> 배치 처리와 부하 평준화로 자원 사용이 고르게 되어 과잉 프로비저닝을 피하지만, 메시지 영속화와 복제에 추가 저장·I/O 비용이 든다.
A41: 5조 | B41: ='5조'!B$32 -> 0 | C41: ='5조'!C$32 -> 메시지 저장·영속화에 따른 오버헤드는 적지만 이벤트가 발생할 때마다 즉시 처리되므로 Batch 처리나 자원 활성화 횟수 감소 등의 에너지 절감 효과는 보장되지 않아 전체적으로는 중립적이다. | D41: ='5조'!D$32 -> + | E41: ='5조'!E$32 -> 비동기 처리로 component가 항시 대기 필요없고, 메시지 queue도 일괄 처리 가능
A42: 6조 | B42: ='6조'!B$32 -> -- | C42: ='6조'!C$32 -> prooducer 동작 시 customer 가 통신을 받지 않는 이상은 이벤트가 낭비된다. | D42: ='6조'!D$32 -> - | E42: ='6조'!E$32 -> 메시지 저장과 전달, 직렬화·역직렬화, Broker 운영 및 재시도 처리에 추가적인 계산·저장·통신 자원이 필요하다.
A43: 7조 | B43: ='7조'!B$32 | C43: ='7조'!C$32 -> 7조 - Non-Buffered Event Based - Energy Efficiency | D43: ='7조'!D$32 | E43: ='7조'!E$32 -> 7조 - Buffered Message Based - Energy Efficiency
A44: 8조 | B44: ='8조'!B$32 | C44: ='8조'!C$32 -> 8조 - Non-Buffered Event Based - Energy Efficiency | D44: ='8조'!D$32 | E44: ='8조'!E$32 -> 8조 - Buffered Message Based - Energy Efficiency
A45: 9조 | B45: ='9조'!B$32 | C45: ='9조'!C$32 -> 9조 - Non-Buffered Event Based - Energy Efficiency | D45: ='9조'!D$32 | E45: ='9조'!E$32 -> 9조 - Buffered Message Based - Energy Efficiency
A47: Modifiability | B47: ='Detailed Reasoning'!B$33 | C47: ='Detailed Reasoning'!C$33 | D47: ='Detailed Reasoning'!D$33 | E47: ='Detailed Reasoning'!E$33
A48: 1조 | B48: ='1조'!B$33 -> ++ | C48: ='1조'!C33 -> [+] 낮은 결합도: Publisher가 Subscriber의 구현을 알 필요가 없어 Subscriber 변경이 Publisher에 미치는 영향이 작다. [+] 기능 추가: 새로운 Subscriber를 추가하여 기존 기능을 변경하지 않고 새로운 기능을 확장할 수 있다. | D48: ='1조'!D$33 -> + | E48: ='1조'!E33 -> [+] 낮은 결합도: Producer와 Consumer가 직접 의존하지 않아 각각 독립적으로 변경하기 쉽다. [+] Consumer 추가/교체: 동일 Message를 처리할 수 있는 Consumer를 쉽게 추가하거나 교체할 수 있다. [-] Message Schema 변경: 공통 Message 형식의 변경은 관련 Producer와 Consumer에 영향을 줄 수 있다. | F48: Non-Buff, Buff 모두 분리된 기능은 긍정적 요소. Non Buff의 고유 컨셉이 강한 결합인점을 고려해야함
A49: 2조 | B49: ='2조'!B$33 -> ++ | C49: ='2조'!C$33 -> event source 와 listener 를 각각 갱신하기 쉬워 유지보수와 진화가 쉽다 | D49: ='2조'!D$33 -> ++ | E49: ='2조'!E$33 -> producer 와 consumer 가 서로를 모르므로 한쪽을 바꿔도 다른 쪽에 영향이 없다
A50: 3조 | B50: ='3조'!B$33 -> ++ | C50: ='3조'!C$33 -> Event Source와 Listener가 Event 인터페이스를 통해 분리되고 Listener를 동적으로 등록·해제할 수 있어 기존 구조에 미치는 영향을 최소화하면서 기능을 추가·변경하기 쉽다. | D50: ='3조'!D$33 -> ++ | E50: ='3조'!E$33 -> 약한 결합을 바탕으로, producer와 consumer 별 수정이 용이하다.
A51: 4조 | B51: ='4조'!B$33 -> ++ | C51: ='4조'!C$33 -> 이벤트 규칙을 유지하면, 보내는 쪽을 크게 수정하지 않고 받는 기능을 추가하거나 바꾸기 쉽다. | D51: ='4조'!D$33 -> ++ | E51: ='4조'!E$33 -> 메시지 스키마만이 결합점이라 생산자와 소비자 내부는 자유롭게 바꿀 수 있다.
A52: 5조 | B52: ='5조'!B$33 -> ++ | C52: ='5조'!C$33 -> 이벤트 인터페이스가 유지되는 한 발행자와 소비자를 독립적으로 추가·수정·교체할 수 있어 변경 파급 범위가 작고 시스템 확장이 용이하다. | D52: ='5조'!D$33 -> ++ | E52: ='5조'!E$33 -> publisher와 subscriber가 서로에 영향을 주지 않는 구조이기 때문에 시스템 수정 및 확장이 용이하다.
A53: 6조 | B53: ='6조'!B$33 -> + | C53: ='6조'!C$33 -> producer및 customer 확장이 자유롭다 | D53: ='6조'!D$33 -> + | E53: ='6조'!E$33 -> Producer와 Consumer가 서로의 구현을 알지 않는 약한 결합 구조이므로 한쪽의 변경이 다른 쪽에 미치는 영향이 작다.
A54: 7조 | B54: ='7조'!B$33 | C54: ='7조'!C$33 -> 7조 - Non-Buffered Event Based - Modifiability | D54: ='7조'!D$33 | E54: ='7조'!E$33 -> 7조 - Buffered Message Based - Modifiability
A55: 8조 | B55: ='8조'!B$33 | C55: ='8조'!C$33 -> 8조 - Non-Buffered Event Based - Modifiability | D55: ='8조'!D$33 | E55: ='8조'!E$33 -> 8조 - Buffered Message Based - Modifiability
A56: 9조 | B56: ='9조'!B$33 | C56: ='9조'!C$33 -> 9조 - Non-Buffered Event Based - Modifiability | D56: ='9조'!D$33 | E56: ='9조'!E$33 -> 9조 - Buffered Message Based - Modifiability
A58: Performance | B58: ='Detailed Reasoning'!B$34 | C58: ='Detailed Reasoning'!C$34 | D58: ='Detailed Reasoning'!D$34 | E58: ='Detailed Reasoning'!E$34
A59: 1조 | B59: ='1조'!B$34 -> + | C59: ='1조'!C34 -> [+] 즉시 전달: Buffer에 저장하는 과정 없이 Event 발생 시 Subscriber에게 즉시 전달할 수 있어 응답시간이 짧다. [+] 비동기 처리: 여러 Subscriber가 Event를 독립적으로 처리하여 병렬성을 활용할 수 있다. [-] 부하 조절 어려움: Event가 처리 능력보다 빠르게 발생하면 Subscriber에 과부하가 발생할 수 있다. | D59: ='1조'!D$34 -> + | E59: ='1조'!E34 -> [+] 비동기 처리: Producer가 Consumer의 처리를 기다릴 필요가 없어 Producer의 응답시간을 줄일 수 있다. [+] 부하 완화: 순간적으로 Message가 많이 발생해도 Queue에 저장하여 Consumer의 처리 능력에 맞게 처리할 수 있다. [-] Broker 오버헤드: Message의 저장·관리·전달에 추가적인 처리 비용이 발생한다. | F59: Non-Buff 강한 결합 직접 호출은 긍정적 요소 Buff Message Consumer 들 간에, 또한 Message Producers와 Consumers 사이에 동시성 (+) Indirection에 대한 오버헤드 존재 (-)
A60: 2조 | B60: ='2조'!B$34 -> 0 | C60: ='2조'!C$34 -> 직접 호출보다 간접 호출 overhead 가 있지만, 버퍼를 거치지 않아 message 방식보다는 빠르다 | D60: ='2조'!D$34 -> - | E60: ='2조'!E$34 -> 비동기 큐잉을 통해 피크 부하를 완충하고 다수 컨슈머 병렬 확장으로 처리량(Throughput)이 대폭 향상되나(+), 브로커 큐 I/O, 직렬화, 네트워크 홉으로 인한 지연(Latency)은 증가함(--)
A61: 3조 | B61: ='3조'!B$34 -> 0 | C61: ='3조'!C$34 -> Buffer나 네트워크 없이 동일 프로세스에서 즉시 호출하므로 전달 latency는 낮지만, synchronous Listener 실행과 indirect invocation overhead가 전체 처리 시간을 증가시킬 수 있어 장단점이 공존한다. | D61: ='3조'!D$34 -> + | E61: ='3조'!E$34 -> 비동기 병력 처리를 통해, conccurrency 및 througput을 향상 시킬수 있다.
A62: 4조 | B62: ='4조'!B$34 -> + | C62: ='4조'!C$34 -> 메모리 내 직접 디스패치라 큐잉 오버헤드 없이 지연이 매우 낮다. 반면 동기 전달이라 느린 구독자가 발행자를 막을 위험이 있다. | D62: ='4조'!D$34 -> 0 | E62: ='4조'!E$34 -> 트래픽이 몰릴 때 요청을 큐에 저장해 서버 과부하를 막을 수 있지만, 대기 시간이 생기므로 처리 자체가 빨라지는 것은 아니다.
A63: 5조 | B63: ='5조'!B$34 -> - | C63: ='5조'!C$34 -> 간접호출(indirect invocation)의 overhead 가 문제가될수있다 | D63: ='5조'!D$34 -> - | E63: ='5조'!E$34 -> 간접호출(indirect invocation)의 overhead 가 문제가될수있다
A64: 6조 | B64: ='6조'!B$34 -> - | C64: ='6조'!C$34 -> 동기 실행이라 producer의 응답 시간이 모든 consumer 처리 시간의 합이 되어 고빈도·저지연 상황에서 병목이 된다. | D64: ='6조'!D$34 -> 0 | E64: ='6조'!E$34 -> 비동기 처리로 동시성은 높지만 큐를 거치는 간접 전달이라 즉시 응답이 필요한 요청엔 지연이 생길 수 있다.
A65: 7조 | B65: ='7조'!B$34 | C65: ='7조'!C$34 -> 7조 - Non-Buffered Event Based - Performance | D65: ='7조'!D$34 | E65: ='7조'!E$34 -> 7조 - Buffered Message Based - Performance
A66: 8조 | B66: ='8조'!B$34 | C66: ='8조'!C$34 -> 8조 - Non-Buffered Event Based - Performance | D66: ='8조'!D$34 | E66: ='8조'!E$34 -> 8조 - Buffered Message Based - Performance
A67: 9조 | B67: ='9조'!B$34 | C67: ='9조'!C$34 -> 9조 - Non-Buffered Event Based - Performance | D67: ='9조'!D$34 | E67: ='9조'!E$34 -> 9조 - Buffered Message Based - Performance
A69: Safety | B69: ='Detailed Reasoning'!B$35 | C69: ='Detailed Reasoning'!C$35 | D69: ='Detailed Reasoning'!D$35 | E69: ='Detailed Reasoning'!E$35
A70: 1조 | B70: ='1조'!B$35 -> - | C70: ='1조'!C35 -> [-] Event 유실: 중요한 Event가 Subscriber의 장애나 과부하로 유실되면 위험한 상태에 적절히 대응하지 못할 수 있다. [-] 처리 보장 어려움: 중요한 Event가 반드시 처리되었다는 것을 보장하기 어렵다. | D70: ='1조'!D$35 -> 0 | E70: ='1조'!E35 -> [+] 재처리: 실패한 Message를 다시 처리하도록 구성하여 Fault에 대응할 수 있다. [-] 중복 처리: 재전송 과정에서 동일 Message가 중복 처리되면 잘못된 동작이 발생할 수 있어 별도의 대응이 필요하다.
A71: 2조 | B71: ='2조'!B$35 -> - | C71: ='2조'!C$35 -> event 가 유실되어도 알 수 없고, 처리 순서가 보장되지 않아 위험 상황 대응을 맡기기 어렵다 | D71: ='2조'!D$35 -> - | E71: ='2조'!E$35 -> 비동기 큐잉 특성상 메시지 전달 타이밍의 비결정성, 메시지 도착 순서 역전, 큐 오버플로우로 인한 메시지 유실 위험이 존재하여 엄격한 시간 제약의 안전 필수 시스템에는 부적합함. | F71: Non-Buff 강한결합(동기) 방식은 불안요소 Buff는 예외발생시 장점이 잇으나 메시지 증가시 지연 발생으로 인한 안정적인 (실시간) 처리에 영향을 받는다
A72: 3조 | B72: ='3조'!B$35 -> - | C72: ='3조'!C$35 -> Listener의 반응과 실행 순서를 예측·검증하기 어려우며 Listener 장애가 동기 호출 경로에 영향을 줄 수 있어 safety-critical 동작의 결정성과 검증 가능성이 낮아진다. | D72: ='3조'!D$35 -> + | E72: ='3조'!E$35 -> 메시지 큐 내에서 priority,expiration 등을 설정해서 서비스 reliablity를 향상 시킬수 있다.
A73: 4조 | B73: ='4조'!B$35 -> - | C73: ='4조'!C$35 -> 중요한 위험 알림을 놓치거나 늦게 처리하면 안전 문제가 생길 수 있다. | D73: ='4조'!D$35 -> + | E73: ='4조'!E$35 -> 영속화와 확인응답으로 재시도와 최소 1회 전달이 가능해 중요한 작업이 조용히 사라지지 않는다. 다만 중복 전달은 소비자가 처리해야 한다.
A74: 5조 | B74: ='5조'!B$35 -> 0 | C74: ='5조'!C$35 -> 일반 시스템에서는 Safety와 직접적인 연관이 크지 않음. | D74: ='5조'!D$35 -> 0 | E74: ='5조'!E$35 -> 중요 이벤트의 손실 방지와 재처리를 통해 안전성에 간접적으로 기여할 수 있지만, 시스템의 물리적 위험을 직접 제어하거나 Safety를 보장하는 구조는 아니므로 일반적인 영향은 중립적이다.
A75: 6조 | B75: ='6조'!B$35 -> - | C75: ='6조'!C$35 -> 이벤트가 저장되지 않고 실행 순서도 보장되지 않아, 유실·중복·순서 역전이 조용히 발생하며 검출 수단이 없다. | D75: ='6조'!D$35 -> 0 | E75: ='6조'!E$35 -> 메시지 저장과 재처리는 오류 전파를 줄이지만, 메시지의 중복·순서 변경·지연 처리로 인해 잘못된 상태가 발생할 수도 있다.
A76: 7조 | B76: ='7조'!B$35 | C76: ='7조'!C$35 -> 7조 - Non-Buffered Event Based - Safety | D76: ='7조'!D$35 | E76: ='7조'!E$35 -> 7조 - Buffered Message Based - Safety
A77: 8조 | B77: ='8조'!B$35 | C77: ='8조'!C$35 -> 8조 - Non-Buffered Event Based - Safety | D77: ='8조'!D$35 | E77: ='8조'!E$35 -> 8조 - Buffered Message Based - Safety
A78: 9조 | B78: ='9조'!B$35 | C78: ='9조'!C$35 -> 9조 - Non-Buffered Event Based - Safety | D78: ='9조'!D$35 | E78: ='9조'!E$35 -> 9조 - Buffered Message Based - Safety
A80: Security | B80: ='Detailed Reasoning'!B$36 | C80: ='Detailed Reasoning'!C$36 | D80: ='Detailed Reasoning'!D$36 | E80: ='Detailed Reasoning'!E$36
A81: 1조 | B81: ='1조'!B$36 -> - | C81: ='1조'!C36 -> [-] 다중 수신: Event가 여러 Subscriber에게 전달되는 구조에서는 권한이 없는 Subscriber가 정보를 수신하지 않도록 관리해야 한다. [-] Event 위·변조: Event의 출처와 무결성을 별도로 검증하지 않으면 악의적인 Event가 전달될 수 있다. | D81: ='1조'!D$36 -> 0 | E81: ='1조'!E36 -> [+] 중앙 통제: Message Broker에서 인증, 권한 관리 등의 보안 정책을 적용하기 용이하다. [-] Broker 공격: Broker가 공격받으면 다수의 Producer와 Consumer에 영향을 줄 수 있다. | F81: Non-Buff의 간한 결합(동기)은 정보의 유출 가능성을 줄여 준다 Buff 의 경우 메시지(정보)가 집중되는 공간이 명확한점은 공격의 포인트가 된다
A82: 2조 | B82: ='2조'!B$36 -> 0 | C82: ='2조'!C$36 -> 등록만 하면 event 를 받을 수 있어 통제가 필요하지만, 스타일 자체가 보안을 좌우하지는 않는다 | D82: ='2조'!D$36 -> + | E82: ='2조'!E$36 -> 중앙 메시지 브로커/큐 채널에서 토픽별 접근 제어(ACL), TLS 암호화, 발행자/구독자 인증 및 메시지 무결성 검증을 중앙 집중식으로 일관되게 적용할 수 있음.
A83: 3조 | B83: ='3조'!B$36 -> 0 | C83: ='3조'!C$36 -> Event-Based Style 자체는 인증·인가·Event 무결성 등의 보안 메커니즘을 제공하지 않으며 실제 Security 수준은 Event 등록 및 전달 메커니즘의 구현에 좌우된다. | D83: ='3조'!D$36 -> 0 | E83: ='3조'!E$36 -> 메시지 큐가 공격 포인트가 될수 있지만, 보안 통제 지점이 될수 있다.
A84: 4조 | B84: ='4조'!B$36 -> 0 | C84: ='4조'!C$36 -> 이 방식 자체가 보안을 높여주지는 않는다. 인증과 접근 권한은 따로 설계해야 한다. | D84: ='4조'!D$36 -> 0 | E84: ='4조'!E$36 -> 중앙 브로커에서 인증·인가를 일괄 적용할 수 있지만, 큐에 쌓인 메시지 자체에 대한 보호가 따로 필요하다.
A85: 5조 | B85: ='5조'!B$36 -> - | C85: ='5조'!C$36 -> 이벤트 전달 경로와 참여 컴포넌트가 분산되어 있어 중앙 집중식 접근 제어와 모니터링이 어렵고, 비인가 이벤트 발행·구독을 방지하기 위한 추가적인 보안 메커니즘이 필요하다 | D85: ='5조'!D$36 -> 0 | E85: ='5조'!E$36 -> 중앙 Broker를 통해 인증·인가와 보안 정책을 일관되게 적용할 수 있다는 장점이 있지만, Broker 및 저장된 메시지가 추가적인 공격면과 중요한 보안 자산이 되므로 전체적인 영향은 구성에 따라 달라진다.
A86: 6조 | B86: ='6조'!B$36 -> - | C86: ='6조'!C$36 -> producer 가 타겟 전송 범위를 지정하기 힘들다. | D86: ='6조'!D$36 -> 0 | E86: ='6조'!E$36 -> 익명성이 오히려 인가되지 않은 구독자를 걸러내기 어렵게 만들 수 있으면서도 Broker가 인증·인가·감사와 메시지 접근 통제를 집중적으로 적용할 수 있다.
A87: 7조 | B87: ='7조'!B$36 | C87: ='7조'!C$36 -> 7조 - Non-Buffered Event Based - Security | D87: ='7조'!D$36 | E87: ='7조'!E$36 -> 7조 - Buffered Message Based - Security
A88: 8조 | B88: ='8조'!B$36 | C88: ='8조'!C$36 -> 8조 - Non-Buffered Event Based - Security | D88: ='8조'!D$36 | E88: ='8조'!E$36 -> 8조 - Buffered Message Based - Security
A89: 9조 | B89: ='9조'!B$36 | C89: ='9조'!C$36 -> 9조 - Non-Buffered Event Based - Security | D89: ='9조'!D$36 | E89: ='9조'!E$36 -> 9조 - Buffered Message Based - Security
A91: Testability | B91: ='Detailed Reasoning'!B$37 | C91: ='Detailed Reasoning'!C$37 | D91: ='Detailed Reasoning'!D$37 | E91: ='Detailed Reasoning'!E$37
A92: 1조 | B92: ='1조'!B$37 -> - | C92: ='1조'!C37 -> [+] 컴포넌트 분리: Publisher와 Subscriber를 각각 독립적으로 단위 테스트할 수 있다. [-] 비동기 동작: Event의 발생과 처리 시점이 비동기적이어서 실행 순서와 결과를 예측하기 어려울 수 있다. [-] Event 추적: 하나의 Event가 여러 Subscriber를 호출하면 전체 실행 흐름과 오류 발생 위치를 추적하기 어렵다. | D92: ='1조'!D$37 -> + | E92: ='1조'!E37 -> [+] Message 확인: Queue에 저장된 Message를 확인할 수 있어 송수신 과정을 추적하기 쉽다. [+] 재현 가능: 동일한 Message를 다시 전달하여 테스트 상황을 재현하기 용이하다. [-] 비동기성: Message 처리 시점과 순서에 따라 결과가 달라질 수 있어 통합 테스트가 복잡해질 수 있다. | F92: Non-Buff의 간한 결합(동기)은 통합테스트를 용이하게 한다 Buff 의 비동기 방식은 통합 테스트 구현을 복잡하게 한다
A93: 2조 | B93: ='2조'!B$37 -> -- | C93: ='2조'!C$37 -> listener 의 응답과 응답 순서를 예측·검증하기 어려워 테스트와 디버깅이 어렵다 | D93: ='2조'!D$37 -> - | E93: ='2조'!E$37 -> 비동기라 언제 처리될지 정해지지 않아 디버깅이 어렵다. 다만 message 를 기록해 재현할 수는 있다
A94: 3조 | B94: ='3조'!B$37 -> -- | C94: ='3조'!C$37 -> 암시적 호출로 인해 어떤 Listener가 반응하는지와 Listener의 응답 순서를 예측·검증하기 어렵고 제어 흐름이 명시적으로 드러나지 않아 테스트와 디버깅이 어렵다. | D94: ='3조'!D$37 -> -- | E94: ='3조'!E$37 -> 비동기 방식 처리, 큐 용량, 다양한 정책 지원으로 인해 테스트를 진행하기 어렵다.
A95: 4조 | B95: ='4조'!B$37 -> - | C95: ='4조'!C$37 -> 개별 기능은 시험하기 쉽지만, 여러 이벤트가 이어지는 전체 흐름은 확인하기 어렵다. | D95: ='4조'!D$37 -> - | E95: ='4조'!E$37 -> 비동기성과 타이밍 때문에 종단 간 테스트가 비결정적이다. 다만 양쪽 모두 가짜 큐를 두고 개별 테스트는 가능하다.
A96: 5조 | B96: ='5조'!B$37 -> - | C96: ='5조'!C$37 -> 비동기적이고 암시적인 이벤트 흐름으로 인해 실행 순서 제어, 테스트 재현, 장애 원인 추적이 어려워 전체적으로 Testability에 불리하다. | D96: ='5조'!D$37 -> - | E96: ='5조'!E$37 -> 전체 비동기 흐름의 추적은 별도 Tracing이 필요.
A97: 6조 | B97: ='6조'!B$37 -> - | C97: ='6조'!C$37 -> 관계성이 명시되어있지 않아 파악이 힘들다 | D97: ='6조'!D$37 -> - | E97: ='6조'!E$37 -> 메시지가 비동기로 큐를 거쳐 도착하는 타이밍에 의존해 시나리오 재현이 어렵다.
A98: 7조 | B98: ='7조'!B$37 | C98: ='7조'!C$37 -> 7조 - Non-Buffered Event Based - Testability | D98: ='7조'!D$37 | E98: ='7조'!E$37 -> 7조 - Buffered Message Based - Testability
A99: 8조 | B99: ='8조'!B$37 | C99: ='8조'!C$37 -> 8조 - Non-Buffered Event Based - Testability | D99: ='8조'!D$37 | E99: ='8조'!E$37 -> 8조 - Buffered Message Based - Testability
A100: 9조 | B100: ='9조'!B$37 | C100: ='9조'!C$37 -> 9조 - Non-Buffered Event Based - Testability | D100: ='9조'!D$37 | E100: ='9조'!E$37 -> 9조 - Buffered Message Based - Testability
A102: Usability | B102: ='Detailed Reasoning'!B$38 | C102: ='Detailed Reasoning'!C$38 | D102: ='Detailed Reasoning'!D$38 | E102: ='Detailed Reasoning'!E$38
A103: 1조 | B103: ='1조'!B$38 -> - | C103: ='1조'!C38 -> [+] 빠른 반응: Event가 즉시 전달되므로 사용자 행동에 대한 시스템 반응을 빠르게 제공할 수 있다. [-] Event 유실: 사용자 요청과 관련된 Event가 유실되면 예상한 동작이 수행되지 않을 수 있다. | D103: ='1조'!D$38 -> 0 | E103: ='1조'!E38 -> [+] 안정적인 요청 처리: 일시적으로 Consumer가 처리하지 못해도 Message를 보관하여 사용자의 요청이 유실될 가능성을 줄일 수 있다. [-] 응답 지연: Queue에 Message가 쌓이면 사용자가 결과를 받기까지 시간이 길어질 수 있다. | F103: 이벤트, 메시지에 대한 즉각적 반응은 UX 개선에 도움이 된다 단, Non-Buff의 경우 메시지 유실이 발생할 수 있는점 다소 부정적인 측면이다
A104: 2조 | B104: ='2조'!B$38 -> ++ | C104: ='2조'!C$38 -> GUI 애플리케이션(Java Swing 등)에서 사용자의 버튼 클릭, 입력 이벤트에 대해 화면 제어기가 즉시 반응하여 지연 없는 매끄러운 사용자 경험을 제공함. | D104: ='2조'!D$38 -> - | E104: ='2조'!E$38 -> 요청이 즉시 처리된다는 보장이 없어, 사용자에게 결과를 바로 보여주기 어렵다
A105: 3조 | B105: ='3조'!B$38 -> + | C105: ='3조'!C$38 -> 사용자 입력이나 상태 변화 Event에 즉시 반응하는 구조를 구성하기 쉬워 interactive UI의 responsiveness를 지원할 수 있다. | D105: ='3조'!D$38 -> + | E105: ='3조'!E$38 -> 비동기 처리를 지원하여, UI lantency를 향상시킬수 있다.
A106: 4조 | B106: ='4조'!B$38 -> + | C106: ='4조'!C$38 -> 사용자 입력에 맞춰 화면이나 기능이 반응하도록 만들기 좋다. 단, 처리가 오래 걸리면 장점이 줄어든다. | D106: ='4조'!D$38 -> 0 | E106: ='4조'!E$38 -> 사용자는 즉시가 아닌 최종적 결과를 보게 되므로 UI가 처리 중 상태를 알려줘야 한다.
A107: 5조 | B107: ='5조'!B$38 -> 0 | C107: ='5조'!C$38 -> 이벤트 기반 구조가 빠른 피드백을 통해 사용성을 간접적으로 향상시킬 수는 있지만, 사용성은 주로 UI/UX 설계에 의해 결정되므로 아키텍처 스타일 자체의 직접적인 영향은 제한적이 | D107: ='5조'!D$38 -> 0 | E107: ='5조'!E$38 -> 비동기 처리로 사용자 체감 응답성을 개선할 수 있지만, Buffered Message-Based 자체는 UI나 조작성에 직접 영향을 주는 구조가 아니므로 Usability에 대한 직접적인 영향은 제한
A108: 6조 | B108: ='6조'!B$38 -> - | C108: ='6조'!C$38 -> sync 관계이며, customer 가 producer 를 잡고있으면 그동안은 불가용상태이다. | D108: ='6조'!D$38 -> + | E108: ='6조'!E$38 -> 긴 작업을 비동기로 처리할 수 있어 사용자 요청을 차단하지 않고 화면의 응답성을 유지할 수 있다.
A109: 7조 | B109: ='7조'!B$38 | C109: ='7조'!C$38 -> 7조 - Non-Buffered Event Based - Usability | D109: ='7조'!D$38 | E109: ='7조'!E$38 -> 7조 - Buffered Message Based - Usability
...

Sheet IO
A1: Interaction-Oriented | B1: MVC | D1: PAC
B2: Effects | C2: Justification | D2: Effects | E2: Justification
A3: Availability | B3: ='Detailed Reasoning'!B$42 | C3: ='Detailed Reasoning'!C$42 | D3: ='Detailed Reasoning'!D$42 | E3: ='Detailed Reasoning'!E$42
A4: 1조 | B4: ='1조'!B$42 | C4: ='1조'!C42 -> 1조 - MVC - Availability | D4: ='1조'!D$42 | E4: ='1조'!E42 -> 1조 - PAC - Availability | F4: MVC 모델에 문제가 생기면 전체 시스템에 영향(-) 뷰의 장애는 특정 뷰에만 영향을 미친다(+) PAC agent를 다양한 노드에 배치가 가능하여 전체 시스템 가용성을 높일 수 있음
A5: 2조 | B5: ='2조'!B$42 | C5: ='2조'!C$42 -> 2조 - MVC - Availability | D5: ='2조'!D$42 | E5: ='2조'!E$42 -> 2조 - PAC - Availability
A6: 3조 | B6: ='3조'!B$42 | C6: ='3조'!C$42 -> 3조 - MVC - Availability | D6: ='3조'!D$42 | E6: ='3조'!E$42 -> 3조 - PAC - Availability
A7: 4조 | B7: ='4조'!B$42 | C7: ='4조'!C$42 -> Human - MVC - Availability | D7: ='4조'!D$42 | E7: ='4조'!E$42 -> Human - PAC - Availability
A8: 5조 | B8: ='5조'!B$42 | C8: ='5조'!C$42 -> 5조 - MVC - Availability | D8: ='5조'!D$42 | E8: ='5조'!E$42 -> 5조 - PAC - Availability
A9: 6조 | B9: ='6조'!B$42 | C9: ='6조'!C$42 -> 6조 - MVC - Availability | D9: ='6조'!D$42 | E9: ='6조'!E$42 -> 6조 - PAC - Availability
A10: 7조 | B10: ='7조'!B$42 | C10: ='7조'!C$42 -> 7조 - MVC - Availability | D10: ='7조'!D$42 | E10: ='7조'!E$42 -> 7조 - PAC - Availability
A11: 8조 | B11: ='8조'!B$42 | C11: ='8조'!C$42 -> 8조 - MVC - Availability | D11: ='8조'!D$42 | E11: ='8조'!E$42 -> 8조 - PAC - Availability
A12: 9조 | B12: ='9조'!B$42 | C12: ='9조'!C$42 -> 9조 - MVC - Availability | D12: ='9조'!D$42 | E12: ='9조'!E$42 -> 9조 - PAC - Availability
A14: Deployability | B14: ='Detailed Reasoning'!B$43 | C14: ='Detailed Reasoning'!C$43 | D14: ='Detailed Reasoning'!D$43 | E14: ='Detailed Reasoning'!E$43
A15: 1조 | B15: ='1조'!B$43 | C15: ='1조'!C43 -> 1조 - MVC - Deployability | D15: ='1조'!D$43 | E15: ='1조'!E43 -> 1조 - PAC - Deployability | F15: MVC 역할 분리를 통해 구조적 변경 관리 용이(+) 구성요소 간 강한 의미적 결합은 부분 배포를 제한하는 요소(-) PAC 느슨한 결합을 통해 부분적, 점진적 배포 가능
A16: 2조 | B16: ='2조'!B$43 | C16: ='2조'!C$43 -> 2조 - MVC - Deployability | D16: ='2조'!D$43 | E16: ='2조'!E$43 -> 2조 - PAC - Deployability
A17: 3조 | B17: ='3조'!B$43 | C17: ='3조'!C$43 -> 3조 - MVC - Deployability | D17: ='3조'!D$43 | E17: ='3조'!E$43 -> 3조 - PAC - Deployability
A18: 4조 | B18: ='4조'!B$43 | C18: ='4조'!C$43 -> Human - MVC - Deployability | D18: ='4조'!D$43 | E18: ='4조'!E$43 -> Human - PAC - Deployability
A19: 5조 | B19: ='5조'!B$43 | C19: ='5조'!C$43 -> 5조 - MVC - Deployability | D19: ='5조'!D$43 | E19: ='5조'!E$43 -> 5조 - PAC - Deployability
A20: 6조 | B20: ='6조'!B$43 | C20: ='6조'!C$43 -> 6조 - MVC - Deployability | D20: ='6조'!D$43 | E20: ='6조'!E$43 -> 6조 - PAC - Deployability
A21: 7조 | B21: ='7조'!B$43 | C21: ='7조'!C$43 -> 7조 - MVC - Deployability | D21: ='7조'!D$43 | E21: ='7조'!E$43 -> 7조 - PAC - Deployability
A22: 8조 | B22: ='8조'!B$43 | C22: ='8조'!C$43 -> 8조 - MVC - Deployability | D22: ='8조'!D$43 | E22: ='8조'!E$43 -> 8조 - PAC - Deployability
A23: 9조 | B23: ='9조'!B$43 | C23: ='9조'!C$43 -> 9조 - MVC - Deployability | D23: ='9조'!D$43 | E23: ='9조'!E$43 -> 9조 - PAC - Deployability
A25: Integrability | B25: ='Detailed Reasoning'!B$44 | C25: ='Detailed Reasoning'!C$44 | D25: ='Detailed Reasoning'!D$44 | E25: ='Detailed Reasoning'!E$44
A26: 1조 | B26: ='1조'!B$44 | C26: ='1조'!C44 -> 1조 - MVC - Integrability | D26: ='1조'!D$44 | E26: ='1조'!E44 -> 1조 - PAC - Integrability | F26: MVC Model이 로직과 데이터를 캡슐화, View/Controller의 분리로 외부 시스템(API, 다른 UI, 배치/서비스)과의 통합이 비교적 용이(+) Controller가 복잡해질수록 통합 지점이 Controller에 집중되어 통합 변경 시 영향 범위가 커질 수 있음(-) PAC 약한결합의 에이전트 단위는 유연한 통합이 가능(+) 제어 계층 에이전트가 세분화 되면 통합 구조가 복잡해진다(-)
A27: 2조 | B27: ='2조'!B$44 | C27: ='2조'!C$44 -> 2조 - MVC - Integrability | D27: ='2조'!D$44 | E27: ='2조'!E$44 -> 2조 - PAC - Integrability
A28: 3조 | B28: ='3조'!B$44 | C28: ='3조'!C$44 -> 3조 - MVC - Integrability | D28: ='3조'!D$44 | E28: ='3조'!E$44 -> 3조 - PAC - Integrability
A29: 4조 | B29: ='4조'!B$44 | C29: ='4조'!C$44 -> Human - MVC - Integrability | D29: ='4조'!D$44 | E29: ='4조'!E$44 -> Human - PAC - Integrability
A30: 5조 | B30: ='5조'!B$44 | C30: ='5조'!C$44 -> 5조 - MVC - Integrability | D30: ='5조'!D$44 | E30: ='5조'!E$44 -> 5조 - PAC - Integrability
A31: 6조 | B31: ='6조'!B$44 | C31: ='6조'!C$44 -> 6조 - MVC - Integrability | D31: ='6조'!D$44 | E31: ='6조'!E$44 -> 6조 - PAC - Integrability
A32: 7조 | B32: ='7조'!B$44 | C32: ='7조'!C$44 -> 7조 - MVC - Integrability | D32: ='7조'!D$44 | E32: ='7조'!E$44 -> 7조 - PAC - Integrability
A33: 8조 | B33: ='8조'!B$44 | C33: ='8조'!C$44 -> 8조 - MVC - Integrability | D33: ='8조'!D$44 | E33: ='8조'!E$44 -> 8조 - PAC - Integrability
A34: 9조 | B34: ='9조'!B$44 | C34: ='9조'!C$44 -> 9조 - MVC - Integrability | D34: ='9조'!D$44 | E34: ='9조'!E$44 -> 9조 - PAC - Integrability
A36: Energy Efficiency | B36: ='Detailed Reasoning'!B$45 | C36: ='Detailed Reasoning'!C$45 | D36: ='Detailed Reasoning'!D$45 | E36: ='Detailed Reasoning'!E$45
A37: 1조 | B37: ='1조'!B$45 | C37: ='1조'!C45 -> 1조 - MVC - Energy Efficiency | D37: ='1조'!D$45 | E37: ='1조'!E45 -> 1조 - PAC - Energy Efficiency | F37: MVC UI/로직/데이터 접근을 분리해 불필요한 재계산 및 재렌더링을 최소화(+) 로직/데이터 바인딩이 복잡하고 많아지는 경우 오버헤드로 인하 리소스 사용 증가(-) PAC Agent간 상호작용이 많아질수록 리소스 사용 증가 (동시성과 통신 제어로 인한 리소스)
A38: 2조 | B38: ='2조'!B$45 | C38: ='2조'!C$45 -> 2조 - MVC - Energy Efficiency | D38: ='2조'!D$45 | E38: ='2조'!E$45 -> 2조 - PAC - Energy Efficiency
A39: 3조 | B39: ='3조'!B$45 | C39: ='3조'!C$45 -> 3조 - MVC - Energy Efficiency | D39: ='3조'!D$45 | E39: ='3조'!E$45 -> 3조 - PAC - Energy Efficiency
A40: 4조 | B40: ='4조'!B$45 | C40: ='4조'!C$45 -> Human - MVC - Energy Efficiency | D40: ='4조'!D$45 | E40: ='4조'!E$45 -> Human - PAC - Energy Efficiency
A41: 5조 | B41: ='5조'!B$45 | C41: ='5조'!C$45 -> 5조 - MVC - Energy Efficiency | D41: ='5조'!D$45 | E41: ='5조'!E$45 -> 5조 - PAC - Energy Efficiency
A42: 6조 | B42: ='6조'!B$45 | C42: ='6조'!C$45 -> 6조 - MVC - Energy Efficiency | D42: ='6조'!D$45 | E42: ='6조'!E$45 -> 6조 - PAC - Energy Efficiency
A43: 7조 | B43: ='7조'!B$45 | C43: ='7조'!C$45 -> 7조 - MVC - Energy Efficiency | D43: ='7조'!D$45 | E43: ='7조'!E$45 -> 7조 - PAC - Energy Efficiency
A44: 8조 | B44: ='8조'!B$45 | C44: ='8조'!C$45 -> 8조 - MVC - Energy Efficiency | D44: ='8조'!D$45 | E44: ='8조'!E$45 -> 8조 - PAC - Energy Efficiency
A45: 9조 | B45: ='9조'!B$45 | C45: ='9조'!C$45 -> 9조 - MVC - Energy Efficiency | D45: ='9조'!D$45 | E45: ='9조'!E$45 -> 9조 - PAC - Energy Efficiency
A47: Modifiability | B47: ='Detailed Reasoning'!B$46 | C47: ='Detailed Reasoning'!C$46 | D47: ='Detailed Reasoning'!D$46 | E47: ='Detailed Reasoning'!E$46
A48: 1조 | B48: ='1조'!B$46 | C48: ='1조'!C46 -> 1조 - MVC - Modifiability | D48: ='1조'!D$46 | E48: ='1조'!E46 -> 1조 - PAC - Modifiability | F48: MVC 역할 분리를 통해 구조적 변경 관리 용이(+) 구성요소 간 강한 의미적 결합은 부분 배포를 제한하는 요소(-) PAC 약한 결합으로 Agent 교체하는 것이 용이 Agent 내부의 변경이 다른 Agent에 영향을 미치지 않는다.
A49: 2조 | B49: ='2조'!B$46 | C49: ='2조'!C$46 -> 2조 - MVC - Modifiability | D49: ='2조'!D$46 | E49: ='2조'!E$46 -> 2조 - PAC - Modifiability
A50: 3조 | B50: ='3조'!B$46 | C50: ='3조'!C$46 -> 3조 - MVC - Modifiability | D50: ='3조'!D$46 | E50: ='3조'!E$46 -> 3조 - PAC - Modifiability
A51: 4조 | B51: ='4조'!B$46 | C51: ='4조'!C$46 -> Human - MVC - Modifiability | D51: ='4조'!D$46 | E51: ='4조'!E$46 -> Human - PAC - Modifiability
A52: 5조 | B52: ='5조'!B$46 | C52: ='5조'!C$46 -> 5조 - MVC - Modifiability | D52: ='5조'!D$46 | E52: ='5조'!E$46 -> 5조 - PAC - Modifiability
A53: 6조 | B53: ='6조'!B$46 | C53: ='6조'!C$46 -> 6조 - MVC - Modifiability | D53: ='6조'!D$46 | E53: ='6조'!E$46 -> 6조 - PAC - Modifiability
A54: 7조 | B54: ='7조'!B$46 | C54: ='7조'!C$46 -> 7조 - MVC - Modifiability | D54: ='7조'!D$46 | E54: ='7조'!E$46 -> 7조 - PAC - Modifiability
A55: 8조 | B55: ='8조'!B$46 | C55: ='8조'!C$46 -> 8조 - MVC - Modifiability | D55: ='8조'!D$46 | E55: ='8조'!E$46 -> 8조 - PAC - Modifiability
A56: 9조 | B56: ='9조'!B$46 | C56: ='9조'!C$46 -> 9조 - MVC - Modifiability | D56: ='9조'!D$46 | E56: ='9조'!E$46 -> 9조 - PAC - Modifiability
A58: Performance | B58: ='Detailed Reasoning'!B$47 | C58: ='Detailed Reasoning'!C$47 | D58: ='Detailed Reasoning'!D$47 | E58: ='Detailed Reasoning'!E$47
A59: 1조 | B59: ='1조'!B$47 | C59: ='1조'!C47 -> 1조 - MVC - Performance | D59: ='1조'!D$47 | E59: ='1조'!E47 -> 1조 - PAC - Performance | F59: MVC 복잡도가 높고 뷰에서 데이터 접근(바인딩) 효율이 낮음 PAC Agent를 다중 thread에 배포해서 병렬 처리가 용이 (+) 복잡도가 높아지면 Agent 간 통신, 동시성 제어 오버헤드 증가(-)
A60: 2조 | B60: ='2조'!B$47 | C60: ='2조'!C$47 -> 2조 - MVC - Performance | D60: ='2조'!D$47 | E60: ='2조'!E$47 -> 2조 - PAC - Performance
A61: 3조 | B61: ='3조'!B$47 | C61: ='3조'!C$47 -> 3조 - MVC - Performance | D61: ='3조'!D$47 | E61: ='3조'!E$47 -> 3조 - PAC - Performance
A62: 4조 | B62: ='4조'!B$47 | C62: ='4조'!C$47 -> Human - MVC - Performance | D62: ='4조'!D$47 | E62: ='4조'!E$47 -> Human - PAC - Performance
A63: 5조 | B63: ='5조'!B$47 | C63: ='5조'!C$47 -> 5조 - MVC - Performance | D63: ='5조'!D$47 | E63: ='5조'!E$47 -> 5조 - PAC - Performance
A64: 6조 | B64: ='6조'!B$47 | C64: ='6조'!C$47 -> 6조 - MVC - Performance | D64: ='6조'!D$47 | E64: ='6조'!E$47 -> 6조 - PAC - Performance
A65: 7조 | B65: ='7조'!B$47 | C65: ='7조'!C$47 -> 7조 - MVC - Performance | D65: ='7조'!D$47 | E65: ='7조'!E$47 -> 7조 - PAC - Performance
A66: 8조 | B66: ='8조'!B$47 | C66: ='8조'!C$47 -> 8조 - MVC - Performance | D66: ='8조'!D$47 | E66: ='8조'!E$47 -> 8조 - PAC - Performance
A67: 9조 | B67: ='9조'!B$47 | C67: ='9조'!C$47 -> 9조 - MVC - Performance | D67: ='9조'!D$47 | E67: ='9조'!E$47 -> 9조 - PAC - Performance
A69: Safety | B69: ='Detailed Reasoning'!B$48 | C69: ='Detailed Reasoning'!C$48 | D69: ='Detailed Reasoning'!D$48 | E69: ='Detailed Reasoning'!E$48
A70: 1조 | B70: ='1조'!B$48 | C70: ='1조'!C48 -> 1조 - MVC - Safety | D70: ='1조'!D$48 | E70: ='1조'!E48 -> 1조 - PAC - Safety | F70: MVC UI/로직 분리로 변경 안전성은 좋아짐(+) 모델,컨트롤러 제어의 오류는 시스템 전반에 영향(-) PAC Agent 단위 분리로 오류 격리·대체가 가능(+) Agent 간 조정 실패 시 시스템의 동작이 불안정 해짐(-)
A71: 2조 | B71: ='2조'!B$48 | C71: ='2조'!C$48 -> 2조 - MVC - Safety | D71: ='2조'!D$48 | E71: ='2조'!E$48 -> 2조 - PAC - Safety
A72: 3조 | B72: ='3조'!B$48 | C72: ='3조'!C$48 -> 3조 - MVC - Safety | D72: ='3조'!D$48 | E72: ='3조'!E$48 -> 3조 - PAC - Safety
A73: 4조 | B73: ='4조'!B$48 | C73: ='4조'!C$48 -> Human - MVC - Safety | D73: ='4조'!D$48 | E73: ='4조'!E$48 -> Human - PAC - Safety
A74: 5조 | B74: ='5조'!B$48 | C74: ='5조'!C$48 -> 5조 - MVC - Safety | D74: ='5조'!D$48 | E74: ='5조'!E$48 -> 5조 - PAC - Safety
A75: 6조 | B75: ='6조'!B$48 | C75: ='6조'!C$48 -> 6조 - MVC - Safety | D75: ='6조'!D$48 | E75: ='6조'!E$48 -> 6조 - PAC - Safety
A76: 7조 | B76: ='7조'!B$48 | C76: ='7조'!C$48 -> 7조 - MVC - Safety | D76: ='7조'!D$48 | E76: ='7조'!E$48 -> 7조 - PAC - Safety
A77: 8조 | B77: ='8조'!B$48 | C77: ='8조'!C$48 -> 8조 - MVC - Safety | D77: ='8조'!D$48 | E77: ='8조'!E$48 -> 8조 - PAC - Safety
A78: 9조 | B78: ='9조'!B$48 | C78: ='9조'!C$48 -> 9조 - MVC - Safety | D78: ='9조'!D$48 | E78: ='9조'!E$48 -> 9조 - PAC - Safety
A80: Security | B80: ='Detailed Reasoning'!B$49 | C80: ='Detailed Reasoning'!C$49 | D80: ='Detailed Reasoning'!D$49 | E80: ='Detailed Reasoning'!E$49
A81: 1조 | B81: ='1조'!B$49 | C81: ='1조'!C49 -> 1조 - MVC - Security | D81: ='1조'!D$49 | E81: ='1조'!E49 -> 1조 - PAC - Security | F81: MVC 역할 분리를 통해 구조적 변경 관리 용이(+) 구성요소 간 강한 의미적 결합은 부분 배포를 제한하는 요소(-) PAC 느슨한 결합을 통해 부분적, 점진적 배포 가능
A82: 2조 | B82: ='2조'!B$49 | C82: ='2조'!C$49 -> 2조 - MVC - Security | D82: ='2조'!D$49 | E82: ='2조'!E$49 -> 2조 - PAC - Security
A83: 3조 | B83: ='3조'!B$49 | C83: ='3조'!C$49 -> 3조 - MVC - Security | D83: ='3조'!D$49 | E83: ='3조'!E$49 -> 3조 - PAC - Security
A84: 4조 | B84: ='4조'!B$49 | C84: ='4조'!C$49 -> Human - MVC - Security | D84: ='4조'!D$49 | E84: ='4조'!E$49 -> Human - PAC - Security
A85: 5조 | B85: ='5조'!B$49 | C85: ='5조'!C$49 -> 5조 - MVC - Security | D85: ='5조'!D$49 | E85: ='5조'!E$49 -> 5조 - PAC - Security
A86: 6조 | B86: ='6조'!B$49 | C86: ='6조'!C$49 -> 6조 - MVC - Security | D86: ='6조'!D$49 | E86: ='6조'!E$49 -> 6조 - PAC - Security
A87: 7조 | B87: ='7조'!B$49 | C87: ='7조'!C$49 -> 7조 - MVC - Security | D87: ='7조'!D$49 | E87: ='7조'!E$49 -> 7조 - PAC - Security
A88: 8조 | B88: ='8조'!B$49 | C88: ='8조'!C$49 -> 8조 - MVC - Security | D88: ='8조'!D$49 | E88: ='8조'!E$49 -> 8조 - PAC - Security
A89: 9조 | B89: ='9조'!B$49 | C89: ='9조'!C$49 -> 9조 - MVC - Security | D89: ='9조'!D$49 | E89: ='9조'!E$49 -> 9조 - PAC - Security
A91: Testability | B91: ='Detailed Reasoning'!B$50 | C91: ='Detailed Reasoning'!C$50 | D91: ='Detailed Reasoning'!D$50 | E91: ='Detailed Reasoning'!E$50
A92: 1조 | B92: ='1조'!B$50 | C92: ='1조'!C50 -> 1조 - MVC - Testability | D92: ='1조'!D$50 | E92: ='1조'!E50 -> 1조 - PAC - Testability | F92: MVC 모델이라는 명확한 공격 포인트 PAC 정보를 Agent 단위로 분산 (+) 데이터 전용 Agent 통합(-)
A93: 2조 | B93: ='2조'!B$50 | C93: ='2조'!C$50 -> 2조 - MVC - Testability | D93: ='2조'!D$50 | E93: ='2조'!E$50 -> 2조 - PAC - Testability
A94: 3조 | B94: ='3조'!B$50 | C94: ='3조'!C$50 -> 3조 - MVC - Testability | D94: ='3조'!D$50 | E94: ='3조'!E$50 -> 3조 - PAC - Testability
A95: 4조 | B95: ='4조'!B$50 | C95: ='4조'!C$50 -> Human - MVC - Testability | D95: ='4조'!D$50 | E95: ='4조'!E$50 -> Human - PAC - Testability
A96: 5조 | B96: ='5조'!B$50 | C96: ='5조'!C$50 -> 5조 - MVC - Testability | D96: ='5조'!D$50 | E96: ='5조'!E$50 -> 5조 - PAC - Testability
A97: 6조 | B97: ='6조'!B$50 | C97: ='6조'!C$50 -> 6조 - MVC - Testability | D97: ='6조'!D$50 | E97: ='6조'!E$50 -> 6조 - PAC - Testability
A98: 7조 | B98: ='7조'!B$50 | C98: ='7조'!C$50 -> 7조 - MVC - Testability | D98: ='7조'!D$50 | E98: ='7조'!E$50 -> 7조 - PAC - Testability
A99: 8조 | B99: ='8조'!B$50 | C99: ='8조'!C$50 -> 8조 - MVC - Testability | D99: ='8조'!D$50 | E99: ='8조'!E$50 -> 8조 - PAC - Testability
A100: 9조 | B100: ='9조'!B$50 | C100: ='9조'!C$50 -> 9조 - MVC - Testability | D100: ='9조'!D$50 | E100: ='9조'!E$50 -> 9조 - PAC - Testability
A102: Usability | B102: ='Detailed Reasoning'!B$51 | C102: ='Detailed Reasoning'!C$51 | D102: ='Detailed Reasoning'!D$51 | E102: ='Detailed Reasoning'!E$51
A103: 1조 | B103: ='1조'!B$51 | C103: ='1조'!C51 -> 1조 - MVC - Usability | D103: ='1조'!D$51 | E103: ='1조'!E51 -> 1조 - PAC - Usability | F103: MVC 사용자에게 다양한 View(UI/UX) 제공 가능 PAC 분리된 Presentation은 사용성 좋은 UI/UX 구축에 용이
A104: 2조 | B104: ='2조'!B$51 | C104: ='2조'!C$51 -> 2조 - MVC - Usability | D104: ='2조'!D$51 | E104: ='2조'!E$51 -> 2조 - PAC - Usability
A105: 3조 | B105: ='3조'!B$51 | C105: ='3조'!C$51 -> 3조 - MVC - Usability | D105: ='3조'!D$51 | E105: ='3조'!E$51 -> 3조 - PAC - Usability
A106: 4조 | B106: ='4조'!B$51 | C106: ='4조'!C$51 -> Human - MVC - Usability | D106: ='4조'!D$51 | E106: ='4조'!E$51 -> Human - PAC - Usability
A107: 5조 | B107: ='5조'!B$51 | C107: ='5조'!C$51 -> 5조 - MVC - Usability | D107: ='5조'!D$51 | E107: ='5조'!E$51 -> 5조 - PAC - Usability
A108: 6조 | B108: ='6조'!B$51 | C108: ='6조'!C$51 -> 6조 - MVC - Usability | D108: ='6조'!D$51 | E108: ='6조'!E$51 -> 6조 - PAC - Usability
A109: 7조 | B109: ='7조'!B$51 | C109: ='7조'!C$51 -> 7조 - MVC - Usability | D109: ='7조'!D$51 | E109: ='7조'!E$51 -> 7조 - PAC - Usability
...

Sheet H1
A1: Hierarchical | B1: Main-subroutine | D1: Master-Slave
B2: Effects | C2: Justification | D2: Effects | E2: Justification
A3: Availability | B3: ='Detailed Reasoning'!B$55 | C3: ='Detailed Reasoning'!C$55 | D3: ='Detailed Reasoning'!D$55 | E3: ='Detailed Reasoning'!E$55
A4: 1조 | B4: ='1조'!B$55 -> -- | C4: ='1조'!C$55 -> [+] 구조가 단순하여 단일 모듈 오류 수정 및 복구 용이 [--] 메인 루틴 장애 시 전체 프로그램이 즉시 마비됨 (SPOF) | D4: ='1조'!D$55 -> + | E4: ='1조'!E$55 -> [+] 장애가 발생한 Slave의 작업을 대체 가능한 Slave에 재할당하여 처리를 지속할 수 있다 [-] Master 단일점 장애(SPOF) 발생 시 전체 분산 처리 마비 | F4: Main-subroutine 강한 결합으로 인한 예외전파는 시스템 전반에 영향을 준다 Master-Slave 약한 결합으로 하나의 슬레이브에 문제가 생겨도 복제된 슬레이브로 대응가능하다(++) 마스터에 문제가 생기면 시스템 전반이 영향을 받는다.
A5: 2조 | B5: ='2조'!B$55 -> - | C5: ='2조'!C$55 -> (+) 제어 흐름이 단순하여 오류 분석 용이. / (-) 단일 스레드 구조로 하위 서브루틴 실패 시 전체 프로세스 중단. | D5: ='2조'!D$55 -> + | E5: ='2조'!E$55 -> (+) Slave 실패 시 Master가 작업을 타 Slave에 재할당하여 중단 없이 지속(Fault tolerance). / (-) Master가 SPOF.
A6: 3조 | B6: ='3조'!B$55 -> -- | C6: ='3조'!C$55 -> 단일 제어 흐름으로 인해, 상위 호출 흐름 실패시 전체 실행이 실패한다. | D6: ='3조'!D$55 -> + | E6: ='3조'!E$55 -> 특정 Slave 장애 시 Master가 타 Slave에 작업을 재할당해 서비스가 지속(Fault Tolerance)됩니다. 단, Master 자체는 단일 장애점(SPOF)이 될 수 있습니다.
A7: 4조 | B7: ='4조'!B$55 -> -- | C7: ='4조'!C$55 -> 이중화 없는 단일 프로세스다. 서브루틴 하나가 실패하면 프로그램 전체가 죽고 부분 동작도 불가능하다. | D7: ='4조'!D$55 -> + | E7: ='4조'!E$55 -> 작업을 나누어 일부 작업자의 장애 영향을 줄일 수 있지만 Master 장애는 남는다.
A8: 5조 | B8: ='5조'!B$55 -> - | C8: ='5조'!C$55 -> 중앙 main과 Subroutine간의 강한 coupling으로 인해 main의 장애가 전체 프로그램의 중단으로 이어질 수 있다. | D8: ='5조'!D$55 -> + | E8: ='5조'!E$55 -> 일부 Slave에 장애가 발생해도 다른 Slave가 대신 처리하거나 Master가 해당 Slave만 재시작할 수 있어 가용성이 높음
A9: 6조 | B9: ='6조'!B$55 -> - | C9: ='6조'!C$55 -> Main이 여러 subroutine을 순차적으로 호출하는 구조라서 한 subroutine에 장애가 발생하면 전체 실행 흐름에 영향을 줄 가능성이 높음 | D9: ='6조'!D$55 -> 0 | E9: ='6조'!E$55 -> Fault Tolerence 특징이 있지만 Master 단일 포인트 Fail 시 가용성이 훼손될 수 있다.
A10: 7조 | B10: ='7조'!B$55 | C10: ='7조'!C$55 -> 7조 - Main-subroutine - Availability | D10: ='7조'!D$55 | E10: ='7조'!E$55 -> 7조 - Master-Slave - Availability
A11: 8조 | B11: ='8조'!B$55 | C11: ='8조'!C$55 -> 8조 - Main-subroutine - Availability | D11: ='8조'!D$55 | E11: ='8조'!E$55 -> 8조 - Master-Slave - Availability
A12: 9조 | B12: ='9조'!B$55 | C12: ='9조'!C$55 -> 9조 - Main-subroutine - Availability | D12: ='9조'!D$55 | E12: ='9조'!E$55 -> 9조 - Master-Slave - Availability
A14: Deployability | B14: ='Detailed Reasoning'!B$56 | C14: ='Detailed Reasoning'!C$56 | D14: ='Detailed Reasoning'!D$56 | E14: ='Detailed Reasoning'!E$56
A15: 1조 | B15: ='1조'!B$56 -> - | C15: ='1조'!C$56 -> [+] 단일 실행 파일 빌드로 초기에 단순 배포 가능 [-] 부분 모듈 수정 시 전체 시스템 재컴파일 및 재배포 필요 | D15: ='1조'!D$56 -> - | E15: ='1조'!E$56 -> [+] Slave 노드의 동적 추가 및 독립적 개별 배포 용이 [-] Master와 Slave 간 버전 동기화 배포 관리 필요 | F15: Main-subroutine 강한 결합으로 배포 단위가 단순 (+) 부분, 런타임의 실시간 배포는 불가능 (-) Master-Slave 약한 결합. 런타임의 Slave 단위 독립적 배포가능(++) 단, Master 배포시 시스템의 순간 정지가 필요(-)
A16: 2조 | B16: ='2조'!B$56 -> - | C16: ='2조'!C$56 -> (+) 패키징 구조 단순. / (-) 모듈 간 강결합으로 작은 수정에도 전체를 다시 빌드하고 일괄 재배포해야 함. | D16: ='2조'!D$56 -> + | E16: ='2조'!E$56 -> (+) Slave 컴포넌트의 독립적인 추가, 확장 및 교체 배포 용이. / (-) Master-Slave 간 프로토콜 호환성 유지 필요.
A17: 3조 | B17: ='3조'!B$56 -> -- | C17: ='3조'!C$56 -> 강하게 결합되어 있어, subroutine만 독립적으로 배포가 어렵다. | D17: ='3조'!D$56 -> + | E17: ='3조'!E$56 -> Master-Slave 간 서비스 규격이 분리되어 있어, 시스템 가동 중에도 신규 Slave 인스턴스를 수평 확장(Scale-out) 배포하기 용이합니다.
A18: 4조 | B18: ='4조'!B$56 -> - | C18: ='4조'!C$56 -> 함수들이 같은 실행 프로그램에 묶여 있어 일부만 따로 배포하기 어렵다. | D18: ='4조'!D$56 -> + | E18: ='4조'!E$56 -> 작업자를 분리해 교체하기 좋지만 Master와 주고받는 규칙은 유지해야 한다.
A19: 5조 | B19: ='5조'!B$56 -> - | C19: ='5조'!C$56 -> Procedure끼리의 tight coupling으로 인하여 작은 변경도 재배포가 필요한 경우가 생긴다. | D19: ='5조'!D$56 -> + | E19: ='5조'!E$56 -> 노드/프로세스를 독립적으로 배포하거나 동적으로 노드를 추가/제거할 수 있다
A20: 6조 | B20: ='6조'!B$56 -> - | C20: ='6조'!C$56 -> Main과 subroutine이 하나의 바이너리로 강하게 묶여있어 특정 서브루틴만 독립적 배포 불가. 특정 서브루틴 고치면 전체 시스템 재빌드 및 재배포 필요. 배포시 무중단 배포가 불가능하다. | D20: ='6조'!D$56 -> 0 | E20: ='6조'!E$56 -> Slave를 교체할 때는 배포에 장점이 있지만, Slave-Master와의 호환성 문제가 생길 시 혹은 Master 교체 시 배포용이성이 떨어진다.
A21: 7조 | B21: ='7조'!B$56 | C21: ='7조'!C$56 -> 7조 - Main-subroutine - Deployability | D21: ='7조'!D$56 | E21: ='7조'!E$56 -> 7조 - Master-Slave - Deployability
A22: 8조 | B22: ='8조'!B$56 | C22: ='8조'!C$56 -> 8조 - Main-subroutine - Deployability | D22: ='8조'!D$56 | E22: ='8조'!E$56 -> 8조 - Master-Slave - Deployability
A23: 9조 | B23: ='9조'!B$56 | C23: ='9조'!C$56 -> 9조 - Main-subroutine - Deployability | D23: ='9조'!D$56 | E23: ='9조'!E$56 -> 9조 - Master-Slave - Deployability
A25: Integrability | B25: ='Detailed Reasoning'!B$57 | C25: ='Detailed Reasoning'!C$57 | D25: ='Detailed Reasoning'!D$57 | E25: ='Detailed Reasoning'!E$57
A26: 1조 | B26: ='1조'!B$57 -> - | C26: ='1조'!C$57 -> [+] 표준 라이브러리 및 서브루틴 연동이 직관적임 [-] 강한 결합(Tight Coupling)으로 외부 시스템과의 연동 어려움 | D26: ='1조'!D$57 -> + | E26: ='1조'!E$57 -> [+] 표준 분산 인터페이스를 통한 신규 Slave 확장 용이 | F26: Main-subroutine 강한 결합으로 인한 의존성은 컴포넌트 확장이나 시스템간 연동을 어렵게 한다 Master-Slave 약한 결합으로 인터페이스를 유지하는 경우 유연하게 슬레이브 추가,확장이 용이(+) 마스터 변경이 필요한 경우는 부담이 발생(-)
A27: 2조 | B27: ='2조'!B$57 -> - | C27: ='2조'!C$57 -> (+) 동일 언어 내 라이브러리 연동 용이. / (-) 강한 결합 및 플랫폼 종속성으로 외부 이기종 시스템 통합 어려움. | D27: ='2조'!D$57 -> + | E27: ='2조'!E$57 -> slave 를 추가하면 되므로 확장이 쉽다. master 의 작업 분배 약속만 맞추면 된다
A28: 3조 | B28: ='3조'!B$57 -> - | C28: ='3조'!C$57 -> 함수 호출 구조와 공유 데이터에 의존하기 쉬워 외부 컴포넌트와 느슨하게 통합하기 어렵다. | D28: ='3조'!D$57 -> 0 | E28: ='3조'!E$57 -> Slave 추가는 가능하지만 Master가 호출 방식과 결과 선택을 통제하므로 통합 자유도는 제한적이다.
A29: 4조 | B29: ='4조'!B$57 -> - | C29: ='4조'!C$57 -> 함수별 연결은 쉽지만 호출 규칙과 공통 데이터에 대한 의존성이 있다. | D29: ='4조'!D$57 -> 0 | E29: ='4조'!E$57 -> 같은 규칙의 작업자는 추가하기 쉽지만 다른 방식의 시스템을 연결하려면 조정이 필요하다.
A30: 5조 | B30: ='5조'!B$57 -> - | C30: ='5조'!C$57 -> 강한 결합 기반으로 외부 시스템을 통합 할 때의 flexibility가 떨어진다. | D30: ='5조'!D$57 -> - | E30: ='5조'!E$57 -> Slave가 Master의 작업·결과 규약에 맞아야 함
A31: 6조 | B31: ='6조'!B$57 -> - | C31: ='6조'!C$57 -> Subroutine 간 interface를 통해 통합할 수 있지만, 기본적으로 호출 관계가 강하게 결합되어 있다. 새로운 외부 시스템이나 component를 추가하려면 기존 main/subroutine 구조를 수정해야 할 가능성이 있다. | D31: ='6조'!D$57 -> 0 | E31: ='6조'!E$57 -> 다른 component를 slave로 추가할 componet의 인터페이스, 프로토콜 호환성이 중요하게 작용한다. 같은 규약을 가진 componet의 경우 통합용이성이 좋다.
A32: 7조 | B32: ='7조'!B$57 | C32: ='7조'!C$57 -> 7조 - Main-subroutine - Integrability | D32: ='7조'!D$57 | E32: ='7조'!E$57 -> 7조 - Master-Slave - Integrability
A33: 8조 | B33: ='8조'!B$57 | C33: ='8조'!C$57 -> 8조 - Main-subroutine - Integrability | D33: ='8조'!D$57 | E33: ='8조'!E$57 -> 8조 - Master-Slave - Integrability
A34: 9조 | B34: ='9조'!B$57 | C34: ='9조'!C$57 -> 9조 - Main-subroutine - Integrability | D34: ='9조'!D$57 | E34: ='9조'!E$57 -> 9조 - Master-Slave - Integrability
A36: Energy Efficiency | B36: ='Detailed Reasoning'!B$58 | C36: ='Detailed Reasoning'!C$58 | D36: ='Detailed Reasoning'!D$58 | E36: ='Detailed Reasoning'!E$58
A37: 1조 | B37: ='1조'!B$58 -> 0 | C37: ='1조'!C$58 -> 요청이 여러 계층을 거치면서 추가적인 호출과 데이터 전달·변환이 발생할 수 있어 자원 사용과 에너지 소비가 증가할 수 있다. | D37: ='1조'!D$58 -> - | E37: ='1조'!E$58 -> [-] Master의 지속적 상태 모니터링 및 통신으로 전력 소모 발생 | F37: Main-subroutine 강한 결합. 동기 방식으로 메인과 서브가 모두 활성 상태를 유지하는 불리함이 있음 Master-Slave 동시성. 대기 또는 병렬 동작 중인 슬레이브로 활성화 리소스증가. 슬레이브들의 동기화 통신 과정의 오버해드 역시 리소스를 소비하는 점이
A38: 2조 | B38: ='2조'!B$58 -> ++ | C38: ='2조'!C$58 -> 중간 계층이나 통신이 없어 군더더기가 가장 적다. 직접 호출이라 낭비가 없다 | D38: ='2조'!D$58 -> - | E38: ='2조'!E$58 -> 병렬 처리로 작업 시간 단축 후 유휴 전환 가능하나 다수 Slave 동시 구동 및 통신 비용 증가.
A39: 3조 | B39: ='3조'!B$58 -> + | C39: ='3조'!C$58 -> 단일 흐름의 직접 procedure call 구조라 별도 통신, 직렬화, 동기화 비용이 작다. | D39: ='3조'!D$58 -> - | E39: ='3조'!E$58 -> 여러 Slave 실행, Master-Slave 통신, 결과 수집과 선택 과정이 추가되어 자원 사용량이 커질 수 있다.
A40: 4조 | B40: ='4조'!B$58 -> ++ | C40: ='4조'!C$58 -> 직접 호출하고 정보를 함께 사용하므로 통신과 데이터 복사 비용이 적다. | D40: ='4조'!D$58 -> - | E40: ='4조'!E$58 -> 여러 작업자를 동시에 실행하고 결과를 모으는 데 추가 자원이 든다.
A41: 5조 | B41: ='5조'!B$58 -> ++ | C41: ='5조'!C$58 -> 직접 호출되는 방식으로 procedure간 메시지 전송 등 추가 런타임 오버헤드가 매우 작다. | D41: ='5조'!D$58 -> - | E41: ='5조'!E$58 -> 작업 분배·결과 수집의 통신과 조정에 추가 에너지 소비
A42: 6조 | B42: ='6조'!B$58 -> ++ | C42: ='6조'!C$58 -> 불필요한 communication이나 middleware layer가 거의 없기 때문에 효율적 | D42: ='6조'!D$58 -> - | E42: ='6조'!E$58 -> master-slave간 통신에서 overhead가 발생하여 추가적인 에너지 소모가 있을 수 있다.
A43: 7조 | B43: ='7조'!B$58 | C43: ='7조'!C$58 -> 7조 - Main-subroutine - Energy Efficiency | D43: ='7조'!D$58 | E43: ='7조'!E$58 -> 7조 - Master-Slave - Energy Efficiency
A44: 8조 | B44: ='8조'!B$58 | C44: ='8조'!C$58 -> 8조 - Main-subroutine - Energy Efficiency | D44: ='8조'!D$58 | E44: ='8조'!E$58 -> 8조 - Master-Slave - Energy Efficiency
A45: 9조 | B45: ='9조'!B$58 | C45: ='9조'!C$58 -> 9조 - Main-subroutine - Energy Efficiency | D45: ='9조'!D$58 | E45: ='9조'!E$58 -> 9조 - Master-Slave - Energy Efficiency
A47: Modifiability | B47: ='Detailed Reasoning'!B$59 | C47: ='Detailed Reasoning'!C$59 | D47: ='Detailed Reasoning'!D$59 | E47: ='Detailed Reasoning'!E$59
A48: 1조 | B48: ='1조'!B$59 -> + | C48: ='1조'!C$59 -> [+] 개별 서브루틴 내부 로직 수정은 비교적 단순함 | D48: ='1조'!D$59 -> - | E48: ='1조'!E$59 -> [+] Master 로직 영향 없이 Slave 알고리즘 독립 교체 가능 [-] Master-Slave 간 제어 프로토콜 변경 시 수정 파급력 큼 | F48: Main-subroutine 강한 결합. Global Data변경은 시스템 전반에 영향을 미친다. Master-Slave 슬래이브의 변경은 다른 이종 슬래이브에 영향을 주지 않는다(+) 단, 마스터의 영향은 모든 슬래이브에 영향을 준다(-)
A49: 2조 | B49: ='2조'!B$59 -> -- | C49: ='2조'!C$59 -> 강한 결합 때문에 변경의 파급효과(ripple effect)가 크고, 전역 공유 데이터가 취약하다 | D49: ='2조'!D$59 -> 0 | E49: ='2조'!E$59 -> slave 하나를 바꾸긴 쉽지만, 작업 분배 방식을 바꾸려면 master 를 고쳐야 한다
A50: 3조 | B50: ='3조'!B$59 -> - | C50: ='3조'!C$59 -> 강한 결합과 전역 공유 데이터(Globally shared data)로 인해 특정 모듈 수정 시 시스템 전반으로 번지는 파급 효과 | D50: ='3조'!D$59 -> + | E50: ='3조'!E$59 -> Master의 규격만 충족하면 개별 Slave의 내부 로직을 수정하거나 새 Slave를 추가해도 시스템의 다른 부분에 영향이 없음
A51: 4조 | B51: ='4조'!B$59 -> - | C51: ='4조'!C$59 -> 기능은 나뉘어 있지만 호출 관계와 공통 데이터 변경이 다른 함수에도 영향을 준다. | D51: ='4조'!D$59 -> 0 | E51: ='4조'!E$59 -> 작업자는 따로 수정하기 쉽지만 Master의 작업 배분 방식과는 맞춰야 한다.
A52: 5조 | B52: ='5조'!B$59 -> - | C52: ='5조'!C$59 -> 강한 결합으로 특정 procedure의 변경에 대한 연쇄 변경 side effect가 일어날 수 있다. | D52: ='5조'!D$59 -> + | E52: ='5조'!E$59 -> 작업·결과 계약 유지 시 Slave 내부 처리 방식 변경 용이
A53: 6조 | B53: ='6조'!B$59 -> -- | C53: ='6조'!C$59 -> Main이 subroutine의 구조와 호출 순서를 강하게 알고 있기 때문에 변경의 영향이 상위 구조까지 전파될 수 있다. | D53: ='6조'!D$59 -> + | E53: ='6조'!E$59 -> component의 수정이 master에 영향을 주지 않는 한 다른 component에 영향을 미치지 않기 때문에 변경 용이성이 좋다.
A54: 7조 | B54: ='7조'!B$59 | C54: ='7조'!C$59 -> 7조 - Main-subroutine - Modifiability | D54: ='7조'!D$59 | E54: ='7조'!E$59 -> 7조 - Master-Slave - Modifiability
A55: 8조 | B55: ='8조'!B$59 | C55: ='8조'!C$59 -> 8조 - Main-subroutine - Modifiability | D55: ='8조'!D$59 | E55: ='8조'!E$59 -> 8조 - Master-Slave - Modifiability
A56: 9조 | B56: ='9조'!B$59 | C56: ='9조'!C$59 -> 9조 - Main-subroutine - Modifiability | D56: ='9조'!D$59 | E56: ='9조'!E$59 -> 9조 - Master-Slave - Modifiability
A58: Performance | B58: ='Detailed Reasoning'!B$60 | C58: ='Detailed Reasoning'!C$60 | D58: ='Detailed Reasoning'!D$60 | E58: ='Detailed Reasoning'!E$60
A59: 1조 | B59: ='1조'!B$60 -> + | C59: ='1조'!C$60 -> 절차적 호출로 인한 오버헤드가 적고 데이터 교환이 메인 메모리 내 직접 호출 방식으로 이루어져 응답 속도가 빠릅니다. | D59: ='1조'!D$60 -> - | E59: ='1조'!E$60 -> [-] Master의 작업 분배 및 결과 합산 시간 오버헤드 발생 | F59: Main-subroutine 강한 결합으로 인한 직접 호출은 호출간 지연을 최소화(+) 단일 쓰래드로 동작하는 점은 마이너스 요소(-) Master-Slave 동시성. 병렬 처리 가능한 슬래이브는 워크로드를 분산하여 효율성을 높일 수 있는 수단이 된다
A60: 2조 | B60: ='2조'!B$60 -> ++ | C60: ='2조'!C$60 -> 직접 호출이라 중간 비용이 없다. 제어 흐름이 선형이라 예측 가능하다 | D60: ='2조'!D$60 -> + | E60: ='2조'!E$60 -> 모든 slave 를 병렬로 실행할 수 있다. 다만 master-slave 통신 overhead 가 그 이득을 상쇄할 수 있다
A61: 3조 | B61: ='3조'!B$60 -> + | C61: ='3조'!C$60 -> 직접 함수 호출과 단순 제어 흐름으로 실행 overhead가 작다. | D61: ='3조'!D$60 -> 0 | E61: ='3조'!E$60 -> 여러 Slave를 병렬 실행할 수 있으나, master과 slave 사이의 통신에서 overhead 발생 가능하여 성능 상쇄
A62: 4조 | B62: ='4조'!B$60 -> 0 | C62: ='4조'!C$60 -> 직접 호출은 빠르지만 순차 실행 때문에 앞 작업이 끝날 때까지 기다려야 한다. | D62: ='4조'!D$60 -> + | E62: ='4조'!E$60 -> 슬레이브에 작업을 병렬 분산해 처리량과 읽기 확장성이 올라간다. 반면 마스터가 쓰기·조정 병목이 되고, 복제 지연으로 슬레이브 데이터가 낡는다.
A63: 5조 | B63: ='5조'!B$60 -> - | C63: ='5조'!C$60 -> 여러 서브루틴이 동일한 전역 데이터에 접근할 경우 데이터 동기화 및 경쟁 조건 처리 과정에서 처리 속도가 저하될 수 있습니다. | D63: ='5조'!D$60 -> ++ | E63: ='5조'!E$60 -> 분할 가능한 작업을 Slave가 병렬 처리하여 완료 시간 단축 가능
A64: 6조 | B64: ='6조'!B$60 -> ++ | C64: ='6조'!C$60 -> Main이 Subroutime을 함수 호출하므로 네트워크, IPC보다 처리속도가 매우 빠름 | D64: ='6조'!D$60 -> + | E64: ='6조'!E$60 -> Slave를 늘리면 읽기 작업에 대한 시스템 응답시간을 줄임으로 인해 퍼포먼스를 증가시킬 수 있다. 단 쓰기 작업의 경우에는 마스터 업데이트 및 슬레이브 업데이트까지 데이터 무결성을 위한 동시성 작업이 요구되기 때문에 쓰기 작업에 대한 응답시간은 지연될 수 있다.
A65: 7조 | B65: ='7조'!B$60 | C65: ='7조'!C$60 -> 7조 - Main-subroutine - Performance | D65: ='7조'!D$60 | E65: ='7조'!E$60 -> 7조 - Master-Slave - Performance
A66: 8조 | B66: ='8조'!B$60 | C66: ='8조'!C$60 -> 8조 - Main-subroutine - Performance | D66: ='8조'!D$60 | E66: ='8조'!E$60 -> 8조 - Master-Slave - Performance
A67: 9조 | B67: ='9조'!B$60 | C67: ='9조'!C$60 -> 9조 - Main-subroutine - Performance | D67: ='9조'!D$60 | E67: ='9조'!E$60 -> 9조 - Master-Slave - Performance
A69: Safety | B69: ='Detailed Reasoning'!B$61 | C69: ='Detailed Reasoning'!C$61 | D69: ='Detailed Reasoning'!D$61 | E69: ='Detailed Reasoning'!E$61
A70: 1조 | B70: ='1조'!B$61 -> - | C70: ='1조'!C$61 -> [-] 런타임 예외 발생 시 전체 프로세스 정지 위험 | D70: ='1조'!D$61 -> + | E70: ='1조'!E$61 -> [+] Master가 Slave 작업 결과를 검증하여 결함 허용(Fault Tolerance) 구현 [-] Master 오작동 시 전체 Slave에 잘못된 명령 하달 위험 | F70: Main-subroutine 강한 결합으로 인한 오류 또는 결함은 시스템 전반에 영향을 준다 Master-Slave 슬래이브의 불안 요소는 마스터에 의해 차단 가능-복제된슬레이브로 작업 이전 (+) 마스터가 단일 장애 지점이 되면시스템 전반에 영향을 미친다(-)
A71: 2조 | B71: ='2조'!B$61 -> 0 | C71: ='2조'!C$61 -> (+) 단일 제어 흐름의 결정적 실행으로 동작 예측 및 정적 안전성 검증/인증 용이.(-)전역으로 공유되는 데이터를 아무 데서나 건드릴 수 있어 잘못된 상태가 퍼지기 쉽다 | D71: ='2조'!D$61 -> ++ | E71: ='2조'!E$61 -> 다수 Slave 결과를 다수결 투표(Voting)로 검증하여 부정확한 결과를 걸러내고 계산 정확성 극대화.
A72: 3조 | B72: ='3조'!B$61 -> 0 | C72: ='3조'!C$61 -> 순차적이고 비교적 결정론적인 제어 흐름은 분석과 검증에는 유리하지만, 장애 발생 시 안전 상태를 보장하거나 오류를 차단하는 Safety mechanism을 구조적으로 제공하지는 않는다. | D72: ='3조'!D$61 -> + | E72: ='3조'!E$61 -> 동일 작업을 여러 Slave가 중복 수행하고 결과 비교나 다수결을 적용하는 경우 단일 Slave의 오류를 탐지·차단할 수 있어 Safety에 유리하지만, 모든 Master-Slave 구현이 이러한 redundancy를 사용하는 것은 아니다.
A73: 4조 | B73: ='4조'!B$61 -> - | C73: ='4조'!C$61 -> 부분 간 격리가 전혀 없어 서브루틴 하나의 결함이 프로세스 전체를 오염시키고 그대로 중단시킨다. 결함 격리나 복구 수단이 없다. | D73: ='4조'!D$61 -> + | E73: ='4조'!E$61 -> 작업을 나누어 오류 영향을 줄일 수 있지만 동시 실행과 결과 결합 오류는 점검해야 한다.
A74: 5조 | B74: ='5조'!B$61 -> + | C74: ='5조'!C$61 -> 제어 흐름이 명시적이여서 실행 경로 분석과 검증이 쉽다. | D74: ='5조'!D$61 -> - | E74: ='5조'!E$61 -> Master가 종료될 시, 서비스 전체가 동작하지 않음
A75: 6조 | B75: ='6조'!B$61 -> - | C75: ='6조'!C$61 -> 예외 처리가 호출 스택을 타고 상위로 전파되는 구조라 발생한 오류가 상위로 쉽게 전파됨 | D75: ='6조'!D$61 -> ++ | E75: ='6조'!E$61 -> 하나의 Slave에서 fault가 발생하더라도 다른 Slave에서 응답하면 되기 때문에 전체 시스템 fault를 야기하지 않을 수 있다.
A76: 7조 | B76: ='7조'!B$61 | C76: ='7조'!C$61 -> 7조 - Main-subroutine - Safety | D76: ='7조'!D$61 | E76: ='7조'!E$61 -> 7조 - Master-Slave - Safety
A77: 8조 | B77: ='8조'!B$61 | C77: ='8조'!C$61 -> 8조 - Main-subroutine - Safety | D77: ='8조'!D$61 | E77: ='8조'!E$61 -> 8조 - Master-Slave - Safety
A78: 9조 | B78: ='9조'!B$61 | C78: ='9조'!C$61 -> 9조 - Main-subroutine - Safety | D78: ='9조'!D$61 | E78: ='9조'!E$61 -> 9조 - Master-Slave - Safety
A80: Security | B80: ='Detailed Reasoning'!B$62 | C80: ='Detailed Reasoning'!C$62 | D80: ='Detailed Reasoning'!D$62 | E80: ='Detailed Reasoning'!E$62
A81: 1조 | B81: ='1조'!B$62 -> + | C81: ='1조'!C$62 -> [+] 단일 프로세스 메모리 영역 내부에서 보안 제어 용이 [-] 모듈 간 세부적 접근 제어 경계 설정 불가능 | D81: ='1조'!D$62 -> - | E81: ='1조'!E$62 -> [+] Master 단일 관문에서 보안 통제 및 권한 검증 일괄 수행 [-] Master-Slave 간 네트워크 통신 구간 노출 위험 | F81: Main-subroutine Global Data의 노출은 명확한 공격 포인트. Master-Slave 슬래이브에 대한 공격을 마스터에서 차단 (+) 마스터가 공격 받으면 시스템 전반에 영향을 미친다(-)
A82: 2조 | B82: ='2조'!B$62 -> - | C82: ='2조'!C$62 -> 전역 데이터에 경계가 없어 한 곳이 뚫리면 전부 노출된다 | D82: ='2조'!D$62 -> - | E82: ='2조'!E$62 -> master 가 뚫리면 모든 slave 에 잘못된 작업을 내려보낼 수 있다
A83: 3조 | B83: ='3조'!B$62 -> - | C83: ='3조'!C$62 -> Subroutine들이 동일 프로세스와 권한 경계를 공유하는 경우가 많아 하나의 취약점이나 메모리 오류가 다른 모듈과 전체 실행 흐름에 영향을 미칠 수 있어 보안 격리에 불리하다. | D83: ='3조'!D$62 -> 0 | E83: ='3조'!E$62 -> Slave를 독립 실행 단위로 분리하면 침해 범위를 제한할 수 있지만, Master가 중앙 통제 지점이 되어 공격이 집중될 수 있고 스타일 자체가 인증·인가·암호화 등의 보안 메커니즘을 제공하지는 않는다.
A84: 4조 | B84: ='4조'!B$62 -> 0 | C84: ='4조'!C$62 -> 순서대로 접근을 점검하기 쉽지만 공통 정보가 노출되면 피해가 커질 수 있다. | D84: ='4조'!D$62 -> 0 | E84: ='4조'!E$62 -> 역할별 권한을 나누기 좋지만 여러 작업자와 통신 경로를 함께 보호해야 한다.
A85: 5조 | B85: ='5조'!B$62 -> + | C85: ='5조'!C$62 -> 컴포넌트간 직접 호출로 공격 접점이 적음. | D85: ='5조'!D$62 -> - | E85: ='5조'!E$62 -> Master, Slave간 통신 시 위험 존재
A86: 6조 | B86: ='6조'!B$62 -> - | C86: ='6조'!C$62 -> 프로세스 내부에 보안 경계가 없어 한 Subroutine이 다른 메모리와 자원에 접근 가능 | D86: ='6조'!D$62 -> - | E86: ='6조'!E$62 -> Master가 공격당할 경우 시스템 failure를 야기시킬 수 있다. (a single point of failure)
A87: 7조 | B87: ='7조'!B$62 | C87: ='7조'!C$62 -> 7조 - Main-subroutine - Security | D87: ='7조'!D$62 | E87: ='7조'!E$62 -> 7조 - Master-Slave - Security
A88: 8조 | B88: ='8조'!B$62 | C88: ='8조'!C$62 -> 8조 - Main-subroutine - Security | D88: ='8조'!D$62 | E88: ='8조'!E$62 -> 8조 - Master-Slave - Security
A89: 9조 | B89: ='9조'!B$62 | C89: ='9조'!C$62 -> 9조 - Main-subroutine - Security | D89: ='9조'!D$62 | E89: ='9조'!E$62 -> 9조 - Master-Slave - Security
A91: Testability | B91: ='Detailed Reasoning'!B$63 | C91: ='Detailed Reasoning'!C$63 | D91: ='Detailed Reasoning'!D$63 | E91: ='Detailed Reasoning'!E$63
A92: 1조 | B92: ='1조'!B$63 -> + | C92: ='1조'!C$63 -> 독립적인 서브루틴 단위로 입출력(Parameter/Return Value) 기반의 단위 테스트(Unit Testing) 작성이 매우 용이합니다. | D92: ='1조'!D$63 -> - | E92: ='1조'!E$63 -> [+] 개별 Slave 로직 단독 단위 테스트 가능 [-] 병렬 동기화, 타이밍 이슈로 인한 분산 통합 테스트 어려움 | F92: Main-subroutine 분할로인한 단위 테스트 용이성(+) 강한 결합. 동기 방식으로인한 통합 테스트 구조가 간단(+) Master-Slave 동시성으로 인하 통합 테스트 복잡성 및 슬래이브간 작업 시퀀스가 존재할 경우 통합 테스트 구조는 더 복잡해진다
A93: 2조 | B93: ='2조'!B$63 -> ++ | C93: ='2조'!C$63 -> 모듈 구조 덕분에 각 subroutine 을 독립적으로 단위 시험할 수 있다. 교안이 장점으로 든다 | D93: ='2조'!D$63 -> + | E93: ='2조'!E$63 -> slave 는 같은 일을 하는 독립 단위라 하나만 시험하면 된다. 재할당 동작은 시험하기 어렵다
A94: 3조 | B94: ='3조'!B$63 -> + | C94: ='3조'!C$63 -> 선형적으로 동작하는 구조 및 분리된 main/subroutine별 단위/통합테스트 용이함 | D94: ='3조'!D$63 -> - | E94: ='3조'!E$63 -> 다중/병렬 slave, 선택전략의 검증 등 테스트가 어려움
A95: 4조 | B95: ='4조'!B$63 -> + | C95: ='4조'!C$63 -> 입력과 실행 순서를 재현하기 쉽지만 연결된 함수를 따로 시험하기는 불편하다. | D95: ='4조'!D$63 -> - | E95: ='4조'!E$63 -> 여러 작업자의 실행 순서와 분산된 결과를 똑같이 재현하기 어렵다.
A96: 5조 | B96: ='5조'!B$63 -> ++ | C96: ='5조'!C$63 -> 입출력이 명확하여 단위 테스트가 용이하다. | D96: ='5조'!D$63 -> - | E96: ='5조'!E$63 -> 여러 Slave가 병렬로 실행되므로 타이밍 문제, 레이스 조건(Race Condition), 데드락(Deadlock) 등 실행 시점마다 달라지는 비동기적 결함을 테스트하고 재현하기 어려움
A97: 6조 | B97: ='6조'!B$63 -> 0 | C97: ='6조'!C$63 -> Subroutine 단위테스트는 쉬우나, 통합테스트의 어려움이 있음 | D97: ='6조'!D$63 -> - | E97: ='6조'!E$63 -> 분산된 환경에 대한 통합 테스트가 어려워진다.
A98: 7조 | B98: ='7조'!B$63 | C98: ='7조'!C$63 -> 7조 - Main-subroutine - Testability | D98: ='7조'!D$63 | E98: ='7조'!E$63 -> 7조 - Master-Slave - Testability
A99: 8조 | B99: ='8조'!B$63 | C99: ='8조'!C$63 -> 8조 - Main-subroutine - Testability | D99: ='8조'!D$63 | E99: ='8조'!E$63 -> 8조 - Master-Slave - Testability
A100: 9조 | B100: ='9조'!B$63 | C100: ='9조'!C$63 -> 9조 - Main-subroutine - Testability | D100: ='9조'!D$63 | E100: ='9조'!E$63 -> 9조 - Master-Slave - Testability
A102: Usability | B102: ='Detailed Reasoning'!B$64 | C102: ='Detailed Reasoning'!C$64 | D102: ='Detailed Reasoning'!D$64 | E102: ='Detailed Reasoning'!E$64
A103: 1조 | B103: ='1조'!B$64 -> 0 | C103: ='1조'!C$64 -> 시스템의 내부 아키텍처 스타일로, 사용자 인터페이스나 사용자 경험에 직접적인 직접적인 영향은 미미합니다. | D103: ='1조'!D$64 -> 0 | E103: ='1조'!E$64 -> [0] 내부 작업 배분 구조이므로 사용자 화면과 조작 방식에 직접적인 영향은 작다 | F103: 공통 사용자와 상호작용 할만한 시나리오가 없다
A104: 2조 | B104: ='2조'!B$64 -> 0 | C104: ='2조'!C$64 -> 사용자 접점을 규정하지 않는다 | D104: ='2조'!D$64 -> 0 | E104: ='2조'!E$64 -> 사용자 접점을 규정하지 않는다
A105: 3조 | B105: ='3조'!B$64 -> - | C105: ='3조'!C$64 -> main routine이 종료될때까지 ineteraction이 지연되기 떄문에 usability가 낮다. | D105: ='3조'!D$64 -> 0 | E105: ='3조'!E$64 -> 다중/병렬 검증으로 데이터정합성은 증가할 수 있으나, usability관점에서의 영향성은 적음
A106: 4조 | B106: ='4조'!B$64 -> 0 | C106: ='4조'!C$64 -> 공통 정보를 일관되게 보여줄 수 있지만 긴 작업이 사용자 응답을 늦출 수 있다. | D106: ='4조'!D$64 -> 0 | E106: ='4조'!E$64 -> 병렬 처리로 대기를 줄일 수 있지만 작업자별 상태를 사용자에게 일관되게 보여줘야 한다.
A107: 5조 | B107: ='5조'!B$64 -> 0 | C107: ='5조'!C$64 -> 프로그램 내부 제어 구조이므로 직접적인 영향은 거의 없다. | D107: ='5조'!D$64 -> 0 | E107: ='5조'!E$64 -> 내부 구조이므로 최종 사용자에 영향이 없다.
A108: 6조 | B108: ='6조'!B$64 -> 0 | C108: ='6조'!C$64 -> 구조 자체가 사용자 경험을 직접 결정하지 않음 | D108: ='6조'!D$64 -> + | E108: ='6조'!E$64 -> 대부분의 경우 쓰기 작업보다 읽기 작업이 일반적으로 더 많이 발생하기 때문에 읽기 작업에 대한 응답시간 향상은 사용자 경험을 증대시킬 수 있다.
A109: 7조 | B109: ='7조'!B$64 | C109: ='7조'!C$64 -> 7조 - Main-subroutine - Usability | D109: ='7조'!D$64 | E109: ='7조'!E$64 -> 7조 - Master-Slave - Usability
...

Sheet H2
A1: Hierarchical | B1: Layered | D1: Virtual Machine | F1: Microkernel
B2: Effects | C2: Justification | D2: Effects | E2: Justification | F2: Effects | G2: Justification
A3: Availability | B3: ='Detailed Reasoning'!B$68 | C3: ='Detailed Reasoning'!C$68 | D3: ='Detailed Reasoning'!D$68 | E3: ='Detailed Reasoning'!E$68 | F3: ='Detailed Reasoning'!F$68 | G3: ='Detailed Reasoning'!G$68
A4: 1조 | B4: ='1조'!B$68 -> 0 | C4: ='1조'!C$68 -> [+] 계층별 오류 격리 적용 가능 [-] 하위 핵심 레이어 실패 시 전체 중단 | D4: ='1조'!D$68 | E4: ='1조'!E$68 -> 1조 - Virtual Machine - Availability | F4: ='1조'!F$68 | G4: ='1조'!G$68 -> 1조 - Microkernel - Availability | H4: Layer 분리 구조이나 하위레이어의 의존성이 장애발생시 상위에 영향을 준다 VM 격리(분리) 구조로 VM의 오류는 다른 VM에 영향을 주지 않는다. (+) Hypervisor의 장에는 모든 VM에 영향은 준다. Layer의 속성(-) Microkernel 서비스, 어플리케이션의 장애가 다른 서비스,어플리케이션에 전파되지 않는다. 분리 구조(+) 단 커널에 영향을 주게되는 경우 모든 서비스, 어플리케이션이 영향을 받음. Layer의 속성(-)
A5: 2조 | B5: ='2조'!B$68 -> 0 | C5: ='2조'!C$68 -> (+) 계층 경계에서 결함 격리 및 개별 계층 복구 용이. / (-) 하위 기반 계층 장애 시 상위 계층 전체 정지. | D5: ='2조'!D$68 | E5: ='2조'!E$68 -> 2조 - Virtual Machine - Availability | F5: ='2조'!F$68 | G5: ='2조'!G$68 -> 2조 - Microkernel - Availability
A6: 3조 | B6: ='3조'!B$68 -> 0 | C6: ='3조'!C$68 -> 계층화는 장애 복구 구조를 직접 제공하지 않아 availability 효과는 제한적이다. | D6: ='3조'!D$68 | E6: ='3조'!E$68 -> 3조 - Virtual Machine - Availability | F6: ='3조'!F$68 | G6: ='3조'!G$68 -> 3조 - Microkernel - Availability
A7: 4조 | B7: ='4조'!B$68 -> - | C7: ='4조'!C$68 -> 하위 계층의 장애가 위로 전파되어 그 위에 쌓인 모든 것을 무력화한다. 상위 계층이 하위를 우회할 수 없기 때문이다. | D7: ='4조'!D$68 | E7: ='4조'!E$68 -> Human - Virtual Machine - Availability | F7: ='4조'!F$68 | G7: ='4조'!G$68 -> Human - Microkernel - Availability
A8: 5조 | B8: ='5조'!B$68 -> - | C8: ='5조'!C$68 -> 특정 계층 장애가 전체 서비스에 부정적인 영향을 미칠 수 있다. | D8: ='5조'!D$68 | E8: ='5조'!E$68 -> 5조 - Virtual Machine - Availability | F8: ='5조'!F$68 | G8: ='5조'!G$68 -> 5조 - Microkernel - Availability
A9: 6조 | B9: ='6조'!B$68 -> 0 | C9: ='6조'!C$68 -> 계층 분리는 결함의 위치 파악과 복구에 도움이 되지만, 하위 Layer에 장애가 발생하면 이를 사용하는 모든 상위 Layer가 영향을 받는다. | D9: ='6조'!D$68 | E9: ='6조'!E$68 -> 6조 - Virtual Machine - Availability | F9: ='6조'!F$68 | G9: ='6조'!G$68 -> 6조 - Microkernel - Availability
A10: 7조 | B10: ='7조'!B$68 | C10: ='7조'!C$68 -> 7조 - Layered - Availability | D10: ='7조'!D$68 | E10: ='7조'!E$68 -> 7조 - Virtual Machine - Availability | F10: ='7조'!F$68 | G10: ='7조'!G$68 -> 7조 - Microkernel - Availability
A11: 8조 | B11: ='8조'!B$68 | C11: ='8조'!C$68 -> 8조 - Layered - Availability | D11: ='8조'!D$68 | E11: ='8조'!E$68 -> 8조 - Virtual Machine - Availability | F11: ='8조'!F$68 | G11: ='8조'!G$68 -> 8조 - Microkernel - Availability
A12: 9조 | B12: ='9조'!B$68 | C12: ='9조'!C$68 -> 9조 - Layered - Availability | D12: ='9조'!D$68 | E12: ='9조'!E$68 -> 9조 - Virtual Machine - Availability | F12: ='9조'!F$68 | G12: ='9조'!G$68 -> 9조 - Microkernel - Availability
A14: Deployability | B14: ='Detailed Reasoning'!B$69 | C14: ='Detailed Reasoning'!C$69 | D14: ='Detailed Reasoning'!D$69 | E14: ='Detailed Reasoning'!E$69 | F14: ='Detailed Reasoning'!F$69 | G14: ='Detailed Reasoning'!G$69
A15: 1조 | B15: ='1조'!B$69 -> + | C15: ='1조'!C$69 -> [+] 인접 인터페이스 유지 시 개별 레이어 배포 용이 [-] 전 계층 변경 시 전체 동시 배포 필요 | D15: ='1조'!D$69 | E15: ='1조'!E$69 -> 1조 - Virtual Machine - Deployability | F15: ='1조'!F$69 | G15: ='1조'!G$69 -> 1조 - Microkernel - Deployability | H15: Layer 계층 간 명확한 구조로 배포 예측성은 높지만, 하위 계층 변경이 상위 계층 재배포를 유발 (분리에서오는 유리함을 하위 의존성이 상쇄) VM VM 실행 환경의 격리 결합을 차단하여 이식성과 배포 안정성을 크게 높인다(++) 단, VM 계층 자체는 배포 병목이 된다(-) Microkernel 핵심을 안정적으로 고정하고 기능을 플러그인으로 분리. 부분·점진적 배포에 매우 유리
A16: 2조 | B16: ='2조'!B$69 -> + | C16: ='2조'!C$69 -> (+) 계층별 인터페이스만 유지되면 특정 계층만 독립 배포·업데이트 가능. / (-) 의존 방향에 따른 배포 순서 제약. | D16: ='2조'!D$69 | E16: ='2조'!E$69 -> 2조 - Virtual Machine - Deployability | F16: ='2조'!F$69 | G16: ='2조'!G$69 -> 2조 - Microkernel - Deployability
A17: 3조 | B17: ='3조'!B$69 -> + | C17: ='3조'!C$69 -> 각 layer를 독립적으로 배포·유지보수·갱신할 수 있어 deployability에 유리하다. | D17: ='3조'!D$69 | E17: ='3조'!E$69 -> 3조 - Virtual Machine - Deployability | F17: ='3조'!F$69 | G17: ='3조'!G$69 -> 3조 - Microkernel - Deployability
A18: 4조 | B18: ='4조'!B$69 -> 0 | C18: ='4조'!C$69 -> 계층을 나누어도 각각 따로 배포할 수 있는지는 구현에 따라 달라진다. | D18: ='4조'!D$69 | E18: ='4조'!E$69 -> Human - Virtual Machine - Deployability | F18: ='4조'!F$69 | G18: ='4조'!G$69 -> Human - Microkernel - Deployability
A19: 5조 | B19: ='5조'!B$69 -> + | C19: ='5조'!C$69 -> 계층이 분리되어있으므로 특정 계층 독립적으로 배포 가능하다. | D19: ='5조'!D$69 | E19: ='5조'!E$69 -> 5조 - Virtual Machine - Deployability | F19: ='5조'!F$69 | G19: ='5조'!G$69 -> 5조 - Microkernel - Deployability
A20: 6조 | B20: ='6조'!B$69 -> + | C20: ='6조'!C$69 -> 계층별 책임과 인터페이스가 분리되어 있어 변경된 Layer를 비교적 독립적으로 배포·교체할 수 있다. 다만 하위 인터페이스 변경 시 상위 Layer도 함께 배포해야 할 수 있다. | D20: ='6조'!D$69 | E20: ='6조'!E$69 -> 6조 - Virtual Machine - Deployability | F20: ='6조'!F$69 | G20: ='6조'!G$69 -> 6조 - Microkernel - Deployability
A21: 7조 | B21: ='7조'!B$69 | C21: ='7조'!C$69 -> 7조 - Layered - Deployability | D21: ='7조'!D$69 | E21: ='7조'!E$69 -> 7조 - Virtual Machine - Deployability | F21: ='7조'!F$69 | G21: ='7조'!G$69 -> 7조 - Microkernel - Deployability
A22: 8조 | B22: ='8조'!B$69 | C22: ='8조'!C$69 -> 8조 - Layered - Deployability | D22: ='8조'!D$69 | E22: ='8조'!E$69 -> 8조 - Virtual Machine - Deployability | F22: ='8조'!F$69 | G22: ='8조'!G$69 -> 8조 - Microkernel - Deployability
A23: 9조 | B23: ='9조'!B$69 | C23: ='9조'!C$69 -> 9조 - Layered - Deployability | D23: ='9조'!D$69 | E23: ='9조'!E$69 -> 9조 - Virtual Machine - Deployability | F23: ='9조'!F$69 | G23: ='9조'!G$69 -> 9조 - Microkernel - Deployability
A25: Integrability | B25: ='Detailed Reasoning'!B$70 | C25: ='Detailed Reasoning'!C$70 | D25: ='Detailed Reasoning'!D$70 | E25: ='Detailed Reasoning'!E$70 | F25: ='Detailed Reasoning'!F$70 | G25: ='Detailed Reasoning'!G$70
A26: 1조 | B26: ='1조'!B$70 -> + | C26: ='1조'!C$70 -> [+] 상단 API를 통한 이종 시스템 통합 용이 [-] 계층 스킵이 불가능하여 연동 제약 발생 | D26: ='1조'!D$70 | E26: ='1조'!E$70 -> 1조 - Virtual Machine - Integrability | F26: ='1조'!F$70 | G26: ='1조'!G$70 -> 1조 - Microkernel - Integrability | H26: Layer 계층 간 명확한 인터페이스 덕분에 특정 계층에서의 통합은 비교적 쉬움(+) 하위 계층 변경이 상위 통합에 영향을 미침 (-) 하나의 계층을 외부 시스템과의 통합에 필요한 레이어로 구현하여, 통합용이성을 향상(+) VM 표준 실행 환경과 추상 API를 제공하여, 상위 애플리케이션 간 이식성과 간접 통합이 매우 용이(++) 다만 외부 시스템과 장치와의 직접 통합은 VM의 추상 계층(Hypervisor)으로 인한 제약때문에 한계가 있음(-) Microkernel 표준 인터페이스와 프로토콜을 사용하여 커널과 플러그인 간의 상호 작용을 연결하는 구조는 새로운 컴포넌트(플러그인) 일관성 있는 통합에 매우 유리
A27: 2조 | B27: ='2조'!B$70 -> + | C27: ='2조'!C$70 -> layer 가 응집도가 높고 아래 layer 에만 결합되어 재사용·교체·대체가 쉽다 | D27: ='2조'!D$70 | E27: ='2조'!E$70 -> 2조 - Virtual Machine - Integrability | F27: ='2조'!F$70 | G27: ='2조'!G$70 -> 2조 - Microkernel - Integrability
A28: 3조 | B28: ='3조'!B$70 -> + | C28: ='3조'!C$70 -> Layer 간 서비스 사용 관계가 명확해, 정해진 인터페이스를 기준으로 상하 계층을 통합하기 쉽다. | D28: ='3조'!D$70 | E28: ='3조'!E$70 -> 3조 - Virtual Machine - Integrability | F28: ='3조'!F$70 | G28: ='3조'!G$70 -> 3조 - Microkernel - Integrability
A29: 4조 | B29: ='4조'!B$70 -> + | C29: ='4조'!C$70 -> 계층 사이의 연결 규칙이 명확하면 새로운 기능을 연결하기 쉽다. | D29: ='4조'!D$70 | E29: ='4조'!E$70 -> Human - Virtual Machine - Integrability | F29: ='4조'!F$70 | G29: ='4조'!G$70 -> Human - Microkernel - Integrability
A30: 5조 | B30: ='5조'!B$70 -> + | C30: ='5조'!C$70 -> 명확한 계층 인터페이스로 인하여 외부 모듈의 연동이 수월하다. | D30: ='5조'!D$70 | E30: ='5조'!E$70 -> 5조 - Virtual Machine - Integrability | F30: ='5조'!F$70 | G30: ='5조'!G$70 -> 5조 - Microkernel - Integrability
A31: 6조 | B31: ='6조'!B$70 -> + | C31: ='6조'!C$70 -> 각 layer가 정의된 인터페이스로 서비스를 제공하므로(약한 결합), 그 인터페이스만 유지되면 아래 구현을 새 컴포넌트로 교체하거나 다른 시스템과 연동하기 쉽다 | D31: ='6조'!D$70 | E31: ='6조'!E$70 -> 6조 - Virtual Machine - Integrability | F31: ='6조'!F$70 | G31: ='6조'!G$70 -> 6조 - Microkernel - Integrability
A32: 7조 | B32: ='7조'!B$70 | C32: ='7조'!C$70 -> 7조 - Layered - Integrability | D32: ='7조'!D$70 | E32: ='7조'!E$70 -> 7조 - Virtual Machine - Integrability | F32: ='7조'!F$70 | G32: ='7조'!G$70 -> 7조 - Microkernel - Integrability
A33: 8조 | B33: ='8조'!B$70 | C33: ='8조'!C$70 -> 8조 - Layered - Integrability | D33: ='8조'!D$70 | E33: ='8조'!E$70 -> 8조 - Virtual Machine - Integrability | F33: ='8조'!F$70 | G33: ='8조'!G$70 -> 8조 - Microkernel - Integrability
A34: 9조 | B34: ='9조'!B$70 | C34: ='9조'!C$70 -> 9조 - Layered - Integrability | D34: ='9조'!D$70 | E34: ='9조'!E$70 -> 9조 - Virtual Machine - Integrability | F34: ='9조'!F$70 | G34: ='9조'!G$70 -> 9조 - Microkernel - Integrability
A36: Energy Efficiency | B36: ='Detailed Reasoning'!B$71 | C36: ='Detailed Reasoning'!C$71 | D36: ='Detailed Reasoning'!D$71 | E36: ='Detailed Reasoning'!E$71 | F36: ='Detailed Reasoning'!F$71 | G36: ='Detailed Reasoning'!G$71
A37: 1조 | B37: ='1조'!B$71 -> - | C37: ='1조'!C$71 -> 요청이 여러 계층을 거치면서 추가적인 호출과 데이터 전달·변환이 발생할 수 있어 자원 사용과 에너지 소비가 증가할 수 있다. | D37: ='1조'!D$71 | E37: ='1조'!E$71 -> 1조 - Virtual Machine - Energy Efficiency | F37: ='1조'!F$71 | G37: ='1조'!G$71 -> 1조 - Microkernel - Energy Efficiency | H37: Layer 계층이 많아질수로 호출/변환 오버헤드가 증가되어 에너지 효율이 다소 떨어짐 VM VM 증가은 추상화/인터프리팅/가상화 오버헤드로 많은 리소스를 소모 Microkernel 필요한 서비스만 로드가능 하여 유휴 리소스를 줄일 수 있다(+) 단, 빈번한 IPC/컨텍스트 스위칭은 리소스 소모를 증가 시킨다(-)
A38: 2조 | B38: ='2조'!B$71 -> - | C38: ='2조'!C$71 -> 인접 계층 간 메모리 호출 시 효율적이지만, layer 를 하나 지날 때마다 호출과 변환이 생겨 층이 많을수록 오버헤드 발생함. | D38: ='2조'!D$71 | E38: ='2조'!E$71 -> 2조 - Virtual Machine - Energy Efficiency | F38: ='2조'!F$71 | G38: ='2조'!G$71 -> 2조 - Microkernel - Energy Efficiency
A39: 3조 | B39: ='3조'!B$71 -> - | C39: ='3조'!C$71 -> 여러 layer를 거치며 호출과 데이터 전달 overhead가 생겨 자원 사용이 늘 수 있다. | D39: ='3조'!D$71 | E39: ='3조'!E$71 -> 3조 - Virtual Machine - Energy Efficiency | F39: ='3조'!F$71 | G39: ='3조'!G$71 -> 3조 - Microkernel - Energy Efficiency
A40: 4조 | B40: ='4조'!B$71 -> 0 | C40: ='4조'!C$71 -> 계층 수와 호출 방식에 따라 추가 처리 비용이 달라진다. | D40: ='4조'!D$71 | E40: ='4조'!E$71 -> Human - Virtual Machine - Energy Efficiency | F40: ='4조'!F$71 | G40: ='4조'!G$71 -> Human - Microkernel - Energy Efficiency
A41: 5조 | B41: ='5조'!B$71 -> - | C41: ='5조'!C$71 -> 여러 계층을 통과하는 과정에서 호출 및 데이터 변환에 의한 오버헤드가 발생한다. | D41: ='5조'!D$71 | E41: ='5조'!E$71 -> 5조 - Virtual Machine - Energy Efficiency | F41: ='5조'!F$71 | G41: ='5조'!G$71 -> 5조 - Microkernel - Energy Efficiency
A42: 6조 | B42: ='6조'!B$71 -> - | C42: ='6조'!C$71 -> Layer 수가 많을수록 요청이 여러 Layer를 순차적으로 통과하면서 반복적인 호출, 데이터 변환 및 중간 처리에 추가 자원이 소모된다. | D42: ='6조'!D$71 | E42: ='6조'!E$71 -> 6조 - Virtual Machine - Energy Efficiency | F42: ='6조'!F$71 | G42: ='6조'!G$71 -> 6조 - Microkernel - Energy Efficiency
A43: 7조 | B43: ='7조'!B$71 | C43: ='7조'!C$71 -> 7조 - Layered - Energy Efficiency | D43: ='7조'!D$71 | E43: ='7조'!E$71 -> 7조 - Virtual Machine - Energy Efficiency | F43: ='7조'!F$71 | G43: ='7조'!G$71 -> 7조 - Microkernel - Energy Efficiency
A44: 8조 | B44: ='8조'!B$71 | C44: ='8조'!C$71 -> 8조 - Layered - Energy Efficiency | D44: ='8조'!D$71 | E44: ='8조'!E$71 -> 8조 - Virtual Machine - Energy Efficiency | F44: ='8조'!F$71 | G44: ='8조'!G$71 -> 8조 - Microkernel - Energy Efficiency
A45: 9조 | B45: ='9조'!B$71 | C45: ='9조'!C$71 -> 9조 - Layered - Energy Efficiency | D45: ='9조'!D$71 | E45: ='9조'!E$71 -> 9조 - Virtual Machine - Energy Efficiency | F45: ='9조'!F$71 | G45: ='9조'!G$71 -> 9조 - Microkernel - Energy Efficiency
A47: Modifiability | B47: ='Detailed Reasoning'!B$72 | C47: ='Detailed Reasoning'!C$72 | D47: ='Detailed Reasoning'!D$72 | E47: ='Detailed Reasoning'!E$72 | F47: ='Detailed Reasoning'!F$72 | G47: ='Detailed Reasoning'!G$72
A48: 1조 | B48: ='1조'!B$72 -> ++ | C48: ='1조'!C$72 -> 계층별로 관심사와 책임이 분리되고 내부 구현이 은닉되어 있어 인터페이스를 유지하는 변경은 해당 계층 내부로 영향 범위를 제한하기 쉽다. | D48: ='1조'!D$72 | E48: ='1조'!E$72 -> 1조 - Virtual Machine - Modifiability | F48: ='1조'!F$72 | G48: ='1조'!G$72 -> 1조 - Microkernel - Modifiability | H48: Layer 각각의 계층이 독립적으로 개발, 유지보수 및 배치가 될 수 있다.기능/역할 분리(+) 하위 레이어의 수정이 상위에 영향을 준다 (-) VM 플랫폼 의존적인 부분을 감춤으로 다른 플랫폼으로의 이식성이 좋다. Microkernel 새로운 Plug-in 의 추가/변경이 다른 요소에 영향을 주지 않는다.
A49: 2조 | B49: ='2조'!B$72 -> ++ | C49: ='2조'!C$72 -> 계층 응집도가 높고, 하위 계층에만 결합(Allowed-to-use)되어 계층 단위 교체 및 수정이 극히 용이하다 | D49: ='2조'!D$72 | E49: ='2조'!E$72 -> 2조 - Virtual Machine - Modifiability | F49: ='2조'!F$72 | G49: ='2조'!G$72 -> 2조 - Microkernel - Modifiability
A50: 3조 | B50: ='3조'!B$72 -> ++ | C50: ='3조'!C$72 -> 단방향 의존과 layer별 책임 분리로 변경 영향 범위를 줄이고 재사용·교체가 쉽다. | D50: ='3조'!D$72 | E50: ='3조'!E$72 -> 3조 - Virtual Machine - Modifiability | F50: ='3조'!F$72 | G50: ='3조'!G$72 -> 3조 - Microkernel - Modifiability
A51: 4조 | B51: ='4조'!B$72 -> ++ | C51: ='4조'!C$72 -> 인터페이스만 안정적이면 다른 계층에 영향을 주지 않고 한 계층을 재구현하거나 교체할 수 있다. | D51: ='4조'!D$72 | E51: ='4조'!E$72 -> Human - Virtual Machine - Modifiability | F51: ='4조'!F$72 | G51: ='4조'!G$72 -> Human - Microkernel - Modifiability
A52: 5조 | B52: ='5조'!B$72 -> + | C52: ='5조'!C$72 -> 특정 계층에 변경을 국소화할 수 있으므로 상위 계층에 대한 파급이 적을 수 있다. | D52: ='5조'!D$72 | E52: ='5조'!E$72 -> 5조 - Virtual Machine - Modifiability | F52: ='5조'!F$72 | G52: ='5조'!G$72 -> 5조 - Microkernel - Modifiability
A53: 6조 | B53: ='6조'!B$72 -> + | C53: ='6조'!C$72 -> layer 내 한 모듈이 연결된 범위가 최대 한 layer 로, 영향범위 파악이 쉽고 수정 쉬움 | D53: ='6조'!D$72 | E53: ='6조'!E$72 -> 6조 - Virtual Machine - Modifiability | F53: ='6조'!F$72 | G53: ='6조'!G$72 -> 6조 - Microkernel - Modifiability
A54: 7조 | B54: ='7조'!B$72 | C54: ='7조'!C$72 -> 7조 - Layered - Modifiability | D54: ='7조'!D$72 | E54: ='7조'!E$72 -> 7조 - Virtual Machine - Modifiability | F54: ='7조'!F$72 | G54: ='7조'!G$72 -> 7조 - Microkernel - Modifiability
A55: 8조 | B55: ='8조'!B$72 | C55: ='8조'!C$72 -> 8조 - Layered - Modifiability | D55: ='8조'!D$72 | E55: ='8조'!E$72 -> 8조 - Virtual Machine - Modifiability | F55: ='8조'!F$72 | G55: ='8조'!G$72 -> 8조 - Microkernel - Modifiability
A56: 9조 | B56: ='9조'!B$72 | C56: ='9조'!C$72 -> 9조 - Layered - Modifiability | D56: ='9조'!D$72 | E56: ='9조'!E$72 -> 9조 - Virtual Machine - Modifiability | F56: ='9조'!F$72 | G56: ='9조'!G$72 -> 9조 - Microkernel - Modifiability
A58: Performance | B58: ='Detailed Reasoning'!B$73 | C58: ='Detailed Reasoning'!C$73 | D58: ='Detailed Reasoning'!D$73 | E58: ='Detailed Reasoning'!E$73 | F58: ='Detailed Reasoning'!F$73 | G58: ='Detailed Reasoning'!G$73
A59: 1조 | B59: ='1조'!B$73 -> - | C59: ='1조'!C$73 -> [-] 요청의 다중 레이어 통과로 Latency 저하 | D59: ='1조'!D$73 | E59: ='1조'!E$73 -> 1조 - Virtual Machine - Performance | F59: ='1조'!F$73 | G59: ='1조'!G$73 -> 1조 - Microkernel - Performance | H59: Layer 레이어가 많아질수록 호출/반환의 오버해드 및 지연 증가 VM 인터프리터 방식으로 하나의 추가적인 단계를 두기 때문에 오버헤드가 발생. Microkernel "Monolithic" 구조에 비해서 느리다. (IPC/컨텍스트 스위칭 오버해드)
A60: 2조 | B60: ='2조'!B$73 -> - | C60: ='2조'!C$73 -> layer 가 너무 많으면 성능이 떨어진다고 교안이 명시한다 — 매 layer을 거쳐야 한다. 다만, Relaxed Layering으로 일부 보완 가능하다. | D60: ='2조'!D$73 | E60: ='2조'!E$73 -> 2조 - Virtual Machine - Performance | F60: ='2조'!F$73 | G60: ='2조'!G$73 -> 2조 - Microkernel - Performance
A61: 3조 | B61: ='3조'!B$73 -> - | C61: ='3조'!C$73 -> 계층 순차 통과 오버헤드(Sinkhole)로 직접 호출보다 느리다 | D61: ='3조'!D$73 | E61: ='3조'!E$73 -> 3조 - Virtual Machine - Performance | F61: ='3조'!F$73 | G61: ='3조'!G$73 -> 3조 - Microkernel - Performance
A62: 4조 | B62: ='4조'!B$73 -> - | C62: ='4조'!C$73 -> 계층 통과와 계층별 표현 간 반복 변환이 모든 연산에 지연을 더한다. | D62: ='4조'!D$73 | E62: ='4조'!E$73 -> Human - Virtual Machine - Performance | F62: ='4조'!F$73 | G62: ='4조'!G$73 -> Human - Microkernel - Performance
A63: 5조 | B63: ='5조'!B$73 -> - | C63: ='5조'!C$73 -> 계층 누적에 따른 오버헤드 발생 | D63: ='5조'!D$73 | E63: ='5조'!E$73 -> 5조 - Virtual Machine - Performance | F63: ='5조'!F$73 | G63: ='5조'!G$73 -> 5조 - Microkernel - Performance
A64: 6조 | B64: ='6조'!B$73 -> -- | C64: ='6조'!C$73 -> layer 구성으로 인해 불필요한 indirect 파이프라인 사용 필수적이게 됨 | D64: ='6조'!D$73 | E64: ='6조'!E$73 -> 6조 - Virtual Machine - Performance | F64: ='6조'!F$73 | G64: ='6조'!G$73 -> 6조 - Microkernel - Performance
A65: 7조 | B65: ='7조'!B$73 | C65: ='7조'!C$73 -> 7조 - Layered - Performance | D65: ='7조'!D$73 | E65: ='7조'!E$73 -> 7조 - Virtual Machine - Performance | F65: ='7조'!F$73 | G65: ='7조'!G$73 -> 7조 - Microkernel - Performance
A66: 8조 | B66: ='8조'!B$73 | C66: ='8조'!C$73 -> 8조 - Layered - Performance | D66: ='8조'!D$73 | E66: ='8조'!E$73 -> 8조 - Virtual Machine - Performance | F66: ='8조'!F$73 | G66: ='8조'!G$73 -> 8조 - Microkernel - Performance
A67: 9조 | B67: ='9조'!B$73 | C67: ='9조'!C$73 -> 9조 - Layered - Performance | D67: ='9조'!D$73 | E67: ='9조'!E$73 -> 9조 - Virtual Machine - Performance | F67: ='9조'!F$73 | G67: ='9조'!G$73 -> 9조 - Microkernel - Performance
A69: Safety | B69: ='Detailed Reasoning'!B$74 | C69: ='Detailed Reasoning'!C$74 | D69: ='Detailed Reasoning'!D$74 | E69: ='Detailed Reasoning'!E$74 | F69: ='Detailed Reasoning'!F$74 | G69: ='Detailed Reasoning'!G$74
A70: 1조 | B70: ='1조'!B$74 -> + | C70: ='1조'!C$74 -> 계층별 책임이 분리되어 검증이나 제어 기능을 특정 계층에 일관되게 적용할 수 있고, 계층 경계에서 오류를 검증하여 잘못된 동작의 전파를 제한할 수 있다. | D70: ='1조'!D$74 | E70: ='1조'!E$74 -> 1조 - Virtual Machine - Safety | F70: ='1조'!F$74 | G70: ='1조'!G$74 -> 1조 - Microkernel - Safety | H70: Layer 계층 경계가 명확해 안전 검증/차단이 용이하여 결함 전파를 줄이기 유리함(+) 단, 차단 실패시 하위 레이어의 불안오소가 시스템 전반에 미치는 영향이 커진다(-) VM 격리로 오류 전파 차단(+) 가상화 계층(Hypervisor)의 결함/오버헤드가 시스템 전체의 안전을 저해할 수 있다.(-) Microkernel 플러그인의 불안요소는 시스템 전체의 영향이 작다(+) 단, 커널·IPC 경로에 문제가 생기거나 전파되면 시스템 전체가 영향을 받을 수 있다(-)
A71: 2조 | B71: ='2조'!B$74 -> + | C71: ='2조'!C$74 -> 층마다 검사와 경계를 둘 수 있어 잘못된 값이 아래로 그대로 흘러가지 않고, 단방향 의존성으로 예측 가능성 확보함 | D71: ='2조'!D$74 | E71: ='2조'!E$74 -> 2조 - Virtual Machine - Safety | F71: ='2조'!F$74 | G71: ='2조'!G$74 -> 2조 - Microkernel - Safety
A72: 3조 | B72: ='3조'!B$74 -> + | C72: ='3조'!C$74 -> 엄격한 단방향 호출 규칙을 통해 컴포넌트 간 무분별한 참조를 차단하고 단계별 상태 검증을 수행하기 용이합니다. | D72: ='3조'!D$74 | E72: ='3조'!E$74 -> 3조 - Virtual Machine - Safety | F72: ='3조'!F$74 | G72: ='3조'!G$74 -> 3조 - Microkernel - Safety
A73: 4조 | B73: ='4조'!B$74 -> 0 | C73: ='4조'!C$74 -> 계층 구분만으로 오류 전파나 위험한 동작을 막는다고 보기는 어렵다. | D73: ='4조'!D$74 | E73: ='4조'!E$74 -> Human - Virtual Machine - Safety | F73: ='4조'!F$74 | G73: ='4조'!G$74 -> Human - Microkernel - Safety
A74: 5조 | B74: ='5조'!B$74 -> 0 | C74: ='5조'!C$74 -> 하위 계층에만 결합되어 있어 변경/장애의 확산을 일부 제한할 수 있으나, 최하위 핵심 계층(예: DB/Infra Layer)에 오류가 발생하면 상위 계층 전체에 영향을 줄 수 있어 제어 범위가 제한적임. | D74: ='5조'!D$74 | E74: ='5조'!E$74 -> 5조 - Virtual Machine - Safety | F74: ='5조'!F$74 | G74: ='5조'!G$74 -> 5조 - Microkernel - Safety
A75: 6조 | B75: ='6조'!B$74 -> + | C75: ='6조'!C$74 -> layer 내 한 모듈이 죽더라도, 전체 layer 및 architecture 영향 적음 | D75: ='6조'!D$74 | E75: ='6조'!E$74 -> 6조 - Virtual Machine - Safety | F75: ='6조'!F$74 | G75: ='6조'!G$74 -> 6조 - Microkernel - Safety
A76: 7조 | B76: ='7조'!B$74 | C76: ='7조'!C$74 -> 7조 - Layered - Safety | D76: ='7조'!D$74 | E76: ='7조'!E$74 -> 7조 - Virtual Machine - Safety | F76: ='7조'!F$74 | G76: ='7조'!G$74 -> 7조 - Microkernel - Safety
A77: 8조 | B77: ='8조'!B$74 | C77: ='8조'!C$74 -> 8조 - Layered - Safety | D77: ='8조'!D$74 | E77: ='8조'!E$74 -> 8조 - Virtual Machine - Safety | F77: ='8조'!F$74 | G77: ='8조'!G$74 -> 8조 - Microkernel - Safety
A78: 9조 | B78: ='9조'!B$74 | C78: ='9조'!C$74 -> 9조 - Layered - Safety | D78: ='9조'!D$74 | E78: ='9조'!E$74 -> 9조 - Virtual Machine - Safety | F78: ='9조'!F$74 | G78: ='9조'!G$74 -> 9조 - Microkernel - Safety
A80: Security | B80: ='Detailed Reasoning'!B$75 | C80: ='Detailed Reasoning'!C$75 | D80: ='Detailed Reasoning'!D$75 | E80: ='Detailed Reasoning'!E$75 | F80: ='Detailed Reasoning'!F$75 | G80: ='Detailed Reasoning'!G$75
A81: 1조 | B81: ='1조'!B$75 -> ++ | C81: ='1조'!C$75 -> [++] 계층별 다중 보안 정책 단계적 적용 우수 | D81: ='1조'!D$75 | E81: ='1조'!E$75 -> 1조 - Virtual Machine - Security | F81: ='1조'!F$75 | G81: ='1조'!G$75 -> 1조 - Microkernel - Security | H81: Layer 각 계층의 내부 정보를 다른 계층에 감추는 경우 유리. 정보분산(+) 데이터 레이어로 통합하는 경우 명확한 공격 포인트. 정보 집중(-) VM 정보의 분산. 물리적인 시스템과 분리된 여러 개의 VM 인스턴스를 구성, 한 VM에서 발생하는 보안 위협이 다른 VM에 영향을 미치는 것을 방지할 수 있다. Microkernel 정보(흐름)의 집중구간이 커널이됨. 커널 공격시 위험
A82: 2조 | B82: ='2조'!B$75 -> ++ | C82: ='2조'!C$75 -> 각 layer별 내부 구현과 데이터를 숨기며, 계층 경계마다 다층 방어(Defense in depth) 적용 가능하다 | D82: ='2조'!D$75 | E82: ='2조'!E$75 -> 2조 - Virtual Machine - Security | F82: ='2조'!F$75 | G82: ='2조'!G$75 -> 2조 - Microkernel - Security
A83: 3조 | B83: ='3조'!B$75 -> + | C83: ='3조'!C$75 -> 각 layer가 내부 정보를 숨길 수 있어 보안 경계를 만들기 쉽다. | D83: ='3조'!D$75 | E83: ='3조'!E$75 -> 3조 - Virtual Machine - Security | F83: ='3조'!F$75 | G83: ='3조'!G$75 -> 3조 - Microkernel - Security
A84: 4조 | B84: ='4조'!B$75 -> + | C84: ='4조'!C$75 -> 계층이 자연스러운 다층 방어 경계가 되어 검증·인증·접근 제어를 단계적으로 강제할 수 있다. | D84: ='4조'!D$75 | E84: ='4조'!E$75 -> Human - Virtual Machine - Security | F84: ='4조'!F$75 | G84: ='4조'!G$75 -> Human - Microkernel - Security
A85: 5조 | B85: ='5조'!B$75 -> + | C85: ='5조'!C$75 -> layer별 private정보를 다른 layer에서 확인 어렵기 때문에 security 좋음 | D85: ='5조'!D$75 | E85: ='5조'!E$75 -> 5조 - Virtual Machine - Security | F85: ='5조'!F$75 | G85: ='5조'!G$75 -> 5조 - Microkernel - Security
A86: 6조 | B86: ='6조'!B$75 -> + | C86: ='6조'!C$75 -> layer 기준으로 security access control 용이 | D86: ='6조'!D$75 | E86: ='6조'!E$75 -> 6조 - Virtual Machine - Security | F86: ='6조'!F$75 | G86: ='6조'!G$75 -> 6조 - Microkernel - Security
A87: 7조 | B87: ='7조'!B$75 | C87: ='7조'!C$75 -> 7조 - Layered - Security | D87: ='7조'!D$75 | E87: ='7조'!E$75 -> 7조 - Virtual Machine - Security | F87: ='7조'!F$75 | G87: ='7조'!G$75 -> 7조 - Microkernel - Security
A88: 8조 | B88: ='8조'!B$75 | C88: ='8조'!C$75 -> 8조 - Layered - Security | D88: ='8조'!D$75 | E88: ='8조'!E$75 -> 8조 - Virtual Machine - Security | F88: ='8조'!F$75 | G88: ='8조'!G$75 -> 8조 - Microkernel - Security
A89: 9조 | B89: ='9조'!B$75 | C89: ='9조'!C$75 -> 9조 - Layered - Security | D89: ='9조'!D$75 | E89: ='9조'!E$75 -> 9조 - Virtual Machine - Security | F89: ='9조'!F$75 | G89: ='9조'!G$75 -> 9조 - Microkernel - Security
A91: Testability | B91: ='Detailed Reasoning'!B$76 | C91: ='Detailed Reasoning'!C$76 | D91: ='Detailed Reasoning'!D$76 | E91: ='Detailed Reasoning'!E$76 | F91: ='Detailed Reasoning'!F$76 | G91: ='Detailed Reasoning'!G$76
A92: 1조 | B92: ='1조'!B$76 -> ++ | C92: ='1조'!C$76 -> 계층별 역할과 인터페이스가 명확하게 분리되어 있어 각 계층을 독립적으로 시험하고 하위 계층을 Mock이나 Stub으로 대체하여 결함을 확인하기 쉽다. | D92: ='1조'!D$76 | E92: ='1조'!E$76 -> 1조 - Virtual Machine - Testability | F92: ='1조'!F$76 | G92: ='1조'!G$76 -> 1조 - Microkernel - Testability | H92: Layer 레이어별 단위 테스트 용이. 통합 테스트 구성도 비교적 단순해짐 VM 재난 및 위험 상황에 대한 시뮬레이션을 수행할 수 있다. Microkernel Plug-in 별로 단위 테스트가 용이하다.(+) 통합 테스트 구조가 다소 복장(Monolithic대비)
A93: 2조 | B93: ='2조'!B$76 -> + | C93: ='2조'!C$76 -> component 를 서로 독립적으로 시험할 수 있고, 아래 layer 를 가짜로 바꿔 끼우기 쉽지만, 계층 전체 관통 통합 테스트 복잡하다 | D93: ='2조'!D$76 | E93: ='2조'!E$76 -> 2조 - Virtual Machine - Testability | F93: ='2조'!F$76 | G93: ='2조'!G$76 -> 2조 - Microkernel - Testability
A94: 3조 | B94: ='3조'!B$76 -> + | C94: ='3조'!C$76 -> Layer별 mock등 테스트환경 구성이 용이하여 testability높음 | D94: ='3조'!D$76 | E94: ='3조'!E$76 -> 3조 - Virtual Machine - Testability | F94: ='3조'!F$76 | G94: ='3조'!G$76 -> 3조 - Microkernel - Testability
A95: 4조 | B95: ='4조'!B$76 -> 0 | C95: ='4조'!C$76 -> 계층 사이의 연결 규칙이 명확하면 각 계층을 따로 시험하기 쉽다(단위 테스트). 다만 통합 테스트의 경우 어려움이 존재한다. | D95: ='4조'!D$76 | E95: ='4조'!E$76 -> Human - Virtual Machine - Testability | F95: ='4조'!F$76 | G95: ='4조'!G$76 -> Human - Microkernel - Testability
A96: 5조 | B96: ='5조'!B$76 -> + | C96: ='5조'!C$76 -> 독립된 layer별 test에 용이 | D96: ='5조'!D$76 | E96: ='5조'!E$76 -> 5조 - Virtual Machine - Testability | F96: ='5조'!F$76 | G96: ='5조'!G$76 -> 5조 - Microkernel - Testability
A97: 6조 | B97: ='6조'!B$76 -> + | C97: ='6조'!C$76 -> layered 내 모듈화 구성 , 영향범위는 한 layer 내로 예측 난이도 쉬움 | D97: ='6조'!D$76 | E97: ='6조'!E$76 -> 6조 - Virtual Machine - Testability | F97: ='6조'!F$76 | G97: ='6조'!G$76 -> 6조 - Microkernel - Testability
A98: 7조 | B98: ='7조'!B$76 | C98: ='7조'!C$76 -> 7조 - Layered - Testability | D98: ='7조'!D$76 | E98: ='7조'!E$76 -> 7조 - Virtual Machine - Testability | F98: ='7조'!F$76 | G98: ='7조'!G$76 -> 7조 - Microkernel - Testability
A99: 8조 | B99: ='8조'!B$76 | C99: ='8조'!C$76 -> 8조 - Layered - Testability | D99: ='8조'!D$76 | E99: ='8조'!E$76 -> 8조 - Virtual Machine - Testability | F99: ='8조'!F$76 | G99: ='8조'!G$76 -> 8조 - Microkernel - Testability
A100: 9조 | B100: ='9조'!B$76 | C100: ='9조'!C$76 -> 9조 - Layered - Testability | D100: ='9조'!D$76 | E100: ='9조'!E$76 -> 9조 - Virtual Machine - Testability | F100: ='9조'!F$76 | G100: ='9조'!G$76 -> 9조 - Microkernel - Testability
A102: Usability | B102: ='Detailed Reasoning'!B$77 | C102: ='Detailed Reasoning'!C$77 | D102: ='Detailed Reasoning'!D$77 | E102: ='Detailed Reasoning'!E$77 | F102: ='Detailed Reasoning'!F$77 | G102: ='Detailed Reasoning'!G$77
A103: 1조 | B103: ='1조'!B$77 -> 0 | C103: ='1조'!C$77 -> 사용자 인터페이스를 별도 계층으로 분리하여 변경하기는 쉽지만 Layered Style 자체가 화면 구성이나 사용자 조작 방식을 정의하지 않으므로 사용성에 직접적인 영향은 크지 않다. | D103: ='1조'!D$77 | E103: ='1조'!E$77 -> 1조 - Virtual Machine - Usability | F103: ='1조'!F$77 | G103: ='1조'!G$77 -> 1조 - Microkernel - Usability | H103: Layer 사용자 상호작용(UX)개선을 위한 레이어를 추가 하여기 용이함 VM 물리적인 시스템의 제약을 벗어나, 다양한 플랫폼 하에서 동작하는 애플리케이션을 사용 가능 Microkernel 사용자가 원하는 서비스만을 로딩하여 사용 할 수 있다.
A104: 2조 | B104: ='2조'!B$77 -> 0 | C104: ='2조'!C$77 -> UI 계층 분리로 다양한 클라이언트 지원 용이하지만, 층이 깊으면 계층 통과 지연으로 대화형 실시간 응답성에 간접 영향 가능하다. | D104: ='2조'!D$77 | E104: ='2조'!E$77 -> 2조 - Virtual Machine - Usability | F104: ='2조'!F$77 | G104: ='2조'!G$77 -> 2조 - Microkernel - Usability
A105: 3조 | B105: ='3조'!B$77 -> 0 | C105: ='3조'!C$77 -> user interaction과 관련없는 항목으로, usabiltiy영향성이 적음 | D105: ='3조'!D$77 | E105: ='3조'!E$77 -> 3조 - Virtual Machine - Usability | F105: ='3조'!F$77 | G105: ='3조'!G$77 -> 3조 - Microkernel - Usability
A106: 4조 | B106: ='4조'!B$77 -> 0 | C106: ='4조'!C$77 -> 계층 구조 자체가 화면의 편리함이나 사용자 응답을 직접 결정하지는 않는다. | D106: ='4조'!D$77 | E106: ='4조'!E$77 -> Human - Virtual Machine - Usability | F106: ='4조'!F$77 | G106: ='4조'!G$77 -> Human - Microkernel - Usability
A107: 5조 | B107: ='5조'!B$77 -> 0 | C107: ='5조'!C$77 -> Layered 패턴은 시스템의 내부 책임 분리와 소프트웨어 구조화에 초점을 맞추므로, 엔드 유저의 UI/UX 반응성이나 사용성에 직접적인 긍정/부정적 영향을 미치지 않음 | D107: ='5조'!D$77 | E107: ='5조'!E$77 -> 5조 - Virtual Machine - Usability | F107: ='5조'!F$77 | G107: ='5조'!G$77 -> 5조 - Microkernel - Usability
A108: 6조 | B108: ='6조'!B$77 -> + | C108: ='6조'!C$77 -> 필요한 layer 에 대해서만 접근. UI 탭은 UX 친화 지향적일 것 | D108: ='6조'!D$77 | E108: ='6조'!E$77 -> 6조 - Virtual Machine - Usability | F108: ='6조'!F$77 | G108: ='6조'!G$77 -> 6조 - Microkernel - Usability
A109: 7조 | B109: ='7조'!B$77 | C109: ='7조'!C$77 -> 7조 - Layered - Usability | D109: ='7조'!D$77 | E109: ='7조'!E$77 -> 7조 - Virtual Machine - Usability | F109: ='7조'!F$77 | G109: ='7조'!G$77 -> 7조 - Microkernel - Usability
...

Sheet DA1
A1: Distributed | B1: Multi-Tier | D1: Client-Server
B2: Effects | C2: Justification | D2: Effects | E2: Justification
A3: Availability | B3: 0 | C3: 0 | D3: 0 | E3: 0
A4: 1조 | B4: ='1조'!B81 -> - | C4: ='1조'!C81 -> [-] 티어 수가 많아짐에 따라 전체 장애 포인트(SPOF) 증가 | D4: ='1조'!D81 -> - | E4: ='1조'!E81 -> [-] 중앙 Server 장애 시 연결된 모든 Client 서비스 중단 | F4: Multi-Tier, Client Server 티어(서버)가의 중지는 서비스 전체으 동작에 여향을 준다(-) 단, 빠른 복구 또는 이중화가 가능(+)
A5: 2조 | B5: ='2조'!B81 -> - | C5: ='2조'!C81 -> Server 가 여러 대로 늘어나면 각 server 의 reliability 와 availability 가 더욱 중요해진다고 교안이 약점으로 든다. 한 tier 가 멈추면 그 위 tier 의 요청이 모두 막힌다 | D5: ='2조'!D81 -> - | E5: ='2조'!E81 -> 클라이언트와 서버의 분리로 장애 파악이 국소화되긴 하지만, 중앙 집중식 서버가 단일 장애점(SPOF)이 되어 서버 장애 시 연결된 모든 클라이언트의 서비스가 일시에 정지된다.
A6: 3조 | B6: ='3조'!B81 -> + | C6: ='3조'!C81 -> Tier 역할별로 분리되어, 특정 Tier 장애를 격리 및 복구하기 쉽다. 다만 핵심 Tier 장애는 전체 서비스에 영향을 줄수 있다. | D6: ='3조'!D81 -> - | E6: ='3조'!E81 -> Server가 요청 처리의 중심이므로 Server 장애 시 여러 Client가 함께 영향을 받는다.
A7: 4조 | B7: ='4조'!B81 -> 0 | C7: ='4조'!C81 -> 역할별 장애를 나누기 좋지만 공통 데이터 계층이 멈추면 여러 기능이 영향을 받는다. | D7: ='4조'!D81 -> 0 | E7: ='4조'!E81 -> Client의 장애는 분리하기 좋지만 공통 Server가 멈추면 여러 사용자가 영향을 받는다.
A8: 5조 | B8: ='5조'!B81 -> - | C8: ='5조'!C81 -> Tier가 증가할 수록 위험성이 증가하여 관리 요소가 늘어날 수 있음. | D8: ='5조'!D81 -> - | E8: ='5조'!E81 -> 서버가 단일 실패점이 될 수 있어 서버 장애 시 전체 시스템 중단될 수 있다.
A9: 6조 | B9: ='6조'!B81 -> + | C9: ='6조'!C81 -> Tier별로 서버를 분리하고 여러 인스턴스를 운영하면 장애를 격리하고 이중화하기 좋다. 특히 Application Tier를 여러 대로 구성하면 일부 서버 장애에도 서비스 지속이 가능하다. 다만 특정 Tier가 단일 장애점(SPOF)이 되면 전체 서비스가 영향을 받을 수 있다. | D9: ='6조'!D81 -> - | E9: ='6조'!E81 -> 서버 이중화로 개선 가능하나, 기본 구조는 서버가 단일 장애점이라서 문제 가능성 있음
A10: 7조 | B10: ='7조'!B81 | C10: ='7조'!C81 -> 7조 - Multi-tier - Availability | D10: ='7조'!D81 | E10: ='7조'!E81 -> 7조 - Client-Server - Availability
A11: 8조 | B11: ='8조'!B81 | C11: ='8조'!C81 -> 8조 - Multi-tier - Availability | D11: ='8조'!D81 | E11: ='8조'!E81 -> 8조 - Client-Server - Availability
A12: 9조 | B12: ='9조'!B81 | C12: ='9조'!C81 -> 9조 - Multi-tier - Availability | D12: ='9조'!D81 | E12: ='9조'!E81 -> 9조 - Client-Server - Availability
A14: Deployability | B14: 0 | C14: 0 | D14: 0 | E14: 0
A15: 1조 | B15: ='1조'!B82 -> + | C15: ='1조'!C82 -> [+] 각 티어를 독립 물리 서버/컨테이너에 분리 배포 극대화 | D15: ='1조'!D82 -> + | E15: ='1조'!E82 -> [+] Server 단독 기능 업데이트 및 배포 단순함 | F15: Multi-Tier 티어 단위의 배포는 가능하나, 티어 간의 계약 변경시 연쇄 배포가 필요함 Client Server Client–Server에서 클라이언트 업데이트가 필요해지는 순간, ‘사용자 디바이스 전체’로 확장되어 급격히 악화된다.(--) 서버 중심의 배포는 비교적 단순하다(+)
A16: 2조 | B16: ='2조'!B82 -> + | C16: ='2조'!C82 -> (+) 물리적 인프라 수준에서 티어가 분리되어 있어 Presentation, Application, Data 티어 단위로 독립 배포 및 롤백이 가능함. / (-) 티어 간 인터페이스 및 데이터 스키마 변경 시 전체 티어의 동시 배포가 강제됨 | D16: ='2조'!D82 -> + | E16: ='2조'!E82 -> 표준 Request/Reply 프로토콜만 유지하면 클라이언트와 독립적으로 서버 컴포넌트만을 교체·배포할 수 있지만, Thick Client 환경의 경우 클라이언트 배포 및 버전 동기화 부담이 크긴 함.
A17: 3조 | B17: ='3조'!B82 -> + | C17: ='3조'!C82 -> UI, Business, Data Tier처럼 배포 단위가 나뉘어 특정 Tier만 갱신하거나 확장 배포하기 쉽다. | D17: ='3조'!D82 -> 0 | E17: ='3조'!E82 -> Client와 Server를 분리 배포할 수는 있지만, Server 변경이 여러 Client 호환성에 영향을 줄 수 있다.
A18: 4조 | B18: ='4조'!B82 -> ++ | C18: ='4조'!C82 -> 티어별로 별도 인프라에서 독립적으로 배포·확장·업그레이드할 수 있다. | D18: ='4조'!D82 -> ++ | E18: ='4조'!E82 -> 서버 측 변경은 한 번 배포하면 모든 클라이언트에 즉시 반영된다. 별도 배포가 필요한 것은 진짜 클라이언트 측 변경뿐이다.
A19: 5조 | B19: ='5조'!B82 -> + | C19: ='5조'!C82 -> 각 Tier별 기능이 나누어져 있으므로 Tier에 해당하는 시스템의 단독 배포가 용이하다. | D19: ='5조'!D82 -> + | E19: ='5조'!E82 -> 클라이언트와 서버를 각각 독립적으로 배포가 가능하다.
A20: 6조 | B20: ='6조'!B82 -> + | C20: ='6조'!C82 -> 각 Tier가 독립적으로 배포될 수 있어 변경 범위를 제한하기 쉽다. 예를 들어 Presentation Tier와 Data Tier를 별도로 배포할 수 있다. 반면 Tier 간 인터페이스나 버전 의존성이 있으면 동시 배포가 필요할 수 있다. | D20: ='6조'!D82 -> ++ | E20: ='6조'!E82 -> 클라이언트와 서버가 독립 배포 가능함
A21: 7조 | B21: ='7조'!B82 | C21: ='7조'!C82 -> 7조 - Multi-tier - Deployability | D21: ='7조'!D82 | E21: ='7조'!E82 -> 7조 - Client-Server - Deployability
A22: 8조 | B22: ='8조'!B82 | C22: ='8조'!C82 -> 8조 - Multi-tier - Deployability | D22: ='8조'!D82 | E22: ='8조'!E82 -> 8조 - Client-Server - Deployability
A23: 9조 | B23: ='9조'!B82 | C23: ='9조'!C82 -> 9조 - Multi-tier - Deployability | D23: ='9조'!D82 | E23: ='9조'!E82 -> 9조 - Client-Server - Deployability
A25: Integrability | B25: 0 | C25: 0 | D25: 0 | E25: 0
A26: 1조 | B26: ='1조'!B83 -> + | C26: ='1조'!C83 -> [+] 미들웨어 티어를 통해 다양한 외부 시스템 통합 용이 | D26: ='1조'!D83 -> + | E26: ='1조'!E83 -> 공통 서버가 제공하는 요청·응답 서비스를 여러 클라이언트가 재사용할 수 있어 별도로 개발한 화면·도구를 연결하기 쉽다. | F26: Multi-Tier Presentation / Application / Data 등 역할별 계층 경계가 명확하여, 특정 계층(API·Service Tier)을 통합 지점으로 삼으면 외부 연동이 수월함 다만 계층 규칙을 반드시 경유해야 하므로, 비정형·횡단 통합에는 유연성이 떨어질 수 있음 Client Server 서버가 명확한 서비스 인터페이스(API) 를 제공하므로, 새로운 클라이언트 추가는 비교적 쉬움(+) 단, 서버 변경 시 다수 클라이언트에 영향이 발생(-)
A27: 2조 | B27: ='2조'!B83 -> + | C27: ='2조'!C83 -> tier 경계가 request/reply connector 하나로 정해져 있어 붙이는 지점이 분명하다. middleware 를 통해 기존 시스템을 뒤에 둘 수도 있다 | D27: ='2조'!D83 -> + | E27: ='2조'!E83 -> API, HTTP, ODBC 등 표준화된 Request/Reply 통신 프로토콜을 사용하여 다양한 형태의 클라이언트 및 외부 시스템과 용이하게 연동 가능하며, 서버 컴포넌트의 재사용성이 우수함.
A28: 3조 | B28: ='3조'!B83 -> + | C28: ='3조'!C83 -> Tier 간 인터페이스와 책임 경계가 명확하므로, 외부 시스템이나 신규 컴포넌트를 특정 Tier에 연결해 기존 구조에 통합하기 쉽다. 다만 여러 Tier 간 데이터 흐름과 호출 규약을 맞춰야 한다. | D28: ='3조'!D83 -> + | E28: ='3조'!E83 -> Client는 Server가 제공하는 명확한 인터페이스를 통해 기능을 사용하므로, 규약만 맞으면 여러 Client를 Server에 통합하기 쉽다.
A29: 4조 | B29: ='4조'!B83 -> + | C29: ='4조'!C83 -> Tier 사이의 연결 규칙이 정해져 있어 새로운 기능을 연결하기 좋다. | D29: ='4조'!D83 -> ++ | E29: ='4조'!E83 -> 공개된 서버 API가 잘 문서화된 자연스러운 통합 지점이 되어 다양한 종류의 클라이언트가 붙을 수 있다.
A30: 5조 | B30: ='5조'!B83 -> + | C30: ='5조'!C83 -> Tier마다 서로 다른 기능 및 책임을 부여하여 외부 서비스의 확장에 용이하다. | D30: ='5조'!D83 -> + | E30: ='5조'!E83 -> 서버가 API를 제공한다면 표준화된 요청-응답 구조로 클라이언트를 연결하기 쉽다.
A31: 6조 | B31: ='6조'!B83 -> ++ | C31: ='6조'!C83 -> Tier 사이에 명확한 인터페이스/API를 두기 때문에 외부 시스템이나 다른 컴포넌트와 통합하기 좋다. | D31: ='6조'!D83 -> + | E31: ='6조'!E83 -> 표준 프로토콜로 통신하므로 새 클라이언트와 서버 추가가 비교적 쉬움
A32: 7조 | B32: ='7조'!B83 | C32: ='7조'!C83 -> 7조 - Multi-tier - Integrability | D32: ='7조'!D83 | E32: ='7조'!E83 -> 7조 - Client-Server - Integrability
A33: 8조 | B33: ='8조'!B83 | C33: ='8조'!C83 -> 8조 - Multi-tier - Integrability | D33: ='8조'!D83 | E33: ='8조'!E83 -> 8조 - Client-Server - Integrability
A34: 9조 | B34: ='9조'!B83 | C34: ='9조'!C83 -> 9조 - Multi-tier - Integrability | D34: ='9조'!D83 | E34: ='9조'!E83 -> 9조 - Client-Server - Integrability
A36: Energy Efficiency | B36: 0 | C36: 0 | D36: 0 | E36: 0
A37: 1조 | B37: ='1조'!B84 -> - | C37: ='1조'!C84 -> [-] 다중 서버 간 지속적 네트워크 통신으로 전력 소모 가중 | D37: ='1조'!D84 -> 0 | E37: ='1조'!E84 -> [+] 연산 부하를 Client와 Server로 분산 가능 [-] Server 측 상시 대기 및 소켓 유지 전력 소모 발생 | F37: Multi-Tier 다중 티어의 운용에 따른 리소스 증가와 티어 간의 통신 비용 증가로 인해 에너지 효율이 낮음 Client Server 서버 집중으로 클라이언트 에너지(특히 모바일)를 줄일 수 있지만, 요청/응답 트래픽이 많으면 통신 에너지가 커져 전체 효율이 떨어질 수 있음
A38: 2조 | B38: ='2조'!B84 -> - | C38: ='2조'!C84 -> 요청 처리 시 프레젠테이션-애플리케이션-데이터 티어를 넘나드는 다중 네트워크 홉 및 직렬화/역직렬화로 인해 시스템 자원과 전력 소비 오버헤드가 증가함 | D38: ='2조'!D84 -> + | E38: ='2조'!E84 -> 서버 과부하 시 전력 효율 저하되긴 하지만, 다수의 클라이언트가 단일 고성능 서버에 집중 접근할 때 유휴 자원을 최소화하고 하드웨어 자원을 매우 효과적으로 활용함
A39: 3조 | B39: ='3조'!B84 -> - | C39: ='3조'!C84 -> 여러 Tier를 거치며 네트워크 통신, 데이터 변환, 직렬화, 중간 처리 overhead가 발생해 자원 사용량이 늘 수 있다. | D39: ='3조'!D84 -> + | E39: ='3조'!E84 -> 처리를 Server에 집중시켜 Client의 자원 사용을 줄일 수 있고, 중간 Tier가 적어 호출 경로도 비교적 단순하다. 다만 Server 부하는 커질 수 있다.
A40: 4조 | B40: ='4조'!B84 -> - | C40: ='4조'!C84 -> 여러 Tier를 운영하고 서로 통신하는 데 추가 자원이 든다. | D40: ='4조'!D84 -> + | E40: ='4조'!E84 -> 무거운 연산을 효율적인 공용 서버에 집중시키고 씬 클라이언트는 전력을 거의 쓰지 않는다. 다만 상시 네트워크 통신 자체가 에너지를 소모한다.
A41: 5조 | B41: ='5조'!B84 -> - | C41: ='5조'!C84 -> 여러 서버 tier를 유지해야 하며, middle tier의 다중화가 적용된다면 Energy 소모량이 많아진다. | D41: ='5조'!D84 -> + | E41: ='5조'!E84 -> 많은 client가 고성능 server에 접근할 때 자원을 효과적으로 사용한다.
A42: 6조 | B42: ='6조'!B84 -> - | C42: ='6조'!C84 -> 물리적으로 분리된 노드 간 네트워크 통신이 빈번하게 발생하여, 단일 프로세스 기반 아키텍처에 비해 네트워크 장비 및 서버의 전력 소모량이 큼. | D42: ='6조'!D84 -> 0 | E42: ='6조'!E84 -> 네트워크 통신 오버헤드가 발생하나, 클라이언트가 가벼우면 전체적으로 효율적임
A43: 7조 | B43: ='7조'!B84 | C43: ='7조'!C84 -> 7조 - Multi-tier - Energy Efficiency | D43: ='7조'!D84 | E43: ='7조'!E84 -> 7조 - Client-Server - Energy Efficiency
A44: 8조 | B44: ='8조'!B84 | C44: ='8조'!C84 -> 8조 - Multi-tier - Energy Efficiency | D44: ='8조'!D84 | E44: ='8조'!E84 -> 8조 - Client-Server - Energy Efficiency
A45: 9조 | B45: ='9조'!B84 | C45: ='9조'!C84 -> 9조 - Multi-tier - Energy Efficiency | D45: ='9조'!D84 | E45: ='9조'!E84 -> 9조 - Client-Server - Energy Efficiency
A47: Modifiability | B47: 0 | C47: 0 | D47: 0 | E47: 0
A48: 1조 | B48: ='1조'!B85 -> + | C48: ='1조'!C85 -> [+] 티어 간 역할 분리로 한 티어 수정의 타 티어 영향 최소화 | D48: ='1조'!D85 -> 0 | E48: ='1조'!E85 -> [+] Server 측 비즈니스 로직 수정이 자유로움 [-] Client-Server 간 밀접한 결합 시 인터페이스 변경 제약 | F48: Multi-Tier 양간결합 구조로 분리되어 서로의 수정에 영향을 덜 받는다(+) 단 의미적 결합이 강한 경우 의존성 발생의 영향을 받는다(-) Client Server Client와 Server의 책임 분리로 인해서, Clinet와 서버는 독립적으로 변경될 수 있다.
A49: 2조 | B49: ='2조'!B85 -> ++ | C49: ='2조'!C85 -> (+) 비즈니스 로직과 관련된 모든 변경은 중간 계층(Middle Tier)에만 국소화되므로 클라이언트나 DB 변경 없이 수정 가능하며, 관심사의 분리가 탁월하여 수정 용이성이 극히 우수함 | D49: ='2조'!D85 -> + | E49: ='2조'!E85 -> 사용자 인터페이스(UI) 표현과 비즈니스 로직 처리가 분리되어 있어, 서버의 비즈니스 로직을 변경해도 클라이언트 인터페이스에 미치는 영향이 적음
A50: 3조 | B50: ='3조'!B85 -> ++ | C50: ='3조'!C85 -> 기능과 책임이 Tier별로 분리되어 특정 Tier 변경이 다른 Tier로 전파되는 범위를 줄일 수 있다. | D50: ='3조'!D85 -> 0 | E50: ='3조'!E85 -> Client와 Server 책임은 분리되지만, Server API 변경 시 여러 Client 수정이 필요할 수 있어 장단점이 상쇄된다.
A51: 4조 | B51: ='4조'!B85 -> + | C51: ='4조'!C85 -> 화면·업무·데이터 역할을 나누어 특정 역할의 기능을 따로 수정하기 좋다. | D51: ='4조'!D85 -> + | E51: ='4조'!E85 -> 화면과 서버 처리를 나누어 한쪽 기능을 비교적 독립적으로 수정하기 좋다.
A52: 5조 | B52: ='5조'!B85 -> + | C52: ='5조'!C85 -> 각 Tier간 책임이 분산되어 있으므로 재사용성이 높고 수정에 용이하다. | D52: ='5조'!D85 -> + | E52: ='5조'!E85 -> UI표현과 business logic 처리 같은 책임이 분리되어 있고 서버 컴포넌트 재사용할 수 있다.
A53: 6조 | B53: ='6조'!B85 -> + | C53: ='6조'!C85 -> 관심사를 Tier별로 분리하기 때문에 한 영역의 변경이 다른 영역에 미치는 영향을 줄일 수 있다. 다만 Tier 간 인터페이스/API 변경은 연쇄적인 수정이 필요할 수 있다. | D53: ='6조'!D85 -> + | E53: ='6조'!E85 -> 클라이언트와 서버 경계가 명확해 서버 로직 변경이 클라이언트에 영향 적음
A54: 7조 | B54: ='7조'!B85 | C54: ='7조'!C85 -> 7조 - Multi-tier - Modifiability | D54: ='7조'!D85 | E54: ='7조'!E85 -> 7조 - Client-Server - Modifiability
A55: 8조 | B55: ='8조'!B85 | C55: ='8조'!C85 -> 8조 - Multi-tier - Modifiability | D55: ='8조'!D85 | E55: ='8조'!E85 -> 8조 - Client-Server - Modifiability
A56: 9조 | B56: ='9조'!B85 | C56: ='9조'!C85 -> 9조 - Multi-tier - Modifiability | D56: ='9조'!D85 | E56: ='9조'!E85 -> 9조 - Client-Server - Modifiability
A58: Performance | B58: 0 | C58: 0 | D58: 0 | E58: 0
A59: 1조 | B59: ='1조'!B86 -> - | C59: ='1조'!C86 -> [+] 티어별 수평 확장(Scale-out)으로 대규모 처리량 확보 [-] 네트워크 Hop 증가 및 직렬화 오버헤드로 Latency 증가 | D59: ='1조'!D86 -> 0 | E59: ='1조'!E86 -> [+] 단 1단계 네트워크 Hop으로 응답 속도 매우 빠름 [-] Server 측 부하 집중 시 전체 시스템 성능 급격히 저하 | F59: Multi-Tier 동시성에 의한 병렬 처리(+) 티어 간에 통신 오버헤드 (-) 단, 서버 확충을 통한 처리량 개선 (+) Client Server Client 가 증가하면 시스템 응담 지연이 발생한다(-) 서버 확장(Scale Up/Out)을 통해 성능을 향상시킬 수 있다.
A60: 2조 | B60: ='2조'!B86 -> 0 | C60: ='2조'!C86 -> (+) 중간 티어에서 멀티스레딩 지원 및 로드 밸런싱을 통해 동시성과 확장성을 높여 대규모 처리량(Throughput)을 확보할 수 있음 (-) 반면 티어 간 네트워크 통신 지연(Latency)과 직렬화 오버헤드가 누적됨 | D60: ='2조'!D86 -> 0 | E60: ='2조'!E86 -> 고성능 서버 활용 및 동시성 처리를 통해 높은 처리량 달성 가능하지만, 클라이언트 요청이 집중될 경우 단일 서버가 성능 병목(Bottleneck)이 되어 전체 응답 지연이 급증할 수 있음
A61: 3조 | B61: ='3조'!B86 -> 0 | C61: ='3조'!C86 -> Tier별 병렬 처리와 확장은 가능하지만, 여러 Tier를 거치는 latency와 overhead가 있어 장단점이 상쇄된다. | D61: ='3조'!D86 -> - | E61: ='3조'!E86 -> 여러 Client 요청이 Server에 집중되어 Server 병목과 네트워크 지연이 발생할 수 있다.
A62: 4조 | B62: ='4조'!B86 -> 0 | C62: ='4조'!C86 -> Tier별 동시 처리로 처리량을 높일 수 있지만 통신 지연과 데이터 병목이 생길 수 있다. | D62: ='4조'!D86 -> 0 | E62: ='4조'!E86 -> 여러 요청을 동시에 처리할 수 있지만 통신 지연과 Server 병목이 생길 수 있다.
A63: 5조 | B63: ='5조'!B86 -> 0 | C63: ='5조'!C86 -> Multithread, 다중화를 시키는 것으로 Performance의 확장이 가능하나, tier간 통신에 의한 O/H, tier가 너무 많아지면 추가로 O/H가 증가할 위험성이 있다. | D63: ='5조'!D86 -> 0 | E63: ='5조'!E86 -> 동시성과 확정성의 가능성이 있으나 서버가 bottleneck이 될 수 있다.
A64: 6조 | B64: ='6조'!B86 -> - | C64: ='6조'!C86 -> Tier 간 네트워크 호출이 증가하고 데이터 serialization/deserialization 등의 비용이 발생하므로 단일 프로세스 구조보다 latency가 증가할 수 있다 | D64: ='6조'!D86 -> 0 | E64: ='6조'!E86 -> 서버의 중앙 처리 효율은 높지만 네트워크 지연 발생함
A65: 7조 | B65: ='7조'!B86 | C65: ='7조'!C86 -> 7조 - Multi-tier - Performance | D65: ='7조'!D86 | E65: ='7조'!E86 -> 7조 - Client-Server - Performance
A66: 8조 | B66: ='8조'!B86 | C66: ='8조'!C86 -> 8조 - Multi-tier - Performance | D66: ='8조'!D86 | E66: ='8조'!E86 -> 8조 - Client-Server - Performance
A67: 9조 | B67: ='9조'!B86 | C67: ='9조'!C86 -> 9조 - Multi-tier - Performance | D67: ='9조'!D86 | E67: ='9조'!E86 -> 9조 - Client-Server - Performance
A69: Safety | B69: 0 | C69: 0 | D69: 0 | E69: 0
A70: 1조 | B70: ='1조'!B87 -> 0 | C70: ='1조'!C87 -> [+] 비즈니스 티어에서 잘못된 데이터 2차 검증 및 차단 [-] 분산 통신 지연으로 실시간 안전 제어에 부적합 | D70: ='1조'!D87 -> 0 | E70: ='1조'!E87 -> [+] 중앙 서버 중심의 일관된 안전 상태 제어 가능 [-] 서버 연결 단절 시 안전 제어 신호 상실 위험 | F70: Multi-Tier 티어 분리로 통제는 가능하나 네트워크/계층 간 장애가 안전 기능의 지연·부분 실패를 유발할 수 있다. Client Server 서버 집중으로 통제가 쉬운 반면 서버 장애/통신 장애가 안전 관련 서비스 상실로 이어질 수 있다.
A71: 2조 | B71: ='2조'!B87 -> 0 | C71: ='2조'!C87 -> (+) 티어 간 경계에서 데이터 유효성 검사 및 격리가 가능함. / (-) 위험 상태를 제어하는 아키텍처는 아니며, 다중 서버 간 네트워크 단절 및 분산 트랜잭션 실패로 인한 불일치 위험이 상존함. | D71: ='2조'!D87 -> 0 | E71: ='2조'!E87 -> (+) 핵심 데이터 처리를 중앙 서버에 집중시켜 데이터 상태 일관성 제어가 용이함. (-) 안전 필수 제어 구조를 규정하지 않으며, 서버 다운 시 제어 루프가 즉각 중단될 수 있음.
A72: 3조 | B72: ='3조'!B87 -> 0 | C72: ='3조'!C87 -> Tier 분리를 통해 오류 영향 범위를 일부 제한할 수 있지만, 위험 상태를 감지하거나 안전 상태로 전환하는 Safety mechanism을 구조적으로 제공하지는 않는다. | D72: ='3조'!D87 -> 0 | E72: ='3조'!E87 -> 중앙 Server 중심의 요청·응답 구조는 상태 관리를 단순화할 수 있지만, 위험 상태 감지·회피·복구 같은 Safety mechanism을 직접 제공하지는 않는다.
A73: 4조 | B73: ='4조'!B87 -> + | C73: ='4조'!C87 -> 티어 격리가 결함 전파를 제한해 한 티어의 장애가 다른 티어를 직접 손상시키지 않는다. | D73: ='4조'!D87 -> 0 | E73: ='4조'!E87 -> 역할별 검증은 쉽지만 잘못된 서버 데이터가 여러 Client에 영향을 줄 수 있다.
A74: 5조 | B74: ='5조'!B87 -> 0 | C74: ='5조'!C87 -> Tier 분리를 통해 오류를 검증·격리할 수 있어 Safety에 긍정적이지만, Tier가 많아지거나 계층 간 장애 전파 가능성이 존재할 경우 상쇄된다. | D74: ='5조'!D87 -> + | E74: ='5조'!E87 -> 서버와 클라이언트가 분리되어 있어 장애의 직접적인 전파 및 영향 범위를 제한할 수 있다.
A75: 6조 | B75: ='6조'!B87 -> + | C75: ='6조'!C87 -> 데이터 계층과 비즈니스 로직이 분리되어 있어 특정 계층의 장애나 오류가 전체 시스템의 치명적인 붕괴로 이어지는 것을 막는 격리(Fault Isolation) 능력이 우수함. | D75: ='6조'!D87 -> 0 | E75: ='6조'!E87 -> 서버 측에서 중앙 집중적으로 검증과 통제 가능하지만 통신장애 발생함
A76: 7조 | B76: ='7조'!B87 | C76: ='7조'!C87 -> 7조 - Multi-tier - Safety | D76: ='7조'!D87 | E76: ='7조'!E87 -> 7조 - Client-Server - Safety
A77: 8조 | B77: ='8조'!B87 | C77: ='8조'!C87 -> 8조 - Multi-tier - Safety | D77: ='8조'!D87 | E77: ='8조'!E87 -> 8조 - Client-Server - Safety
A78: 9조 | B78: ='9조'!B87 | C78: ='9조'!C87 -> 9조 - Multi-tier - Safety | D78: ='9조'!D87 | E78: ='9조'!E87 -> 9조 - Client-Server - Safety
A80: Security | B80: 0 | C80: 0 | D80: 0 | E80: 0
A81: 1조 | B81: ='1조'!B88 -> + | C81: ='1조'!C88 -> [+] DMZ(Web)와 내부 망(WAS/DB) 격리로 다중 보안 방어 우수 | D81: ='1조'!D88 -> - | E81: ='1조'!E88 -> [-] Client 단 리버스 엔지니어링 및 Server에 공격 집중 위험 | F81: Multi-Tier Tier의 분리로 인해 중요한 자원의 접근을 제한할 수 있다. Client Server 서버에 대한 외부 공격 가능성이 높다.
A82: 2조 | B82: ='2조'!B88 -> + | C82: ='2조'!C88 -> User interface·application·data tier 를 분리하면 민감한 business logic 과 데이터를 최종 사용자의 직접 접근에서 보호할 수 있다 | D82: ='2조'!D88 -> - | E82: ='2조'!E88 -> 통신 네트워크 경계가 외부에 노출되어 도청, 변조 위험이 증가하고 분산 환경의 인증·권한 관리가 복잡해짐
A83: 3조 | B83: ='3조'!B88 -> + | C83: ='3조'!C88 -> Presentation/Application/Data tier를 분리하면 민감한 business logic과 data에 대한 직접 접근을 제한하고 tier별 인증·인가·접근 제어 경계를 적용하기 쉬워 Security에 유리하다. | D83: ='3조'!D88 -> - | E83: ='3조'!E88 -> Server가 다수 Client의 요청을 받는 중앙 네트워크 진입점이 되어 공격이 집중될 수 있고, 인증·인가·통신 보호 등 분산 환경의 Security 관리 복잡도가 증가한다.
A84: 4조 | B84: ='4조'!B88 -> ++ | C84: ='4조'!C88 -> 티어 경계에 방화벽과 DMZ를 두고 데이터 티어로 갈수록 권한을 점진적으로 줄일 수 있다. | D84: ='4조'!D88 -> - | E84: ='4조'!E88 -> Server에서 권한을 관리하기 쉽지만 정보 집중과 통신 경로의 위험도 있다.
A85: 5조 | B85: ='5조'!B88 -> + | C85: ='5조'!C88 -> Tier들 간 security 권한, data access를 따로 부여하는 것으로 보안 위험을 줄일 수 있다. | D85: ='5조'!D88 -> - | E85: ='5조'!E88 -> Network를 통한 통신이 필요하기 때문에 보안 취약점이 존재한다.
A86: 6조 | B86: ='6조'!B88 -> ++ | C86: ='6조'!C88 -> 계층화된 방어(Defense in Depth)가 가능함. 프레젠테이션 계층은 DMZ에 배치하고, 데이터 계층은 내부망에 격리하며, 계층 간 방화벽 및 접근 제어 정책을 강력하게 적용할 수 있음 | D86: ='6조'!D88 -> + | E86: ='6조'!E88 -> 서버가 중앙 집중식 인증과 접근 제어로 보안 관리 용이함
A87: 7조 | B87: ='7조'!B88 | C87: ='7조'!C88 -> 7조 - Multi-tier - Security | D87: ='7조'!D88 | E87: ='7조'!E88 -> 7조 - Client-Server - Security
A88: 8조 | B88: ='8조'!B88 | C88: ='8조'!C88 -> 8조 - Multi-tier - Security | D88: ='8조'!D88 | E88: ='8조'!E88 -> 8조 - Client-Server - Security
A89: 9조 | B89: ='9조'!B88 | C89: ='9조'!C88 -> 9조 - Multi-tier - Security | D89: ='9조'!D88 | E89: ='9조'!E88 -> 9조 - Client-Server - Security
A91: Testability | B91: 0 | C91: 0 | D91: 0 | E91: 0
A92: 1조 | B92: ='1조'!B89 -> - | C92: ='1조'!C89 -> [-] 분산 네트워크, 다중 서버, DB 동기화로 통합 테스트 극도로 어려움 | D92: ='1조'!D89 -> 0 | E92: ='1조'!E89 -> [+] Client와 Server 간 인터페이스 단독 테스트 용이 [-] 다양한 Client OS/환경별 통합 테스트 구성 필요 | F92: Multi-Tier 분산 시스템에서의 테스팅 환경 구성이 용이하지 않다. Client Server 분산 시스템에서의 테스팅 환경 구성이 용이하지 않다.
A93: 2조 | B93: ='2조'!B89 -> - | C93: ='2조'!C89 -> (+) 각 티어별 모듈 단위 테스트는 가능함. / (-) 분산 환경에서 테스트 도구가 부족하고 종단 간(E2E) 테스트를 위해 모든 티어 서버를 동시에 구동·연계해야 하므로 시험 복잡도가 매우 높음 | D93: ='2조'!D89 -> - | E93: ='2조'!E89 -> 독립적인 클라이언트 UI 로직 단위 테스트는 가능하긴 하지만, 클라이언트를 실제 테스트하려면 항상 실행 중인 서버 환경이 필요하며, 네트워크 환경 모의 및 상태 재현이 까다로워 테스트 용이성이 제한됨
A94: 3조 | B94: ='3조'!B89 -> + | C94: ='3조'!C89 -> layerd구조와 유사하게 단위테스트 구성은 쉬우나, 통합테스트 구성은 어려울 수 있음 | D94: ='3조'!D89 -> + | E94: ='3조'!E89 -> server/client 분리 테스트구성이 쉬움
A95: 4조 | B95: ='4조'!B89 -> 0 | C95: ='4조'!C89 -> Tier별 시험은 쉽지만 여러 Tier가 동시에 연결된 동작을 재현하기는 어렵다. | D95: ='4조'!D89 -> 0 | E95: ='4조'!E89 -> 양쪽을 따로 시험하기 쉽지만 통신 장애와 동시 요청까지 재현해야 한다.
A96: 5조 | B96: ='5조'!B89 -> - | C96: ='5조'!C89 -> 분산된 환경을 고려한 test도구가 필요하며, 각 물리적 tier의 특성을 고려해야 하기 때문에 통합 testability가 떨어짐 | D96: ='5조'!D89 -> - | E96: ='5조'!E89 -> 서버의 설정을 모두 고려해야 하기 때문에 test용이성이 떨어짐
A97: 6조 | B97: ='6조'!B89 -> + | C97: ='6조'!C89 -> 각 Tier의 책임이 비교적 명확하므로 Presentation, Business, Data 계층을 개별적으로 테스트하기 쉽다. Mock/Stub을 이용해 Tier 간 의존성을 대체할 수도 있다. 다만 실제 분산 환경에서의 통합 테스트는 복잡해진다. | D97: ='6조'!D89 -> + | E97: ='6조'!E89 -> 클라이언트와 서버를 독립적으로 각각 격리 테스트 가능함
A98: 7조 | B98: ='7조'!B89 | C98: ='7조'!C89 -> 7조 - Multi-tier - Testability | D98: ='7조'!D89 | E98: ='7조'!E89 -> 7조 - Client-Server - Testability
A99: 8조 | B99: ='8조'!B89 | C99: ='8조'!C89 -> 8조 - Multi-tier - Testability | D99: ='8조'!D89 | E99: ='8조'!E89 -> 8조 - Client-Server - Testability
A100: 9조 | B100: ='9조'!B89 | C100: ='9조'!C89 -> 9조 - Multi-tier - Testability | D100: ='9조'!D89 | E100: ='9조'!E89 -> 9조 - Client-Server - Testability
A102: Usability | B102: 0 | C102: 0 | D102: 0 | E102: 0
A103: 1조 | B103: ='1조'!B90 -> 0 | C103: ='1조'!C90 -> 물리적 Tier 분리는 사용자 화면이나 조작 편의성을 직접 결정하지 않는다. | D103: ='1조'!D90 -> 0 | E103: ='1조'!E90 -> 요청·응답 구조 자체는 사용자의 작업 편의성을 결정하지 않는다. | F103: Multi-Tier Client 부분을 독립적인 티어로 분리하므로, 사용성이 좋은 UI를 다양하게 제공 가능 Client Server Client 부분을 독립적인 티어로 분리하므로, 사용성이 좋은 UI를 다양하게 제공 가능
A104: 2조 | B104: ='2조'!B90 -> 0 | C104: ='2조'!C90 -> (+) 프레젠테이션 티어가 독립되어 다양한 사용자 인터페이스(웹, 앱)를 맞춤형으로 제공 가능. / (-) 물리적 티어 분리 구조 자체는 사용자 경험을 직접 규정하지 않으며 네트워크 지연 발생 시 체감 응답성이 저하될 수 있음 | D104: ='2조'!D90 -> 0 | E104: ='2조'!E90 -> (+) Thin/Thick Client 설계를 통해 인터랙티브한 UI 구현이 가능함. (-) 클라이언트-서버 구조 자체는 사용자 인터페이스 사용성을 직접 결정하지 않으며 서버 응답 지연에 종속적임.
A105: 3조 | B105: ='3조'!B90 -> 0 | C105: ='3조'!C90 -> 사용자 입장에서 usability 영향은 적다 | D105: ='3조'!D90 -> 0 | E105: ='3조'!E90 -> 사용자 입장에서 usability 영향은 적다
A106: 4조 | B106: ='4조'!B90 -> 0 | C106: ='4조'!C90 -> 사용자에게 직접적인 영향은 없으나, 누적된 티어 간 지연이 체감 응답성을 좌우한다. | D106: ='4조'!D90 -> + | E106: ='4조'!E90 -> 공통 Server의 정보를 여러 Client에서 일관되게 보여주기 좋다.
A107: 5조 | B107: ='5조'!B90 -> 0 | C107: ='5조'!C90 -> Presentation tier가 존재한다면, User experience 향상을 위한 다양한 지원 기능을 추가할 수 있다. 그러나 해당 tier가 없을 경우 아키텍쳐적인 이득은 없다. | D107: ='5조'!D90 -> 0 | E107: ='5조'!E90 -> 이 아키텍처 스타일이 해당 품질속성을 직접 좌우하지 않음.
A108: 6조 | B108: ='6조'!B90 -> 0 | C108: ='6조'!C90 -> Multi-tier 자체가 사용자 경험을 직접 향상시키는 Architecture Style은 아니다. 다만 Presentation Tier를 독립적으로 발전시키고 Backend와 분리할 수 있어 UI/UX 개선에는 유리하다. 반면 추가적인 네트워크 latency가 UX에 영향을 줄 수 있다 | D108: ='6조'!D90 -> + | E108: ='6조'!E90 -> 클라이언트가 사용자 인터페이스를 제공함
A109: 7조 | B109: ='7조'!B90 | C109: ='7조'!C90 -> 7조 - Multi-tier - Usability | D109: ='7조'!D90 | E109: ='7조'!E90 -> 7조 - Client-Server - Usability
...

Sheet DA2
A1: Distributed | B1: Broker | D1: Dispatcher
B2: Effects | C2: Justification | D2: Effects | E2: Justification
A3: Availability | B3: 0 | C3: 0 | D3: 0 | E3: 0
A4: 1조 | B4: ='1조'!B94 -> - | C4: ='1조'!C94 -> [-] 중앙 Broker 장애 시 전체 분산 시스템 마비 (SPOF) | D4: ='1조'!D94 -> + | E4: ='1조'!E94 -> [+] 장애 우회: 노드 상태 감시를 통해 장애 발생 시 정상 작업 노드로 즉시 요청을 재라우팅(Failover)함. | F4: Broker Broker에 장애 발생 시 연관된 모든 서비스에 영향(-). 단, 서버나 Broker의 이중화로 보완 가능 Dispatcher Dispatcher의 장애는 전체 시스템이 정상적인 동작을 방해한다. (-) -> Broker 보다 이중화의 방식이 복잡하다(이미 연결된 세션의 복구가 필요해짐) 서버 쪽이 장애발생시 신속하게 정상 서버로 연결 가능(+)
A5: 2조 | B5: ='2조'!B94 -> -- | C5: ='2조'!C94 -> 낮은 fault tolerance 가 약점이다 — server 나 broker 가 실행 중 죽으면 이에 의존하는 모든 application 이 계속 진행할 수 없다. | D5: ='2조'!D94 -> ++ | E5: ='2조'!E94 -> (+) 네트워크나 서버 장애 발생 시 디스패처가 다른 장비에서 새로운 서버를 동적으로 탐색 및 활성화(Failover)할 수 있어 결함 허용성(Fault tolerance)과 고가용성을 보장함 (교안 장점 명시). / (-) 디스패처 자체 이중화 필요
A6: 3조 | B6: ='3조'!B94 -> - | C6: ='3조'!C94 -> Broker가 중개와 라우팅의 중심이므로 Broker 장애 시 서비스 연결 전체가 영향을 받을 수 있다. | D6: ='3조'!D94 -> + | E6: ='3조'!E94 -> 통신 채널을 맺는 시점에만 디스패처를 사용하고, 데이터 송수신은 직접 수행하므로, 디스 패처 장애시에도 채널 유지 및 동적 재연결이 가능함
A7: 4조 | B7: ='4조'!B94 -> + | C7: ='4조'!C94 -> 요청자와 처리자를 분리해 교체하기 좋지만 Broker 자체의 장애는 대비해야 한다. | D7: ='4조'!D94 -> 0 | E7: ='4조'!E94 -> 여러 처리기로 작업을 나눌 수 있지만 Dispatcher 장애가 전체 요청에 영향을 줄 수 있다.
A8: 5조 | B8: ='5조'!B94 -> -- | C8: ='5조'!C94 -> Server나 Broker에 장애가 발생하면 이에 의존하는 모든 application이 중단될 수 있다. | D8: ='5조'!D94 -> + | E8: ='5조'!E94 -> 네트워크나 서버 장애 시 다른 머신에서 새 서버를 활성화할 수 있다.
A9: 6조 | B9: ='6조'!B94 -> - | C9: ='6조'!C94 -> broker의 장애가 모든 client-server간의 통신에 영향을 주기 때문에 전체 시스템이 먹통이 될 수 있다. 또한 특정 server에 장애가 생길 경우에도 전체 application이 영향을 받을 수 있다. | D9: ='6조'!D94 -> + | E9: ='6조'!E94 -> 기본적으로 동등한 대상에 대해서 이중화가 이루어지기 때문에 장애로부터 복구되기 용이하기 때문에 장애 복구 시간이 짧다.
A10: 7조 | B10: ='7조'!B94 | C10: ='7조'!C94 -> 7조 - Broker - Availability | D10: ='7조'!D94 | E10: ='7조'!E94 -> 7조 - Dispatcher - Availability
A11: 8조 | B11: ='8조'!B94 | C11: ='8조'!C94 -> 8조 - Broker - Availability | D11: ='8조'!D94 | E11: ='8조'!E94 -> 8조 - Dispatcher - Availability
A12: 9조 | B12: ='9조'!B94 | C12: ='9조'!C94 -> 9조 - Broker - Availability | D12: ='9조'!D94 | E12: ='9조'!E94 -> 9조 - Dispatcher - Availability
A14: Deployability | B14: 0 | C14: 0 | D14: 0 | E14: 0
A15: 1조 | B15: ='1조'!B95 -> + | C15: ='1조'!C95 -> [+] 위치 투명성으로 클라이언트 영향 없이 서버 독립 배포 가능 | D15: ='1조'!D95 -> + | E15: ='1조'!E95 -> [+] 동적 노드 추가: 기존 시스템 중단 없이 신규 처리 노드(Worker)를 동적으로 추가 및 배포할 수 있음. | F15: Broker, Dispatcher Client와 서버 간 결합을 효과적으로 분리하여 독립 배포를 가능하다(+), Broker, Dispatcher 자체의 (재)배포는 전체 서비스의 중단을 야기시킨다.(-)
A16: 2조 | B16: ='2조'!B95 -> ++ | C16: ='2조'!C95 -> 실행 중에 server component 를 추가·제거할 수 있다.(runtime changes) 무중단 배포가 된다. | D16: ='2조'!D95 -> ++ | E16: ='2조'!E95 -> (+) 디스패처나 클라이언트를 수정하지 않고 서버를 추가·교체할 수 있으며(Exchangeability), 어떤 서버를 어디에 배치할지 런타임에 동적으로 결정(Re-configuration)할 수 있어 배포 유연성이 탁월함 (교안 장점 명시)
A17: 3조 | B17: ='3조'!B95 -> ++ | C17: ='3조'!C95 -> client와 서버가 느슨하게 연결되어, 서비스 추가 교체 배포가 용이하다. | D17: ='3조'!D95 -> + | E17: ='3조'!E95 -> 서버 추가 수정 및 Migration이 용이하므로, 런타임에 서버 배포가 용이함
A18: 4조 | B18: ='4조'!B95 -> ++ | C18: ='4조'!C95 -> 서버가 런타임에 브로커에 등록되므로 클라이언트 설정을 바꾸지 않고 인스턴스를 추가·이동·교체할 수 있다. | D18: ='4조'!D95 -> 0 | E18: ='4조'!E95 -> 처리기 역할은 나뉘지만 강한 연결 때문에 Dispatcher와 함께 배포해야 할 수 있다.
A19: 5조 | B19: ='5조'!B95 -> ++ | C19: ='5조'!C95 -> 간접 계층이 OS와 네트워크 세부 사항을 Client와 Server로부터 숨겨, 다른 운영 환경으로 시스템을 이식하고 배포하기 용이하다. | D19: ='5조'!D95 -> + | E19: ='5조'!E95 -> 어떤 서버를 어디에 둘지 시작 시점 또는 이후에 결정할 수 있고, 서버를 dispatcher·client 수정 없이 추가·변경할 수 있다.
A20: 6조 | B20: ='6조'!B95 -> + | C20: ='6조'!C95 -> runtime 중 server의 추가/삭제가 용이하다. | D20: ='6조'!D95 -> + | E20: ='6조'!E95 -> 클라이언트가 연결되어 있지 않은 상황에서 다른 머신에 배포시키기가 수월.
A21: 7조 | B21: ='7조'!B95 | C21: ='7조'!C95 -> 7조 - Broker - Deployability | D21: ='7조'!D95 | E21: ='7조'!E95 -> 7조 - Dispatcher - Deployability
A22: 8조 | B22: ='8조'!B95 | C22: ='8조'!C95 -> 8조 - Broker - Deployability | D22: ='8조'!D95 | E22: ='8조'!E95 -> 8조 - Dispatcher - Deployability
A23: 9조 | B23: ='9조'!B95 | C23: ='9조'!C95 -> 9조 - Broker - Deployability | D23: ='9조'!D95 | E23: ='9조'!E95 -> 9조 - Dispatcher - Deployability
A25: Integrability | B25: 0 | C25: 0 | D25: 0 | E25: 0
A26: 1조 | B26: ='1조'!B96 -> ++ | C26: ='1조'!C96 -> [++] 이종 언어/플랫폼 간 표준 규격을 통한 통합 극대화 | D26: ='1조'!D96 -> + | E26: ='1조'!E96 -> [+] 워커 확장: 동일한 작업 인터페이스 규격을 갖춘 신규 노드를 쉽게 라우팅 대상으로 통합함. | F26: Broker 서비스 제공자와 소비자가 Broker를 통해 간접 연결되어 서로를 몰라도 통합 가능 Dispatcher 클라이언트와 서버 간의 상호작용을 표준화된 인터페이스와 프로토콜을 통해서 제공하므로, 새로운 컴포넌트의 추가는 용이하다. (+) 다만, 외부 시스템 통합시, Dispatcher 규칙과 인터페이스에 강하게 종속(-)
A27: 2조 | B27: ='2조'!B96 -> ++ | C27: ='2조'!C96 -> bridge 가 공통 프로토콜을 구현하면 서로 다른 Broker 시스템끼리 상호운용할 수 있고, 기존 서비스를 재사용해 새 application 을 구성할 수 있다. | D27: ='2조'!D96 -> + | E27: ='2조'!E96 -> server 는 dispatcher 에 등록만 하면 붙는다. 다만 dispatcher 의 interface 변경에 민감하다는 것이 교안의 약점이다
A28: 3조 | B28: ='3조'!B96 -> ++ | C28: ='3조'!C96 -> Broker가 위치, 호출 방식, 프로토콜 차이를 중개하므로 Client와 Server가 직접 알지 않아도 이기종 서비스를 통합하기 쉽다. | D28: ='3조'!D96 -> + | E28: ='3조'!E96 -> Dispatcher가 요청을 적절한 처리 대상으로 전달하므로 여러 서비스나 서버를 하나의 진입점 뒤에 통합하기 쉽다
A29: 4조 | B29: ='4조'!B96 -> ++ | C29: ='4조'!C96 -> Broker가 연결을 중개하므로 서로 다른 구성요소를 추가·연결하기 매우 좋다. | D29: ='4조'!D96 -> - | E29: ='4조'!E96 -> 새 처리기를 연결할 때 Dispatcher의 배분 규칙과 직접 연결을 함께 맞춰야 한다.
A30: 5조 | B30: ='5조'!B96 -> ++ | C30: ='5조'!C96 -> Broker가 위치·통신 세부사항을 중개하여 이기종 서비스 연결이 용이하다. | D30: ='5조'!D96 -> + | E30: ='5조'!E96 -> 서버 교환성(exchangeability of servers), 위치·이관 투명성(location and migration transparency)으로 서버를 다른 머신으로 동적 이주할 수 있다.
A31: 6조 | B31: ='6조'!B96 -> ++ | C31: ='6조'!C96 -> bridge를 통해 다른 format의 protocol을 사용하는 여러 broker를 연결할 수 있다. | D31: ='6조'!D96 -> - | E31: ='6조'!E96 -> 동일 인터페이스인 인스턴스를 추가하는 비용은 거의 없지만 호환되지 않는 인터페이스라면 통합되기 어려움 (이건 브로커의 역할)
A32: 7조 | B32: ='7조'!B96 | C32: ='7조'!C96 -> 7조 - Broker - Integrability | D32: ='7조'!D96 | E32: ='7조'!E96 -> 7조 - Dispatcher - Integrability
A33: 8조 | B33: ='8조'!B96 | C33: ='8조'!C96 -> 8조 - Broker - Integrability | D33: ='8조'!D96 | E33: ='8조'!E96 -> 8조 - Dispatcher - Integrability
A34: 9조 | B34: ='9조'!B96 | C34: ='9조'!C96 -> 9조 - Broker - Integrability | D34: ='9조'!D96 | E34: ='9조'!E96 -> 9조 - Dispatcher - Integrability
A36: Energy Efficiency | B36: 0 | C36: 0 | D36: 0 | E36: 0
A37: 1조 | B37: ='1조'!B97 -> - | C37: ='1조'!C97 -> [-] 메시지 마샬링 및 네트워크 중계 연산으로 전력 소비 증가 | D37: ='1조'!D97 -> 0 | E37: ='1조'!E97 -> [+] 부하 평형: 작업 부하를 균등하게 분산시켜 특정 노드의 과부하 및 자원 낭비를 방지함. [-] 모니터링 소모: Dispatcher의 상시 모니터링 및 라우팅 연산으로 인한 지속적인 전력 소모가 발생함. | F37: Broker 브로커를 통한 라우팅으로 유연성은 크지만 추가 메시지 처리로 통신·대기 오버헤드가 늘어 에너지 소모가 증가함 Dispatcher 부하를 효율적으로 분산하여 효율 개선이 가능하다(+) 세션에 대한 지속적 모니터링 과전에서 자원의 소모가 발생한다(-)
A38: 2조 | B38: ='2조'!B97 -> -- | C38: ='2조'!C97 -> 모든 통신이 프록시와 브로커를 경유하는 다단계 간접 호출로 이루어져 데이터 직렬화, 패킷 포워딩 및 네트워크 왕복에 따른 자원 낭비가 매우 심함. | D38: ='2조'!D97 -> + | E38: ='2조'!E97 -> (+) 디스패처는 초기 연결 채널 수립만 지원하고 이후 데이터 통신은 클라이언트-서버 간 직접 수행되므로, 브로커 방식 대비 불필요한 중계 통신 오버헤드가 없어 자원 소비가 효율적임 (교안 장점 명시)
A39: 3조 | B39: ='3조'!B97 -> - | C39: ='3조'!C97 -> Broker를 거치면서 중개, 라우팅, 등록 정보 조회, 메시지 변환 등의 추가 처리와 통신 overhead가 발생한다. | D39: ='3조'!D97 -> - | E39: ='3조'!E97 -> 직접 호출보다 Dispatcher를 통한 요청 전달 단계가 추가되므로 통신과 처리 overhead가 늘 수 있다.
A40: 4조 | B40: ='4조'!B97 -> -- | C40: ='4조'!C97 -> 역할을 나누어 운영하는 비용에 중개와 데이터 변환 비용까지 더해진다. | D40: ='4조'!D97 -> 0 | E40: ='4조'!E97 -> 직접 연결 비용은 적지만 여러 처리기를 동시에 운영하는 비용이 있다.
A41: 5조 | B41: ='5조'!B97 -> - | C41: ='5조'!C97 -> Proxy 및 Broker를 거치는 간접 호출 단계가 많아 자원 소모가 크다. | D41: ='5조'!D97 -> - | E41: ='5조'!E97 -> dispatcher를 거치는 오버헤드(dispatcher overhead)가 있다.
A42: 6조 | B42: ='6조'!B97 -> - | C42: ='6조'!C97 -> 동시성을 띄고 broker와의 통신 overhead 때문에 에너지 소모가 높다. | D42: ='6조'!D97 -> 0 | E42: ='6조'!E97 -> Dispatcher와 발생되는 통신비용이 오버헤드가 될 수 있지만 누구와 통신을 할지 식별이 된 이후에는 Dispatcher를 거치지 않음
A43: 7조 | B43: ='7조'!B97 | C43: ='7조'!C97 -> 7조 - Broker - Energy Efficiency | D43: ='7조'!D97 | E43: ='7조'!E97 -> 7조 - Dispatcher - Energy Efficiency
A44: 8조 | B44: ='8조'!B97 | C44: ='8조'!C97 -> 8조 - Broker - Energy Efficiency | D44: ='8조'!D97 | E44: ='8조'!E97 -> 8조 - Dispatcher - Energy Efficiency
A45: 9조 | B45: ='9조'!B97 | C45: ='9조'!C97 -> 9조 - Broker - Energy Efficiency | D45: ='9조'!D97 | E45: ='9조'!E97 -> 9조 - Dispatcher - Energy Efficiency
A47: Modifiability | B47: 0 | C47: 0 | D47: 0 | E47: 0
A48: 1조 | B48: ='1조'!B98 -> ++ | C48: ='1조'!C98 -> [++] 클라이언트-서버 간 완벽한 느슨한 결합으로 변경 매우 용이 | D48: ='1조'!D98 -> + | E48: ='1조'!E98 -> [+] 라우팅 유연성: 백엔드 작업 노드의 내부 구현 변경이나 부하 분산 알고리즘 교체가 매우 용이함. | F48: Broker Client와 서버의 인터페이스가 유지된다면 서로에게 영향을 주지 않는다. (+) Clinet는 서버의 위치에 대해서도 몰라도 된다.(+) Broker 내부가 수정되어도 API가 동일하면 Client 나 Server는 영향을 받지 않는다.(+-) Dispatcher Client와 서버의 인터페이스가 유지된다면 서로에게 영향을 주지 않는다. (+) Clinet는 서버의 위치에 대해서도 몰라도 된다.(+) Dispatcher 수정되어도 인터페이스가 유지 되면 영향을 받지 않는다(+-)
A49: 2조 | B49: ='2조'!B98 -> ++ | C49: ='2조'!C98 -> server 가 바뀌어도 interface 가 같으면 client 에는 기능적 영향이 없고, broker 내부를 바꿔도 API 가 같으면 성능 외에는 영향이 없다 | D49: ='2조'!D98 -> + | E49: ='2조'!E98 -> server 를 바꿔 끼우기 쉽다. 다만 dispatcher 의 interface 를 바꾸면 client 와 server 가 함께 영향을 받는다
A50: 3조 | B50: ='3조'!B98 -> ++ | C50: ='3조'!C98 -> Client와 Server가 완전히 분리되어 있어 표준 인터페이스만 유지하면 Component 내부 설계 및 구현 변경이 상대방에게 전혀 영향을 주지 않음 | D50: ='3조'!D98 -> 0 | E50: ='3조'!E98 -> Server 교체 및 재구성이 수월하지만, Dispatcher 인터페이스 변경에는 민감
A51: 4조 | B51: ='4조'!B98 -> + | C51: ='4조'!C98 -> 상대의 내부 구현을 직접 알 필요가 없어 각 기능을 따로 수정하기 좋다. | D51: ='4조'!D98 -> - | E51: ='4조'!E98 -> 처리기나 배분 방식을 바꾸면 강하게 연결된 Dispatcher도 수정해야 할 수 있다.
A52: 5조 | B52: ='5조'!B98 -> ++ | C52: ='5조'!C98 -> Component를 교체하거나 기능을 추가할 때 다른 컴포넌트에 미치는 영향이 적어 runtime changes가 가능하다. | D52: ='5조'!D98 -> + | E52: ='5조'!E98 -> 서버를 dispatcher나 client 수정 없이 추가·변경할 수 있지만, Dispatcher interface 변경은 어렵다
A53: 6조 | B53: ='6조'!B98 -> + | C53: ='6조'!C98 -> broker의 구현이 바뀌더라도 api의 변경이 없으면 server와 client에 영향을 주지 않아 수정이 용이하다. | D53: ='6조'!D98 -> + | E53: ='6조'!E98 -> 클라이언트 코드는 서버가 얼마나 되는지 어디에 위치하는지 알 필요없이 오직 Dispatcher와 통신하면 되기 때문에 변경이 파급되지 않는다. 다만 인터페이스가 변경되면 모든 서버로 파급될 수 있음.
A54: 7조 | B54: ='7조'!B98 | C54: ='7조'!C98 -> 7조 - Broker - Modifiability | D54: ='7조'!D98 | E54: ='7조'!E98 -> 7조 - Dispatcher - Modifiability
A55: 8조 | B55: ='8조'!B98 | C55: ='8조'!C98 -> 8조 - Broker - Modifiability | D55: ='8조'!D98 | E55: ='8조'!E98 -> 8조 - Dispatcher - Modifiability
A56: 9조 | B56: ='9조'!B98 | C56: ='9조'!C98 -> 9조 - Broker - Modifiability | D56: ='9조'!D98 | E56: ='9조'!E98 -> 9조 - Dispatcher - Modifiability
A58: Performance | B58: 0 | C58: 0 | D58: 0 | E58: 0
A59: 1조 | B59: ='1조'!B99 -> - | C59: ='1조'!C99 -> [+] 분산 배치를 통한 서버 부하 분산 가능 [--] 브로커 경유(Hop) 및 데이터 직렬화로 Latency 대폭 증가 | D59: ='1조'!D99 -> ++ | E59: ='1조'!E99 -> [++] 로드밸런싱 극대화: 작업 요청을 최적의 노드로 병렬 분산 처리하여 전체 시스템 처리량(Throughput)을 극대화함. | F59: Broker 프록시, Broker를 통한 indirection으로 인해 성능 저하 Dispatcher Dispatcher를 통한 오버헤드 존재
A60: 2조 | B60: ='2조'!B99 -> -- | C60: ='2조'!C99 -> 모든 통신이 broker 를 경유하는 간접 호출이라 직접 호출보다 느리다. | D60: ='2조'!D99 -> + | E60: ='2조'!E99 -> (+) 초기 채널 형성 이후에는 클라이언트와 서버가 직접(Direct) 고속 통신을 수행하므로 브로커 대비 지연이 매우 낮고 높은 처리 성능을 유지함. / (-) 초기 연결 시 디스패처 조회 오버헤드가 발생함 (교안 약점).
A61: 3조 | B61: ='3조'!B99 -> -- | C61: ='3조'!C99 -> 다중 간접 호출과 데이터 변환 오버헤드로 인해 지연 시간(Latency) 증가 | D61: ='3조'!D99 -> 0 | E61: ='3조'!E99 -> 직접 연결보다 전달 overhead는 있지만, 요청 분배로 부하를 나눌 수 있어 장단점이 상쇄된다.
A62: 4조 | B62: ='4조'!B99 -> - | C62: ='4조'!C99 -> 브로커를 거치는 간접 호출이 매번 지연을 더하고, 브로커가 처리량 병목이 된다. | D62: ='4조'!D99 -> + | E62: ='4조'!E99 -> 요청을 여러 처리기로 나누고 직접 전달하므로 처리량을 높이기 좋다.
A63: 5조 | B63: ='5조'!B99 -> - | C63: ='5조'!C99 -> Proxy와 Broker를 거치는 간접 호출 때문에 비효율성이 크고 응답 지연이 발생한다. | D63: ='5조'!D99 -> - | E63: ='5조'!E99 -> dispatcher 오버헤드가 있다.
A64: 6조 | B64: ='6조'!B99 -> - | C64: ='6조'!C99 -> client-server 간 통신이 broker를 거쳐야 하기 때문에 overhead가 발생한다. | D64: ='6조'!D99 -> + | E64: ='6조'!E99 -> 병렬 처리로 처리량과 수평 확장성은 좋아지지만 요청 초기마다 홉이 하나 추가된다는 점은 마이너스가 될 수 있음.
A65: 7조 | B65: ='7조'!B99 | C65: ='7조'!C99 -> 7조 - Broker - Performance | D65: ='7조'!D99 | E65: ='7조'!E99 -> 7조 - Dispatcher - Performance
A66: 8조 | B66: ='8조'!B99 | C66: ='8조'!C99 -> 8조 - Broker - Performance | D66: ='8조'!D99 | E66: ='8조'!E99 -> 8조 - Dispatcher - Performance
A67: 9조 | B67: ='9조'!B99 | C67: ='9조'!C99 -> 9조 - Broker - Performance | D67: ='9조'!D99 | E67: ='9조'!E99 -> 9조 - Dispatcher - Performance
A69: Safety | B69: 0 | C69: 0 | D69: 0 | E69: 0
A70: 1조 | B70: ='1조'!B100 -> 0 | C70: ='1조'!C100 -> [+] 결함 노드의 브로커 수준 즉시 격리 가능 [-] 통신 지연으로 실시간 제어 요구 안전 시스템에 부적합 | D70: ='1조'!D100 -> 0 | E70: ='1조'!E100 -> [+] 비정상 격리: 오류를 일으키는 워커 노드를 라우팅 대상에서 즉시 제외하여 잘못된 처리를 방지함. | F70: Broker 중개자가 병목/단일 장애 지점이 되기 쉬워 메시지 전달 실패가 안전 이벤트 처리 실패로 직결될 수 있다. Dispatcher 디스패처가 라우팅을 독점하면 오동작 시 전체 요청/이벤트가 잘못 분배되어 안전 기능이 광범위하게 깨질 수 있다.
A71: 2조 | B71: ='2조'!B100 -> - | C71: ='2조'!C100 -> broker 가 죽으면 의존하는 모든 application 이 멈춘다. | D71: ='2조'!D100 -> + | E71: ='2조'!E100 -> 장애가 나면 다른 장비의 server 를 활성화해 서비스가 끊기지 않게 할 수 있다
A72: 3조 | B72: ='3조'!B100 -> 0 | C72: ='3조'!C100 -> Broker는 Client와 Server 간 통신을 중개하는 구조로, 위험 상태를 감지·차단하거나 안전 상태로 전환하는 Safety mechanism을 직접 제공하지는 않는다. | D72: ='3조'!D100 -> 0 | E72: ='3조'!E100 -> Dispatcher는 Server 장애 시 다른 Server를 선택하거나 활성화해 가용성을 높일 수 있지만, 위험 상태 제어를 위한 Safety mechanism 자체를 제공하지는 않는다.
A73: 4조 | B73: ='4조'!B100 -> 0 | C73: ='4조'!C100 -> 기능 분리는 오류 격리에 유리하지만 중개 오류와 동시 처리 순서는 점검해야 한다. | D73: ='4조'!D100 -> - | E73: ='4조'!E100 -> 동시 처리 오류와 강한 연결로 인한 오류 전파가 위험한 동작으로 이어질 수 있다.
A74: 5조 | B74: ='5조'!B100 -> - | C74: ='5조'!C100 -> 특정 Server나 Broker 의 장애가 연쇄 중단으로 이어질 위험이 존재한다. | D74: ='5조'!D100 -> + | E74: ='5조'!E100 -> 장애 시 대체 Server 동적 활성화 및 이동 투명성을 통해 시스템 전체의 안전성을 유지하기 수월함.
A75: 6조 | B75: ='6조'!B100 -> - | C75: ='6조'!C100 -> broker 오류/장애 시 saftey와 관련된 기능에 문제가 발생할 수 있다. | D75: ='6조'!D100 -> 0 | E75: ='6조'!E100 -> 위협/상태를 감지하는 메커니즘이 없고 매 요청마다 처리 주체가 달라져서 재현성 등이 보장되지 않기 때문에 결함 재현과 안정성 논증이 어려움
A76: 7조 | B76: ='7조'!B100 | C76: ='7조'!C100 -> 7조 - Broker - Safety | D76: ='7조'!D100 | E76: ='7조'!E100 -> 7조 - Dispatcher - Safety
A77: 8조 | B77: ='8조'!B100 | C77: ='8조'!C100 -> 8조 - Broker - Safety | D77: ='8조'!D100 | E77: ='8조'!E100 -> 8조 - Dispatcher - Safety
A78: 9조 | B78: ='9조'!B100 | C78: ='9조'!C100 -> 9조 - Broker - Safety | D78: ='9조'!D100 | E78: ='9조'!E100 -> 9조 - Dispatcher - Safety
A80: Security | B80: 0 | C80: 0 | D80: 0 | E80: 0
A81: 1조 | B81: ='1조'!B101 -> - | C81: ='1조'!C101 -> [-] 브로커 자체가 주요 보안 공격 표적이 됨 | D81: ='1조'!D101 -> - | E81: ='1조'!E101 -> [-] 주요 공격 표적: Dispatcher 노드가 외부 공격자에게 노출될 경우 전체 시스템이 위협받음. | F81: Broker 정보의 흐름이 집중되는 구간이 명확하다. Dispatcher 정보의 흐름이 집중되는 구간이 명확하다. (-) 중계리후에는 비교적 이문제를 회피 할 수 있다(+)
A82: 2조 | B82: ='2조'!B101 -> 0 | C82: ='2조'!C101 -> 모든 통신이 중앙 브로커를 경유하므로 단일 지점에서 인증, 인가, 트래픽 감사를 일괄 적용하기 용이함 (교안 장점). / (-) 반면 브로커가 뚫리면 시스템 전체의 통신 내용이 노출되는 명확한 표적이 됨. | D82: ='2조'!D101 -> 0 | E82: ='2조'!E101 -> 등록과 연결을 dispatcher 한 곳에서 통제할 수 있으나, 연결 뒤 통신은 스타일이 관여하지 않는다
A83: 3조 | B83: ='3조'!B101 -> 0 | C83: ='3조'!C101 -> Broker를 중앙 인증·인가·감사 지점으로 활용할 수 있지만, 동시에 모든 통신이 집중되는 공격 지점이 될 수 있어 Security 측면의 장단점이 상쇄된다. | D83: ='3조'!D101 -> 0 | E83: ='3조'!E101 -> Dispatcher에서 초기 접근 통제를 적용할 수 있지만 연결 이후 보안은 개별 Client·Server에 의존하고, Dispatcher 자체도 중앙 탐색·등록 지점으로서 공격 대상이 될 수 있다.
A84: 4조 | B84: ='4조'!B101 -> + | C84: ='4조'!C101 -> 중개 지점에서 접근 규칙을 관리하기 좋지만 실제 인증과 권한 설정은 필요하다. | D84: ='4조'!D101 -> - | E84: ='4조'!E101 -> 여러 처리 경로를 보호해야 하며 강한 연결로 침해 영향이 번질 수 있다.
A85: 5조 | B85: ='5조'!B101 -> - | C85: ='5조'!C101 -> Bridge 및 분산 통신 경로로 인해 Component의 보안 검증과 정책 적용이 복잡하다. | D85: ='5조'!D101 -> 0 | E85: ='5조'!E101 -> 단일 진입점에 인증/권한/라우팅 제한을 적용하기 쉬우나 Dispatcher 인터페이스 단일점에 대한 관리 포인트가 존재
A86: 6조 | B86: ='6조'!B101 -> -- | C86: ='6조'!C101 -> broker 에 모든 정보가 몰리기 때문에 명확한 attack point가 존재한다. | D86: ='6조'!D101 -> - | E86: ='6조'!E101 -> dispatcher가 최우선 공격 표적이 될 수 있으며 공격당할 시 시스템 전체가 마비될 수 있음.
A87: 7조 | B87: ='7조'!B101 | C87: ='7조'!C101 -> 7조 - Broker - Security | D87: ='7조'!D101 | E87: ='7조'!E101 -> 7조 - Dispatcher - Security
A88: 8조 | B88: ='8조'!B101 | C88: ='8조'!C101 -> 8조 - Broker - Security | D88: ='8조'!D101 | E88: ='8조'!E101 -> 8조 - Dispatcher - Security
A89: 9조 | B89: ='9조'!B101 | C89: ='9조'!C101 -> 9조 - Broker - Security | D89: ='9조'!D101 | E89: ='9조'!E101 -> 9조 - Dispatcher - Security
A91: Testability | B91: 0 | C91: 0 | D91: 0 | E91: 0
A92: 1조 | B92: ='1조'!B102 -> -- | C92: ='1조'!C102 -> [--] 비동기 메시징 및 네트워크 지연으로 통합 테스트 극도로 어려움 | D92: ='1조'!D102 -> -- | E92: ='1조'!E102 -> [--] 분산 동기화 난제: 복수의 분산 노드 간 작업 동기화, 타임아웃, 비동기 응답 통합 테스트가 극도로 복잡함. | F92: Broker 여러 프록시와 Broker의 분산된 통신으로 인한 테스팅이 어려움 Dispatcher 분산된 통신으로 인한 테스팅이 어려움
A93: 2조 | B93: ='2조'!B102 -> -- | C93: ='2조'!C102 -> 클라이언트, 서버, 프록시, 브로커, 브리지 등 수많은 분산 컴포넌트가 얽혀 있어 전체 시스템의 테스트와 디버깅이 지루하고 대단히 번거로움 | D93: ='2조'!D102 -> - | E93: ='2조'!E102 -> 어느 server 가 응답할지 실행 시점에 정해져(load balancer 처럼 매번 달라질 수 있다) 같은 조건을 재현하기 어렵다
A94: 3조 | B94: ='3조'!B102 -> - | C94: ='3조'!C102 -> 프록시, 브로커, 브리지 등 연관된 간접 계층이 많아 런타임 오류 추적이 매우 복잡하고 디버깅이 까다로움. | D94: ='3조'!D102 -> - | E94: ='3조'!E102 -> 동적 바인딩(Dynamic Binding) 및 네트워크 타이밍 의존성으로 인해 정적 테스트 환경에서 통신 결함을 일관되게 재현하기 까다로움.
A95: 4조 | B95: ='4조'!B102 -> - | C95: ='4조'!C102 -> Broker를 거치는 여러 기능의 동시 실행을 따라가며 재현하기 어렵다. | D95: ='4조'!D102 -> - | E95: ='4조'!E102 -> 여러 처리기의 실행 순서를 재현하기 어렵고 직접 연결된 기능을 따로 시험하기도 불편하다.
A96: 5조 | B96: ='5조'!B102 -> - | C96: ='5조'!C102 -> 여러 Component 간 상호작용을 확인해야 하므로 결함 발견과 원인 추적이 어렵다. | D96: ='5조'!D102 -> - | E96: ='5조'!E102 -> Dispatcher 의존성 및 서버 동적 이동에 따른 시나리오 테스트 난이도가 존재하나 Broker보다는 단순
A97: 6조 | B97: ='6조'!B102 -> - | C97: ='6조'!C102 -> 동시성을 띄며 약한 결합이기 떄문에 통합 테스트가 힘들다. | D97: ='6조'!D102 -> - | E97: ='6조'!E102 -> 서버 각각은 stateless에 동등하므로 단위 테스트는 쉽지만 어느 인스턴스에서 처리할지 비결정적이라 통합 테스팅할 때 결함 재현이 어려움
A98: 7조 | B98: ='7조'!B102 | C98: ='7조'!C102 -> 7조 - Broker - Testability | D98: ='7조'!D102 | E98: ='7조'!E102 -> 7조 - Dispatcher - Testability
A99: 8조 | B99: ='8조'!B102 | C99: ='8조'!C102 -> 8조 - Broker - Testability | D99: ='8조'!D102 | E99: ='8조'!E102 -> 8조 - Dispatcher - Testability
A100: 9조 | B100: ='9조'!B102 | C100: ='9조'!C102 -> 9조 - Broker - Testability | D100: ='9조'!D102 | E100: ='9조'!E102 -> 9조 - Dispatcher - Testability
A102: Usability | B102: 0 | C102: 0 | D102: 0 | E102: 0
A103: 1조 | B103: ='1조'!B103 -> 0 | C103: ='1조'!C103 -> 사용자가 서버 위치를 몰라도 서비스를 사용할 수 있도록 만드는 기반은 있지만, 위치 투명성은 우선 구성 요소의 연결 특성이다. 실제 UI·피드백·오류 복구 경험을 정의하지 않으므로 직접적인 사용성 영향은 중립이다. | D103: ='1조'!D103 -> 0 | E103: ='1조'!E103 -> 서버 위치를 사용자가 관리하지 않도록 할 기반은 있지만 Dispatcher는 주로 내부 연결을 해결한다. 사용자 화면과 작업 절차를 정의하지 않으므로 사용성에 직접 높은 점수를 부여하지 않는다. | F103: Broker 해당사항 없음 Dispatcher 해당사항 없음
A104: 2조 | B104: ='2조'!B103 -> 0 | C104: ='2조'!C103 -> (+) 위치 투명성으로 인해 사용자가 서버의 물리적 위치나 주소 변경을 전혀 의식할 필요가 없음. / (-) 사용자 인터페이스 자체를 다루는 스타일이 아니며, 간접 호출 지연으로 인해 화면 반응성에 부정적일 수 있음. | D104: ='2조'!D103 -> 0 | E104: ='2조'!E103 -> 사용자 접점을 규정하지 않는다.
A105: 3조 | B105: ='3조'!B103 -> 0 | C105: ='3조'!C103 -> 사용자 입장에서 usability 영향은 적다 | D105: ='3조'!D103 -> 0 | E105: ='3조'!E103 -> 사용자 입장에서 usability 영향은 적다
A106: 4조 | B106: ='4조'!B103 -> 0 | C106: ='4조'!C103 -> 여러 처리를 동시에 진행해 응답성을 높이기 좋지만 중개 지연은 관리해야 한다. | D106: ='4조'!D103 -> + | E106: ='4조'!E103 -> 여러 요청을 나누어 처리하므로 한 작업 때문에 다른 사용자가 기다리는 일을 줄이기 좋다.
A107: 5조 | B107: ='5조'!B103 -> 0 | C107: ='5조'!C103 -> 서비스 중개 구조 자체는 사용자 조작 편의성을 결정하지 않는다. | D107: ='5조'!D103 -> 0 | E107: ='5조'!E103 -> 이 아키텍처 스타일이 해당 품질속성을 직접 좌우하지 않음.
A108: 6조 | B108: ='6조'!B103 -> 0 | C108: ='6조'!C103 -> 복잡한 distribute 구조를 UI에 드러내지 않기 때문에 사용성이 좋은 측면도 있지만 사용자가 broker를 공유하기 때문에 UX는 좋지 않을 수 있다. | D108: ='6조'!D103 -> 0 | E108: ='6조'!E103 -> 사용자에게 안정적인 응답을 제공해줄 수는 있으나 구조 자체가 사용성을 개선시키는 구조는 아님.
A109: 7조 | B109: ='7조'!B103 | C109: ='7조'!C103 -> 7조 - Broker - Usability | D109: ='7조'!D103 | E109: ='7조'!E103 -> 7조 - Dispatcher - Usability
...

Sheet DA3
A1: Distributed | B1: SOA | D1: Micro-service
B2: Effects | C2: Justification | D2: Effects | E2: Justification
A3: Availability | B3: 0 | C3: 0 | D3: 0 | E3: 0
A4: 1조 | B4: ='1조'!B107 -> 0 | C4: ='1조'!C107 -> [+] Stateless Service는 상태 의존을 줄이고 서로 다른 Process·컴퓨터에 분산할 수 있어 서비스별 장애 대응 단위를 제공한다. [-] Intermediary와 필수 외부 Service Provider의 장애는 연계 업무를 중단시킬 수 있으며, 강의 자료는 자동 복구를 기본 제약으로 두지 않는다. | D4: ='1조'!D107 -> ++ | E4: ='1조'!E107 -> 독립된 실행·데이터 소유 경계로 비관련 서비스의 동작과 개별 복구를 분리할 기반이 있다. 교안의 역할·정보 분산에 따른 가용성 이점을 반영한다. 그러나 필수 서비스를 연쇄 호출하는 임무까지 모두 계속된다는 뜻은 아니다. | F4: SOA 개별 서비스의 장애가 전체 시스템의 장애로 이어지지는 않는다. 단, 대규모 서비스인 경우 복구의 시간이 길어 질 수 있다 Micro Service 개별 마이크로 서비스의 장애가 전체 서비스로 전파되는 것을 효과적으로 차단 가능. Redundency를 이용하여 빠르게 복구 가능
A5: 2조 | B5: ='2조'!B107 -> 0 | C5: ='2조'!C107 -> (+) 서비스들이 서로 다른 프로세스/컴퓨터로 분산 실행되어 부분 장애 격리가 가능함. / (-) 외부 벤더나 타 조직이 운영하는 서비스에 의존할 경우 해당 서비스 장애 시 전체 비즈니스 프로세스가 중단됨 (교안 약점 명시). | D5: ='2조'!D107 -> ++ | E5: ='2조'!E107 -> (+) 결함 격리(Fault Isolation)가 완벽하여 특정 마이크로서비스 인스턴스가 다운되더라도 서킷 브레이커 등을 통해 전체 애플리케이션으로 장애가 번지지 않고 독립 복구됨
A6: 3조 | B6: ='3조'!B107 -> 0 | C6: ='3조'!C107 -> 서비스가 분리되어 일부 장애 격리는 가능하지만, service intermediary나 공통 서비스 의존이 장애 지점이 될 수 있다. | D6: ='3조'!D107 -> + | E6: ='3조'!E107 -> 서비스가 독립 실행 단위라 일부 서비스 장애가 전체로 전파되는 범위를 줄일 수 있다.
A7: 4조 | B7: ='4조'!B107 -> + | C7: ='4조'!C107 -> 서비스별 역할을 나누고 의존성을 줄여 한 서비스의 장애가 다른 서비스로 번지는 것을 줄이기 좋다. | D7: ='4조'!D107 -> ++ | E7: ='4조'!E107 -> 역할과 정보를 나누고 약하게 연결해 일부 서비스의 장애 영향을 제한하기 매우 좋다.
A8: 5조 | B8: ='5조'!B107 -> + | C8: ='5조'!C107 -> 오케스트레이션 의존성은 추가되나 각 서비스를 격리하기 때문에 부하가 분산되어 availability가 높다. | D8: ='5조'!D107 -> ++ | E8: ='5조'!E107 -> 서비스가 독립적일 경우, 하나의 장애가 전체를 멈추지 않음
A9: 6조 | B9: ='6조'!B107 -> 0 | C9: ='6조'!C107 -> intermediary가 연결을 해줄뿐이지 실 availability 가 service provider에 영향을 받는 경우가 많음 | D9: ='6조'!D107 -> ++ | E9: ='6조'!E107 -> 각 서비스가 독립 프로세스로 격리되어 있어, 하나의 microservice가 죽어도 upstream 서비스가 장애를 올바르게 처리하도록 설계되어 있다면 전체는 계속 동작한다
A10: 7조 | B10: ='7조'!B107 | C10: ='7조'!C107 -> 7조 - SOA - Availability | D10: ='7조'!D107 | E10: ='7조'!E107 -> 7조 - Mico-Service - Availability
A11: 8조 | B11: ='8조'!B107 | C11: ='8조'!C107 -> 8조 - SOA - Availability | D11: ='8조'!D107 | E11: ='8조'!E107 -> 8조 - Mico-Service - Availability
A12: 9조 | B12: ='9조'!B107 | C12: ='9조'!C107 -> 9조 - SOA - Availability | D12: ='9조'!D107 | E12: ='9조'!E107 -> 9조 - Mico-Service - Availability
A14: Deployability | B14: 0 | C14: 0 | D14: 0 | E14: 0
A15: 1조 | B15: ='1조'!B108 -> + | C15: ='1조'!C108 -> [+] 공개 Interface가 유지되면 Service Provider의 구현을 독립적으로 갱신할 수 있다. | D15: ='1조'!D108 -> ++ | E15: ='1조'!E108 -> [++] 각 Service가 별도 Codebase·데이터·배포 단위를 가지므로 전체 Application 재배포 없이 기능별 Release와 Rollback이 가능하다. | F15: SOA 서비스 단위의 부분 배포를 런타임에 진행 할 수 있다. 단, 대규모 서비스인 경우, 서비스 배포시 부분적인 시스템 정지 가 발생 할 수 있다. Micro Service 단위서비스를 런타임에 신속하게 배포 가능하다
A16: 2조 | B16: ='2조'!B108 -> + | C16: ='2조'!C108 -> (+) 비상태(Stateless) 서비스 특성상 공개 인터페이스만 유지되면 개별 서비스 구현을 독립 배포 가능. / (-) 전사적(Enterprise) 엔드-투-엔드 구축 및 서비스 버스 연계가 복잡하여 배포 절차가 무거움 (교안 약점 명시) | D16: ='2조'!D108 -> ++ | E16: ='2조'!E108 -> 애자일성(Agility): 서비스별 코드베이스가 완전히 분리되어 있어 전체 애플리케이션 재빌드/재배포 없이 개별 서비스 단위로 독립적인 빠른 배포, 버그 수정, 롤백이 가능함
A17: 3조 | B17: ='3조'!B108 -> + | C17: ='3조'!C108 -> 서비스 단위로 배포·교체할 수 있어 전체 시스템을 한 번에 배포하지 않아도 된다. | D17: ='3조'!D108 -> ++ | E17: ='3조'!E108 -> 작은 독립 서비스 단위로 개별 배포와 scale-out이 가능해 배포 용이성이 매우 높다.
A18: 4조 | B18: ='4조'!B108 -> + | C18: ='4조'!C108 -> 서비스 간 연결 규칙을 유지하면 개별 서비스를 따로 교체하거나 배포하기 좋다. | D18: ='4조'!D108 -> ++ | E18: ='4조'!E108 -> 서비스별 책임과 데이터가 나뉘어 필요한 서비스만 따로 배포하기 매우 좋다.
A19: 5조 | B19: ='5조'!B108 -> 0 | C19: ='5조'!C108 -> 서비스 단위 배포는 가능하나 Intermediary에 관한 영향을 고려해야 한다. | D19: ='5조'!D108 -> + | E19: ='5조'!E108 -> 독립배포로 bugfix,release,roll back이 쉬움
A20: 6조 | B20: ='6조'!B108 -> 0 | C20: ='6조'!C108 -> 중앙 intermediary에 의존하는 시스템은 이중화 보장이 되어있지 않은 이상 deployability 가 좋다고 볼 수 없음 | D20: ='6조'!D108 -> ++ | E20: ='6조'!E108 -> 서비스별로 별도 독립 배포가 가능해, 전체 application을 재배포하지 않고 서비스 하나만 갱신·롤백할 수 있다
A21: 7조 | B21: ='7조'!B108 | C21: ='7조'!C108 -> 7조 - SOA - Deployability | D21: ='7조'!D108 | E21: ='7조'!E108 -> 7조 - Mico-Service - Deployability
A22: 8조 | B22: ='8조'!B108 | C22: ='8조'!C108 -> 8조 - SOA - Deployability | D22: ='8조'!D108 | E22: ='8조'!E108 -> 8조 - Mico-Service - Deployability
A23: 9조 | B23: ='9조'!B108 | C23: ='9조'!C108 -> 9조 - SOA - Deployability | D23: ='9조'!D108 | E23: ='9조'!E108 -> 9조 - Mico-Service - Deployability
A25: Integrability | B25: 0 | C25: 0 | D25: 0 | E25: 0
A26: 1조 | B26: ='1조'!B109 -> ++ | C26: ='1조'!C109 -> [++] Platform·기술·Vendor·언어와 무관한 표준 통신과 공개 Interface로 서비스 재사용·조합·외부 시스템 연동이 매우 쉽다. | D26: ='1조'!D109 -> + | E26: ='1조'!E109 -> [+] 잘 정의된 API와 내부 구현 은닉, 서로 다른 기술 Stack 허용으로 별도 개발 Service를 연결하기 쉽다. | F26: SOA, Micro Service 서비스간 인터페이스를 준수 한다면 유연한 확장이 가능하다
A27: 2조 | B27: ='2조'!B109 -> ++ | C27: ='2조'!C109 -> (+) 플랫폼, 기술, 벤더, 언어 구현에 완전히 독립적인 표준 인터페이스(WSDL, SOAP/REST)로 서비스가 공개되어 있어, 이기종 시스템 간 조합 및 전사적 상호운용성(Interoperability)이 극대화됨 (교안 장점 핵심 명시) | D27: ='2조'!D109 -> + | E27: ='2조'!E109 -> (+) 코드와 데이터 저장소를 공유하지 않고 잘 정의된 API로만 통신하므로 신규 기능 결합이 용이함 (-) 다수 서비스 간 backward/forward API 버전 호환성(Versioning) 유지가 어려움
A28: 3조 | B28: ='3조'!B109 -> ++ | C28: ='3조'!C109 -> 표준화된 서비스 계약과 Service Registry/Intermediary를 통해 기술, 플랫폼, 언어가 다른 이기종 시스템과 서비스를 통합하기 쉽다. | D28: ='3조'!D109 -> + | E28: ='3조'!E109 -> 각 서비스가 API를 통해 기능을 제공하므로 서비스 단위 통합은 쉽다. 다만 서비스 수가 많아질수록 API 의존성과 연동 관리가 복잡해진다.
A29: 4조 | B29: ='4조'!B109 -> ++ | C29: ='4조'!C109 -> 공통 서비스 규칙을 통해 서로 다른 시스템의 기능을 연결하기 쉽다. | D29: ='4조'!D109 -> + | E29: ='4조'!E109 -> 서비스 계약으로 새 기능을 연결하기 좋지만 분산된 데이터의 형식과 의미를 맞춰야 한다.
A30: 5조 | B30: ='5조'!B109 -> ++ | C30: ='5조'!C109 -> 기술적으로 어떤 client 나 서비스든 platform, 기술, vendor, 언어와 무관하게 다른 서비스에 접근할 수 있다 | D30: ='5조'!D109 -> + | E30: ='5조'!E109 -> 코드, data store 비공유로 의존성 최소화
A31: 6조 | B31: ='6조'!B109 -> ++ | C31: ='6조'!C109 -> 표준화된 통신이 보장되기 때문에 service provider, service customer 확장이 용이함. | D31: ='6조'!D109 -> - | E31: ='6조'!E109 -> 서비스마다 기술 스택·언어·프레임워크를 자유롭게 선택할 수 있어, 서비스 일관성 유지와 버저닝 관리가 어려움
A32: 7조 | B32: ='7조'!B109 | C32: ='7조'!C109 -> 7조 - SOA - Integrability | D32: ='7조'!D109 | E32: ='7조'!E109 -> 7조 - Mico-Service - Integrability
A33: 8조 | B33: ='8조'!B109 | C33: ='8조'!C109 -> 8조 - SOA - Integrability | D33: ='8조'!D109 | E33: ='8조'!E109 -> 8조 - Mico-Service - Integrability
A34: 9조 | B34: ='9조'!B109 | C34: ='9조'!C109 -> 9조 - SOA - Integrability | D34: ='9조'!D109 | E34: ='9조'!E109 -> 9조 - Mico-Service - Integrability
A36: Energy Efficiency | B36: 0 | C36: 0 | D36: 0 | E36: 0
A37: 1조 | B37: ='1조'!B110 -> - | C37: ='1조'!C110 -> [-] Middleware의 라우팅·변환, 원격 통신, 직렬화와 분산 Process의 유지에 추가 자원을 사용한다. | D37: ='1조'!D110 -> - | E37: ='1조'!E110 -> [-] 다수 Service·Data Store·Gateway·Orchestration의 상시 유지와 서비스 간 Network 통신·직렬화가 자원을 소비한다. | F37: SOA 동시성을 가진 대규모 서비스의 구동 및 서비스 사용 요청이 빈번해지는 경우 자원의 소비가 급증한다 Micro Service 서비스 간 호출시 오버헤드가 커서 같은 기능 대비 에너지 효율이 낮아진다. (-) 많은 서비스가 대기 상태에서 자원을 소비 할 수 있다(-) . 단, 필요한 서비스만 스케일/슬립시키면 개선 여지가 있다(+)
A38: 2조 | B38: ='2조'!B110 -> - | C38: ='2조'!C110 -> (-) middleware 로 인한 성능 overhead 가 있다고 교안이 약점으로 명시한다 — 같은 일에 중개 비용이 더 든다 | D38: ='2조'!D110 -> -- | E38: ='2조'!E110 -> 서비스 간 통신이 늘어 network congestion 과 latency 가 생긴다고 교안이 약점으로 든다 — 같은 일에 통신 자원을 훨씬 더 쓴다
A39: 3조 | B39: ='3조'!B110 -> - | C39: ='3조'!C110 -> 서비스 호출, 메시지 변환, Intermediary를 통한 라우팅 등 분산 처리 overhead가 발생해 CPU, 네트워크 자원 사용량이 늘 수 있다. | D39: ='3조'!D110 -> -- | E39: ='3조'!E110 -> 많은 소규모 서비스가 각각 독립 런타임이나 컨테이너에서 동작하고, 서비스 간 네트워크 호출도 많아져 자원 소비가 크게 증가할 수 있다.
A40: 4조 | B40: ='4조'!B110 -> - | C40: ='4조'!C110 -> 여러 서비스를 따로 실행하고 서로 통신하는 데 추가 자원이 든다. | D40: ='4조'!D110 -> -- | E40: ='4조'!E110 -> 많은 서비스를 따로 운영하고 분산된 데이터를 주고받아 자원 소모가 커진다.
A41: 5조 | B41: ='5조'!B110 -> - | C41: ='5조'!C110 -> 중개 기능과 분산 환경으로 인해 에너지 소모가 크다. | D41: ='5조'!D110 -> -- | E41: ='5조'!E110 -> 서비스 수에 비례하여 overhead커짐
A42: 6조 | B42: ='6조'!B110 -> - | C42: ='6조'!C110 -> middleware의 존재로 성능 효율이 좋은 편이라고 볼 수 없음 | D42: ='6조'!D110 -> -- | E42: ='6조'!E110 -> 서비스 수만큼 프로세스/컨테이너가 늘어나고 서비스 간 네트워크 통신이 잦아져, 인프라·통신 오버헤드가 커진다
A43: 7조 | B43: ='7조'!B110 | C43: ='7조'!C110 -> 7조 - SOA - Energy Efficiency | D43: ='7조'!D110 | E43: ='7조'!E110 -> 7조 - Mico-Service - Energy Efficiency
A44: 8조 | B44: ='8조'!B110 | C44: ='8조'!C110 -> 8조 - SOA - Energy Efficiency | D44: ='8조'!D110 | E44: ='8조'!E110 -> 8조 - Mico-Service - Energy Efficiency
A45: 9조 | B45: ='9조'!B110 | C45: ='9조'!C110 -> 9조 - SOA - Energy Efficiency | D45: ='9조'!D110 | E45: ='9조'!E110 -> 9조 - Mico-Service - Energy Efficiency
A47: Modifiability | B47: 0 | C47: 0 | D47: 0 | E47: 0
A48: 1조 | B48: ='1조'!B111 -> + | C48: ='1조'!C111 -> [++] Stateless Service와 공개 Interface를 유지하면 내부 구현 변경이 Application에 영향을 주지 않아 진화·갱신이 매우 쉽다. [-] 공개 Interface나 공통 업무 의미의 변경은 여러 Consumer에 전파될 수 있다. | D48: ='1조'!D111 -> ++ | E48: ='1조'!E111 -> [++] Business Capability별 독립 Codebase와 Data Store로 새 기능 추가와 내부 Logic·Schema 변경을 단일 Service에 국소화하기 매우 쉽다. | F48: SOA 각 서비스이 변경이 다름 서비스에 영향을 미치지 않는다. (+) 다만, 서비스가 다른 서비스에 의존하는 경우, 서비스의 변경이 다른 서비스에 영향을 줄 수 있다(-) Micro Service 독립적으로 개발,배포되어 수정 사항이 타 서비스에 영향을 주기 않는다(+) 데이터를 공유하지 않기 때문에 기능 추가가 용이하다 (+) 다만, 서비스가 다른 서비스에 의존하는 경우, 서비스의 변경이 다른 서비스에 영향을 줄 수 있다(-)
A49: 2조 | B49: ='2조'!B111 -> ++ | C49: ='2조'!C111 -> (+) 비상태성(Stateless)과 느슨한 결합 덕분에 공개된 표준 인터페이스만 유지되면 서비스 내부 비즈니스 로직을 자유롭게 수정·진화시킬 수 있어 수정 용이성이 극히 우수함 (교안 장점 첫 줄 명시) | D49: ='2조'!D111 -> ++ | E49: ='2조'!E111 -> 데이터 격리(Data Isolation): 서비스별로 독립된 DB를 소유하므로 스키마 변경이 단 하나의 서비스에만 영향을 미치며, 코드베이스 분리로 새로운 비즈니스 기능을 추가하기 극히 용이함
A50: 3조 | B50: ='3조'!B111 -> + | C50: ='3조'!C111 -> Stateless 서비스 특성과 공개 인터페이스 준수를 통해 서비스 내부 구현 변경이 클라이언트 애플리케이션에 영향을 주지 않아 기능 진화(Evolution)가 쉬움 | D50: ='3조'!D111 -> ++ | E50: ='3조'!E111 -> 서비스별 독립적인 데이터 저장소(Data Store)와 코드베이스를 유지하여 의존성이 최소화되고, 개별 서비스 수정·교체가 매우 쉽다
A51: 4조 | B51: ='4조'!B111 -> + | C51: ='4조'!C111 -> 서비스 간 연결 규칙을 유지하면 다른 서비스를 크게 바꾸지 않고 내부 기능을 수정하기 쉽다. | D51: ='4조'!D111 -> ++ | E51: ='4조'!E111 -> 서비스별 책임과 데이터가 분리되어 한 서비스의 기능을 독립적으로 바꾸기 매우 쉽다.
A52: 5조 | B52: ='5조'!B111 -> ++ | C52: ='5조'!C111 -> 각 서비스 component가 독립적이므로 공개된 interface만 바뀌지 않는다면 서비스 구현 변경이 application에 영향을 주지 않는다. | D52: ='5조'!D111 -> + | E52: ='5조'!E111 -> 서비스별 독립적이여서 수정에 용이함
A53: 6조 | B53: ='6조'!B111 -> ++ | C53: ='6조'!C111 -> 표준화된 통신 보장으로 intermediary 수정 없이 service provider 및 customer 변경이 용이. 단 intermediary 변경은 아려움 | D53: ='6조'!D111 -> + | E53: ='6조'!E111 -> 코드와 data store를 서비스 간 공유하지 않아 의존성이 최소화되므로, 한 서비스의 기능 변경·추가가 다른 서비스에 영향을 주지 않는다
A54: 7조 | B54: ='7조'!B111 | C54: ='7조'!C111 -> 7조 - SOA - Modifiability | D54: ='7조'!D111 | E54: ='7조'!E111 -> 7조 - Mico-Service - Modifiability
A55: 8조 | B55: ='8조'!B111 | C55: ='8조'!C111 -> 8조 - SOA - Modifiability | D55: ='8조'!D111 | E55: ='8조'!E111 -> 8조 - Mico-Service - Modifiability
A56: 9조 | B56: ='9조'!B111 | C56: ='9조'!C111 -> 9조 - SOA - Modifiability | D56: ='9조'!D111 | E56: ='9조'!E111 -> 9조 - Mico-Service - Modifiability
A58: Performance | B58: 0 | C58: 0 | D58: 0 | E58: 0
A59: 1조 | B59: ='1조'!B112 -> - | C59: ='1조'!C112 -> 여러 업무 서비스를 네트워크로 조합하면 로컬 호출 대비 왕복·직렬화·실패 처리 시간이 추가된다. 특히 짧은 기능을 잘게 나누어 연쇄 호출하면 연결 비용의 비중이 커진다. 서비스 재사용을 응답 시간의 자동 개선으로 해석하지 않는다. | D59: ='1조'!D112 -> - | E59: ='1조'!E112 -> 하나의 업무를 여러 원격 서비스에 걸쳐 처리하면 호출·직렬화·인증·데이터 조회의 왕복이 누적될 수 있다. 교안이 마이크로서비스의 지연 비용을 약점으로 설명한 점을 반영한다. 서비스별 확장에 따른 처리량 이점과 분리한 평가이다. | F59: SOA 통신, 서비스간 의존성 체인이 있는 경우 통신 오버해드의 영향을 받는다 Micro Service 통신, 서비스간 의존성 체인이 있는 경우 통신 오버해드의 영향이 크다
A60: 2조 | B60: ='2조'!B112 -> - | C60: ='2조'!C112 -> (+) 서비스를 여러 물리 장비로 분산하여 대규모 작업 부하 분산 가능. / (-) 미들웨어 오버헤드가 크고 통신 병목이 발생할 수 있으며, 서비스 제공자가 엄격한 성능 보장(Guarantee)을 제공하지 못함 (교안 약점 명시) | D60: ='2조'!D112 -> 0 | E60: ='2조'!E112 -> (+) 부하가 많은 서브시스템만 독립적으로 수평 확장(Scale-out)하여 처리량을 높일 수 있음 (-) 그러나 미세한 서비스 간 긴 호출 체인으로 네트워크 정체 및 응답 지연(Latency)이 크게 증가함
A61: 3조 | B61: ='3조'!B112 -> - | C61: ='3조'!C112 -> Middleware로 인해 서비스 간 네트워크 호출이 많아져 성능 overhead 발생 | D61: ='3조'!D112 -> - | E61: ='3조'!E112 -> 서비스 간 네트워크 호출이 많아지면 latency와 serialization overhead가 발생한다.
A62: 4조 | B62: ='4조'!B112 -> - | C62: ='4조'!C112 -> 서비스를 원격으로 호출하고 데이터를 변환하는 과정에서 지연이 늘어날 수 있다. | D62: ='4조'!D112 -> - | E62: ='4조'!E112 -> 동시 처리는 가능하지만 여러 서비스 호출과 데이터 조정으로 개별 요청의 지연이 늘 수 있다.
A63: 5조 | B63: ='5조'!B112 -> - | C63: ='5조'!C112 -> 세분화된 원격 호출과 서비스 조합으로 인해 비용이 발생한다. | D63: ='5조'!D112 -> -- | E63: ='5조'!E112 -> 서비스간 통신 증가로 latency증가
A64: 6조 | B64: ='6조'!B112 -> + | C64: ='6조'!C112 -> middleware의 존재로 시간효율 및 자원효율이 좋은 편이라고 볼 수 없음 | D64: ='6조'!D112 -> -- | E64: ='6조'!E112 -> 세분화된 서비스가 많아질수록 서비스 간 원격 통신이 늘고, 의존 체인이 길어지면 누적 latency가 커져 응답 성능이 저하되기 쉽다
A65: 7조 | B65: ='7조'!B112 | C65: ='7조'!C112 -> 7조 - SOA - Performance | D65: ='7조'!D112 | E65: ='7조'!E112 -> 7조 - Mico-Service - Performance
A66: 8조 | B66: ='8조'!B112 | C66: ='8조'!C112 -> 8조 - SOA - Performance | D66: ='8조'!D112 | E66: ='8조'!E112 -> 8조 - Mico-Service - Performance
A67: 9조 | B67: ='9조'!B112 | C67: ='9조'!C112 -> 9조 - SOA - Performance | D67: ='9조'!D112 | E67: ='9조'!E112 -> 9조 - Mico-Service - Performance
A69: Safety | B69: 0 | C69: 0 | D69: 0 | E69: 0
A70: 1조 | B70: ='1조'!B113 -> 0 | C70: ='1조'!C113 -> 업무 책임이 서비스로 나뉘면 위해 관련 규칙을 검토할 위치를 정하기 쉽다. 그러나 부분 성공·응답 손실·재시도·여러 상태의 불일치에서 안전한 행동을 보장하는 정책은 교안 개요가 정하지 않는다. 안전성은 중립으로 평가한다. | D70: ='1조'!D113 -> 0 | E70: ='1조'!E113 -> 서비스 경계는 위험한 책임을 분리할 기회를 주지만, 여러 상태의 불일치·부분 성공·재시도에서 위해를 막는 동작을 자동 보장하지 않는다. 분산으로 오류 영향을 줄일 수도 있고 새 조합 위험을 만들 수도 있어 안전성은 중립이다. | F70: SOA, Micro Service 서비스 단위 격리로 국소 장애 제한이 가능하지만, 단, 분산 호출·일관성·관측성 부족이 안전 검증을 어렵게 만든다.
A71: 2조 | B71: ='2조'!B113 -> - | C71: ='2조'!C113 -> (-) 독립적인 서비스의 진화를 내가 통제할 수 없다고 교안이 약점으로 든다 — 남의 변경이 예고 없이 내 시스템에 들어온다 | D71: ='2조'!D113 -> - | E71: ='2조'!E113 -> 서비스마다 데이터를 따로 저장해 일관성(data integrity) 유지가 어렵다고 교안이 약점으로 든다
A72: 3조 | B72: ='3조'!B113 -> 0 | C72: ='3조'!C113 -> 표준화된 Service Contract와 독립 서비스 구조는 오류 격리에 일부 도움을 줄 수 있지만, 위험 상태를 감지·회피하거나 안전 상태로 전환하는 Safety mechanism을 직접 제공하지는 않는다. | D72: ='3조'!D113 -> 0 | E72: ='3조'!E113 -> 서비스 단위 Fault isolation은 오류 확산을 줄일 수 있지만, 분산 데이터의 consistency 문제와 부분 장애가 존재하며 Safety를 위한 별도 감지·회피·복구 설계가 필요하다.
A73: 4조 | B73: ='4조'!B113 -> 0 | C73: ='4조'!C113 -> 서비스 분리로 오류 영향을 줄이기 좋지만 여러 서비스의 처리 순서는 따로 검증해야 한다. | D73: ='4조'!D113 -> + | E73: ='4조'!E113 -> 작은 서비스별로 중요한 동작을 검증하고 오류 영향을 제한하기 좋다.
A74: 5조 | B74: ='5조'!B113 -> + | C74: ='5조'!C113 -> 서비스 경계로 나누어져 있어 잘못된 동작의 통제가 용이하다. | D74: ='5조'!D113 -> + | E74: ='5조'!E113 -> 독립적인 시스템으로 하나의 서비스에 문제가 되더라도 타 서비스에 영향이 적음
A75: 6조 | B75: ='6조'!B113 -> + | C75: ='6조'!C113 -> 표준화된 통신으로 output 이 명확한 편으로 fault dealing이 용이함 | D75: ='6조'!D113 -> 0 | E75: ='6조'!E113 -> 장애 격리로 오류 확산을 줄일 수 있지만, 분산된 만큼 실패 지점이 늘어날 수도 있다.
A76: 7조 | B76: ='7조'!B113 | C76: ='7조'!C113 -> 7조 - SOA - Safety | D76: ='7조'!D113 | E76: ='7조'!E113 -> 7조 - Mico-Service - Safety
A77: 8조 | B77: ='8조'!B113 | C77: ='8조'!C113 -> 8조 - SOA - Safety | D77: ='8조'!D113 | E77: ='8조'!E113 -> 8조 - Mico-Service - Safety
A78: 9조 | B78: ='9조'!B113 | C78: ='9조'!C113 -> 9조 - SOA - Safety | D78: ='9조'!D113 | E78: ='9조'!E113 -> 9조 - Mico-Service - Safety
A80: Security | B80: 0 | C80: 0 | D80: 0 | E80: 0
A81: 1조 | B81: ='1조'!B114 -> 0 | C81: ='1조'!C114 -> 서비스 경계에서 인증·권한·감사를 적용할 지점이 생기지만, 보호할 원격 접점과 자격 증명도 늘어난다. 개요의 독립성과 표준 인터페이스는 보안 정책을 자동 제공하지 않으므로 일반적인 보안 순효과를 확정하지 않는다. | D81: ='1조'!D114 -> 0 | E81: ='1조'!E114 -> 서비스별 최소 권한을 적용할 경계가 생기는 반면, 노출 API·서비스 자격 증명·데이터 저장소·통신 접점이 늘어난다. 독립 서비스라는 구조만으로 보안의 순효과를 확정할 수 없다. | F81: SOA 서비스간 데이터를 공유 한도록 구성 하는 경우 명확한 공격 포인트 발생으로 취약점을 가진다 Micro Service 각 서비스마다 data가 isolation되어 있으므로 위험이 분산된다
A82: 2조 | B82: ='2조'!B114 -> 0 | C82: ='2조'!C114 -> (+) 표준 엔터프라이즈 인터페이스(ESB/Gateway) 앞단에서 보안 정책, 인증, 암호화를 일괄 집행 가능 (교안 장점). / (-) 전사적 네트워크에 서비스를 공개하는 만큼 외부 공격 노출 지점이 크게 증가함 | D82: ='2조'!D114 -> 0 | E82: ='2조'!E114 -> (+) 각 서비스마다 네트워크/프로세스 경계가 형성되어 특정 서비스 침해 시 피해가 시스템 전체로 확산되지 않음 (-) 서비스 간 통신 인터페이스가 폭증하여 보호해야 할 공격 표면이 대폭 확대됨
A83: 3조 | B83: ='3조'!B114 -> 0 | C83: ='3조'!C114 -> Intermediary를 통해 인증·인가·감사 정책을 중앙 적용할 수 있지만, 여러 독립 Service와 네트워크 인터페이스 때문에 공격 표면과 보안 관리 복잡도도 증가하므로 전체 Security 효과는 중립적이다. | D83: ='3조'!D114 -> - | E83: ='3조'!E114 -> 많은 Service/API 경계와 Service-to-Service 통신으로 인증·인가·Secret 관리·통신 보호가 분산되어 공격 표면과 보안 운영 복잡도가 증가한다.
A84: 4조 | B84: ='4조'!B114 -> 0 | C84: ='4조'!C114 -> 서비스별 접근 권한을 나누기 좋지만 보호해야 할 통신 지점도 늘어난다. | D84: ='4조'!D114 -> 0 | E84: ='4조'!E114 -> 서비스별 세분화된 인가가 가능하지만, 네트워크 엔드포인트가 많아져 공격 표면이 크게 넓어진다.
A85: 5조 | B85: ='5조'!B114 -> + | C85: ='5조'!C114 -> 중앙에서 보안 정책 적용이 용이하나 gateway에 대한 보안 위험성이 존재한다. | D85: ='5조'!D114 -> - | E85: ='5조'!E114 -> 서비스가 많아질수록 공격받을 포인트가 많아질 수 있음
A86: 6조 | B86: ='6조'!B114 -> + | C86: ='6조'!C114 -> 표준화된 통신에서 기본적인 authentication 절차를 거침 | D86: ='6조'!D114 -> - | E86: ='6조'!E114 -> 서비스별 인증·권한 분리가 가능하지만, 외부에 노출되는 API와 통신 경로 및 관리 대상이 증가하여 공격 표면이 넓어진다.
A87: 7조 | B87: ='7조'!B114 | C87: ='7조'!C114 -> 7조 - SOA - Security | D87: ='7조'!D114 | E87: ='7조'!E114 -> 7조 - Mico-Service - Security
A88: 8조 | B88: ='8조'!B114 | C88: ='8조'!C114 -> 8조 - SOA - Security | D88: ='8조'!D114 | E88: ='8조'!E114 -> 8조 - Mico-Service - Security
A89: 9조 | B89: ='9조'!B114 | C89: ='9조'!C114 -> 9조 - SOA - Security | D89: ='9조'!D114 | E89: ='9조'!E114 -> 9조 - Mico-Service - Security
A91: Testability | B91: 0 | C91: 0 | D91: 0 | E91: 0
A92: 1조 | B92: ='1조'!B115 -> - | C92: ='1조'!C115 -> 서비스 내부 규칙은 따로 시험할 수 있지만, 전체 임무에서는 여러 서비스 버전·데이터 상태·네트워크 실패를 함께 재현해야 한다. 원격 서비스 조합의 통합 검증과 원인 추적 부담을 반영하여 부정적으로 평가한다. | D92: ='1조'!D115 -> - | E92: ='1조'!E115 -> 서비스 내부는 작게 시험하기 쉽지만 종단 동작은 다수 서비스·버전·저장 상태·통신 오류의 조합을 재현해야 한다. 교안이 정보 분산의 상태 재현과 통합 시험 부담을 지적하므로 전체 시스템의 시험 용이성은 부정적으로 평가한다. | F92: SOA 서비스의 단위 테스트는 용이하다(+) 서비스간 의존성 체인이 있는 경우 테스트 환경이 복잡해진다(-) Micro Service 서비스의 단위 테스트는 용이하다(+) 서비스간 의존성 체인이 있는 경우 테스트 환경이 복잡해진다(-)
A93: 2조 | B93: ='2조'!B115 -> - | C93: ='2조'!C115 -> (+) 개별 독립 서비스의 기능 단위 테스트는 용이함. / (-) 외부 서드파티 서비스나 타 부서 서비스의 가용성, 데이터 상태에 의존하므로 동일한 테스트 환경 재현 및 E2E 테스트가 대단히 어려움 (교안 약점 명시) | D93: ='2조'!D115 -> -- | E93: ='2조'!E115 -> (+) 단일 마이크로서비스 자체의 단위 테스트는 단순함. / (-) 서비스 간 의존성이 복잡하고 분산 환경을 위한 전용 도구 지원이 부족하며, 언어/프레임워크 난립(Lack of governance)으로 통합 테스트 난도가 극히 높음
A94: 3조 | B94: ='3조'!B115 -> - | C94: ='3조'!C115 -> 여러 계층으로 나눠져있어 통합 테스트 구성이 복잡함 | D94: ='3조'!D115 -> - | E94: ='3조'!E115 -> 서비스 수가 많고 비동기·분산 호출이 많아 E2E 테스트와 장애 재현이 어렵다.
A95: 4조 | B95: ='4조'!B115 -> - | C95: ='4조'!C115 -> 여러 서비스에 걸친 처리 순서와 통신 상태를 같은 조건으로 재현하기 어렵다. | D95: ='4조'!D115 -> -- | E95: ='4조'!E115 -> 여러 서비스의 실행 순서와 분산된 데이터 상태를 함께 재현하기 매우 어렵다.
A96: 5조 | B96: ='5조'!B115 -> - | C96: ='5조'!C115 -> 분산 환경에 대한 통합 테스트 구성의 복잡도가 증가한다. | D96: ='5조'!D115 -> - | E96: ='5조'!E115 -> 서비스 의존성으로 테스트 어려움
A97: 6조 | B97: ='6조'!B115 -> ++ | C97: ='6조'!C115 -> 테스트 단위 명문화가 가능하고 (e.g. service provider-intermediary) 표준화된 통신으로 expected output이 명확함 | D97: ='6조'!D115 -> -- | E97: ='6조'!E115 -> 여러 서비스를 함께 검증하려면 네트워크, 데이터 저장소, 메시지 시스템 등의 실행 환경이 필요하며 비동기·분산 동작의 재현도 어렵다.
A98: 7조 | B98: ='7조'!B115 | C98: ='7조'!C115 -> 7조 - SOA - Testability | D98: ='7조'!D115 | E98: ='7조'!E115 -> 7조 - Mico-Service - Testability
A99: 8조 | B99: ='8조'!B115 | C99: ='8조'!C115 -> 8조 - SOA - Testability | D99: ='8조'!D115 | E99: ='8조'!E115 -> 8조 - Mico-Service - Testability
A100: 9조 | B100: ='9조'!B115 | C100: ='9조'!C115 -> 9조 - SOA - Testability | D100: ='9조'!D115 | E100: ='9조'!E115 -> 9조 - Mico-Service - Testability
A102: Usability | B102: 0 | C102: 0 | D102: 0 | E102: 0
A103: 1조 | B103: ='1조'!B116 -> 0 | C103: ='1조'!C116 -> [0] Service 재사용·상호운용성은 개발과 시스템 통합의 이점이며 최종 사용자의 작업 편의성을 직접 결정하지 않는다. | D103: ='1조'!D116 -> 0 | E103: ='1조'!E116 -> [0] Application을 작은 Service로 나누는 내부 구조는 사용자의 화면·업무 흐름을 직접 결정하지 않는다. 부분 실패를 사용자에게 어떻게 안내하는지는 별도 UX 설계 사항이다. | F103: SOA 사용자가 원하는 서비스만 구독하여 사용 할 수 있다 Micro Service 사용자가 원하는 Microservier만을 사용하여 원하는 뷰를 구성하기에 용이하다. (Microfrontend)
A104: 2조 | B104: ='2조'!B116 -> 0 | C104: ='2조'!C116 -> (-) 사용자 인터페이스 자체를 정의하는 스타일이 아니며 백엔드 통신 아키텍처에 해당함 (교안 관점) | D104: ='2조'!D116 -> 0 | E104: ='2조'!E116 -> 사용자 접점을 규정하지 않는다. API Gateway 뒤 구성은 사용자에게 보이지 않는다
A105: 3조 | B105: ='3조'!B116 -> 0 | C105: ='3조'!C116 -> 사용자 입장에서 usability 영향은 적다 | D105: ='3조'!D116 -> + | E105: ='3조'!E116 -> 무중단 배포와 부분 장애 격리로 시스템 다운타임이 최소화되며, 비즈니스 기능별 독립 스케일 아웃이 가능해 사용자에게 쾌적한 인터랙션을 보장함.
A106: 4조 | B106: ='4조'!B116 -> 0 | C106: ='4조'!C116 -> 서비스 연결 방식 자체가 화면의 편리함에 미치는 직접적인 영향은 적다. | D106: ='4조'!D116 -> 0 | E106: ='4조'!E116 -> 각 기능은 독립적으로 반응하기 좋지만 화면에 보이는 데이터 상태가 서로 다를 수 있다.
