Workbook

Sheet QA 설명
A1: Quality Attribute | B1: 정의
A2: Availability (가용성) | B2: 임무(mission)가 요구되는 어느 시점에서든, 임무 시작 시 시스템이 정해진 동작 가능 상태에 있는 정도
A3: Modifiability (변경 용이성) | B3: 시스템에 변경을 얼마나 쉽게 가할 수 있는가의 정도
A4: Performance (성능) | B4: 이벤트가 발생했을 때 시스템이 특정 동작을 수행하는 데 걸리는 시간
A5: Security (보안) | B5: 악의적인 행위의 가능성과 정보의 도난·유실 가능성을 줄이는 시스템의 능력
A6: Testability (시험 용이성) | B6: 테스트를 통해 소프트웨어의 결함을 얼마나 쉽게 드러낼 수 있는가
A7: Usability (사용성) | B7: 사용자가 원하는 작업을 얼마나 쉽게 완수할 수 있는가
A8: Safety (안전성) | B8: 시스템이 사람·재산·환경에 피해를 주는 위험 상태(hazard)에 빠지지 않도록 하고, 빠졌을 때 피해를 억제·복구하는 능력
A9: Deployability (배포 용이성) | B9: 실행 가능한 소프트웨어를 예측 가능한 시간과 노력으로 운영 환경에 배치(또는 rollback)할 수 있는 정도
A10: Energy Efficiency (에너지 효율성) | B10: 요구된 기능을 수행하면서 에너지·계산 자원(CPU, memory, network)의 소비를 최소화하는 능력 — Resource Utilization
A11: Integrability (통합 용이성) | B11: 별도로 개발된 컴포넌트를 결합하는 데 드는 비용과 위험의 정도. 외부 시스템과 정보를 교환·활용하는 능력(Interoperability)을 포함

Sheet DF
B1: Batch Sequential | D1: Pipe and Filter | F1: Process Control
B2: Effects | C2: Justification | D2: Effects | E2: Justification | F2: Effects | G2: Justification
A3: Availability | B3: ='Detailed Reasoning'!B$3 | C3: ='Detailed Reasoning'!C$3 | D3: ='Detailed Reasoning'!D$3 | E3: ='Detailed Reasoning'!E$3 | F3: ='Detailed Reasoning'!F$3 | G3: ='Detailed Reasoning'!G$3
A4: AI#1 | B4: ='AI#1_GPT'!B$3 -> - | C4: ='AI#1_GPT'!C3 -> 한 단계가 실패하면 뒤 단계가 모두 대기하고, 긴 배치를 처음 또는 체크포인트부터 재처리해야 할 수 있다. | D4: ='AI#1_GPT'!D$3 -> 0 | E4: ='AI#1_GPT'!E3 -> 필터를 독립적으로 재시작할 수 있지만 한 필터가 중단되면 전체 파이프라인 흐름도 멈출 수 있다. | F4: ='AI#1_GPT'!F$3 -> + | G4: ='AI#1_GPT'!G3 -> 피드백 루프가 상태 변화를 감지해 보정할 수 있어 일부 환경 변화나 구성요소 편차에 대응하기 쉽다.
A5: AI#2 | B5: ='AI#2_Gemini'!B$3 -> 0 | C5: ='AI#2_Gemini'!C$3 -> 한 단계가 실패하면 전체 배치가 중단될 수 있으나, 실패 지점부터 재시작이 가능하므로 중립적임. | D5: ='AI#2_Gemini'!D$3 -> 0 | E5: ='AI#2_Gemini'!E$3 -> 필터 하나가 고장나면 파이프라인이 멈추지만, 상태를 유지하지 않아 재시작 및 복구가 비교적 단순함. | F5: ='AI#2_Gemini'!F$3 -> + | G5: ='AI#2_Gemini'!G$3 -> 시스템의 상태를 지속적으로 모니터링하고 목표 상태로 복구하려는 제어 루프 특성상 가용성 확보에 유리함.
A6: Human | B6: =Human!B3 -> - | C6: =Human!C3 -> 한 단계가 실패하면 중간부터 재시작 가능하다고 하더라도 뒤 단계가 모두 대기하거나 재시작 해야 하는 것이 치명적 | D6: =Human!D$3 -> - | E6: =Human!E$3 -> Filter별 독립적 행동이 보장되므로 문제가 발생하더라고, 전체 system에 영향이 있음. Pipe에 고장이 나면 뒤에 연결된 Filter도 사용할 수 없게 되므로 좋진 않음 | F6: =Human!F$3 -> + | G6: =Human!G$3 -> process unit or control unit 고장시, 오작동하여 시스템 전체에 문제가 발생할 수 있음
A8: Deployability | B8: ='Detailed Reasoning'!B$4 | C8: ='Detailed Reasoning'!C$4 | D8: ='Detailed Reasoning'!D$4 | E8: ='Detailed Reasoning'!E$4 | F8: ='Detailed Reasoning'!F$4 | G8: ='Detailed Reasoning'!G$4
A9: AI#1 | B9: ='AI#1_GPT'!B$4 -> 0 | C9: ='AI#1_GPT'!C4 -> 구조는 단순하지만 단계 간 데이터 형식과 실행 순서 의존성이 있어 배포 측면의 뚜렷한 이점은 제한적이다. | D9: ='AI#1_GPT'!D$4 -> + | E9: ='AI#1_GPT'!E4 -> 인터페이스가 안정적이면 필터를 독립적으로 교체·배포하기 쉬운 편이다. | F9: ='AI#1_GPT'!F$4 -> - | G9: ='AI#1_GPT'!G4 -> 제어기·센서·액추에이터가 함께 튜닝되어야 하므로 개별 구성요소를 독립 배포하기 어렵다.
A10: AI#2 | B10: ='AI#2_Gemini'!B$4 -> + | C10: ='AI#2_Gemini'!C$4 -> 각 배치 단계가 독립적인 실행 파일(프로그램)로 구성되어 개별 배포가 용이함. | D10: ='AI#2_Gemini'!D$4 -> + | E10: ='AI#2_Gemini'!E$4 -> 각 필터가 독립적인 컴포넌트이며 표준 I/O로 통신하므로 개별 배포 및 교체가 쉬움. | F10: ='AI#2_Gemini'!F$4 -> - | G10: ='AI#2_Gemini'!G$4 -> 하드웨어 센서 및 액추에이터와 강하게 결합되어 있어 소프트웨어 단독 배포나 환경 변경이 까다로움.
A11: Human | B11: =Human!B4 -> + | C11: =Human!C4 -> 구조가 단순한 것이 가장 큰 이점, 배포 시 개발자들에게 porting 등의 O/H가 적을 것으로 예상. | D11: =Human!D$4 -> + | E11: =Human!E$4 -> 필터는 서로 독립적인 개체이므로 개별 구성요소 별로 배포하기 쉬운 편이다. | F11: =Human!F$4 -> - | G11: =Human!G$4 -> 개별 구성요소를 독립 배포하기 어렵다.
A13: Integrability | B13: ='Detailed Reasoning'!B$5 | C13: ='Detailed Reasoning'!C$5 | D13: ='Detailed Reasoning'!D$5 | E13: ='Detailed Reasoning'!E$5 | F13: ='Detailed Reasoning'!F$5 | G13: ='Detailed Reasoning'!G$5
A14: AI#1 | B14: ='AI#1_GPT'!B$5 -> 0 | C14: ='AI#1_GPT'!C5 -> 파일·레코드 같은 단순한 교환 방식은 연결이 쉽지만, 단계들이 동일 데이터 형식에 의존하기 쉽다. | D14: ='AI#1_GPT'!D$5 -> ++ | E14: ='AI#1_GPT'!E5 -> 필터가 표준화된 입력·출력 스트림으로 연결되어 새로운 처리 단계를 조합하기 쉽다. | F14: ='AI#1_GPT'!F$5 -> - | G14: ='AI#1_GPT'!G5 -> 실시간 센서/액추에이터 프로토콜과 제어 주기 제약 때문에 일반 시스템과의 통합 비용이 커질 수 있다.
A15: AI#2 | B15: ='AI#2_Gemini'!B$5 -> + | C15: ='AI#2_Gemini'!C$5 -> 공통 데이터 포맷(주로 파일)만 맞추면 새로운 배치 단계를 시퀀스의 앞뒤에 쉽게 추가할 수 있음. | D15: ='AI#2_Gemini'!D$5 -> ++ | E15: ='AI#2_Gemini'!E$5 -> 파이프라는 표준화된 인터페이스를 사용하므로, 새로운 필터를 기존 파이프라인에 조립하고 연결하기 매우 쉬움. | F15: ='AI#2_Gemini'!F$5 -> - | G15: ='AI#2_Gemini'!G$5 -> 물리적 센서의 종류나 데이터 형태가 다양하고 실시간 제약이 있어 새로운 하드웨어/모듈 통합이 어려움.
A16: Human | B16: =Human!B$5 -> + | C16: =Human!C$5 -> 공통 데이터 포맷(주로 파일)만 맞추면 새로운 배치 단계를 시퀀스의 앞뒤에 쉽게 추가할 수 있음. | D16: =Human!D$5 -> ++ | E16: =Human!E$5 -> 표준화된 connector를 사용해서, 새로운 필터를 연결하기 매우 쉽다. | F16: =Human!F$5 -> - | G16: =Human!G$5 -> componenet에 따라 인터페이스가 달라(특정 환경에 맞춰져 있어서) 통합이 어렵다.
A18: Energy Efficiency | B18: ='Detailed Reasoning'!B$6 | C18: ='Detailed Reasoning'!C$6 | D18: ='Detailed Reasoning'!D$6 | E18: ='Detailed Reasoning'!E$6 | F18: ='Detailed Reasoning'!F$6 | G18: ='Detailed Reasoning'!G$6
A19: AI#1 | B19: ='AI#1_GPT'!B$6 -> ++ | C19: ='AI#1_GPT'!C6 -> 요청을 모아 일괄 처리하므로 초기화·통신 오버헤드를 여러 작업에 분산시킬 수 있다. | D19: ='AI#1_GPT'!D$6 -> 0 | E19: ='AI#1_GPT'!E6 -> 스트리밍은 불필요한 전체 적재를 줄이지만 필터 간 전달·직렬화 오버헤드도 발생한다. | F19: ='AI#1_GPT'!F$6 -> 0 | G19: ='AI#1_GPT'!G6 -> 지속 측정·제어는 자원을 쓰지만 제어 자체가 물리 시스템의 낭비를 줄일 수도 있어 영향이 상쇄된다.
A20: AI#2 | B20: ='AI#2_Gemini'!B$6 -> 0 | C20: ='AI#2_Gemini'!C$6 -> 아키텍처 자체보다는 처리할 데이터의 양과 배치 주기(스케줄링)에 따라 달라지므로 직접적 영향 없음. | D20: ='AI#2_Gemini'!D$6 -> 0 | E20: ='AI#2_Gemini'!E$6 -> 데이터 스트리밍 처리 방식 자체는 에너지 효율과 직접적인 연관성이 적음. | F20: ='AI#2_Gemini'!F$6 -> + | G20: ='AI#2_Gemini'!G$6 -> 목표 상태를 유지하기 위해 필요한 시점에만 액추에이터를 가동하도록 최적화하여 자원 및 에너지를 효율적으로 씀.
A21: Human | B21: =Human!B$6 -> 0 | C21: =Human!C$6 -> 1. 에너지, 혹은 처리량 총량의 차이가 있지, 총량 / Energy 값인 효율적 측면은 영향이 없다 | D21: =Human!D$6 -> 0 | E21: =Human!E$6 -> 데이터 처리 자체는 에너지 효율과 직접적인 연관성이 적다. | F21: =Human!F$6 -> + | G21: =Human!G$6 -> 필요한 시점에만 동작하므로 자원을 효율적으로 쓸 수 있다.
A23: Modifiability | B23: ='Detailed Reasoning'!B$7 | C23: ='Detailed Reasoning'!C$7 | D23: ='Detailed Reasoning'!D$7 | E23: ='Detailed Reasoning'!E$7 | F23: ='Detailed Reasoning'!F$7 | G23: ='Detailed Reasoning'!G$7
A24: AI#1 | B24: ='AI#1_GPT'!B$7 -> 0 | C24: ='AI#1_GPT'!C7 -> 단계 자체는 분리할 수 있으나 중간 데이터 형식이나 순서 변경이 후속 단계에 연쇄 영향을 줄 수 있다. | D24: ='AI#1_GPT'!D$7 -> ++ | E24: ='AI#1_GPT'!E7 -> 처리 기능이 독립 필터로 분리되어 특정 변환을 추가·삭제·교체하기 쉽다. | F24: ='AI#1_GPT'!F$7 -> - | G24: ='AI#1_GPT'!G7 -> 제어 로직 변경 시 안정성·응답 특성을 다시 튜닝하고 전체 루프를 재검증해야 할 가능성이 높다.
A25: AI#2 | B25: ='AI#2_Gemini'!B$7 -> + | C25: ='AI#2_Gemini'!C$7 -> 각 단계가 독립적이므로, 특정 단계의 로직을 수정해도 입출력 포맷만 같으면 다른 단계에 영향을 주지 않음. | D25: ='AI#2_Gemini'!D$7 -> ++ | E25: ='AI#2_Gemini'!E$7 -> 필터 간 결합도가 매우 낮아 특정 필터의 내부 로직 변경, 삭제, 순서 변경이 시스템 전체에 영향을 주지 않음. | F25: ='AI#2_Gemini'!F$7 -> - | G25: ='AI#2_Gemini'!G$7 -> 제어 변수나 알고리즘을 변경할 경우 제어 루프 전체의 타이밍과 물리적 피드백 시스템을 재설계해야 하므로 어려움.
A26: Human | B26: =Human!B$7 -> ++ | C26: =Human!C$7 -> 각 단계가 독립적으로, processing step간 대체가 용이하고 reusing이 가능한 것이 장점 | D26: =Human!D$7 -> ++ | E26: =Human!E$7 -> 필터는 서로 독립적인 개체이므로 개별 구성요소 별로 추가,삭체, 교체하기 쉬운 편이다. | F26: =Human!F$7 -> - | G26: =Human!G$7 -> Component가 변경 되면 시스템 전체에 영향을 주게 된다.
A28: Performance | B28: ='Detailed Reasoning'!B$8 | C28: ='Detailed Reasoning'!C$8 | D28: ='Detailed Reasoning'!D$8 | E28: ='Detailed Reasoning'!E$8 | F28: ='Detailed Reasoning'!F$8 | G28: ='Detailed Reasoning'!G$8
A29: AI#1 | B29: ='AI#1_GPT'!B$8 -> - | C29: ='AI#1_GPT'!C8 -> 단계가 순차적으로 실행되고 중간 결과 I/O가 발생해 병렬·스트리밍 처리보다 지연이 커지기 쉽다. | D29: ='AI#1_GPT'!D$8 -> + | E29: ='AI#1_GPT'!E8 -> 필터들을 파이프라인으로 병렬 실행할 수 있어 처리량을 높일 수 있으나 전달 오버헤드는 존재한다. | F29: ='AI#1_GPT'!F$8 -> ++ | G29: ='AI#1_GPT'!G8 -> 짧은 제어 주기와 즉각적인 피드백을 목표로 하므로 실시간 응답 성능에 매우 유리하다.
A30: AI#2 | B30: ='AI#2_Gemini'!B$8 -> -- | C30: ='AI#2_Gemini'!C$8 -> 한 단계가 완전히 끝나야 다음 단계가 시작(지연 시간 김)되며, 대규모 파일 I/O가 발생하여 병렬 처리가 불가함. | D30: ='AI#2_Gemini'!D$8 -> + | E30: ='AI#2_Gemini'!E$8 -> 여러 필터가 파이프를 통해 데이터를 주고받으며 동시에(병렬로) 실행될 수 있어 전체적인 Throughput(처리량)이 높음. | F30: ='AI#2_Gemini'!F$8 -> 0 | G30: ='AI#2_Gemini'!G$8 -> 실시간 처리에는 적합하나, 대규모 데이터 처리나 연산 성능 관점보다는 '정시성(Deadline)'에 초점이 맞춰져 있음.
A31: Human | B31: =Human!B$8 -> - | C31: =Human!C$8 -> 모든 단계가 sequential하게 되어 있으므로 단계마다 전체 데이터를 기다려야 하므로 latency가 좋지 않음 -> latency측면 영향성이 낮음 | D31: =Human!D$8 -> + | E31: =Human!E$8 -> Filter의 수가 많아질수록 Computational O/H가 증가하나, 병렬성이 존재하므로 장점이 더 큼 | F31: =Human!F$8 -> ++ | G31: =Human!G$8 -> 짧은 제어 주기와 즉각적인 피드백을 목표로 하므로 실시간 응답 성능에 매우 유리하다.
A33: Safety | B33: ='Detailed Reasoning'!B$9 | C33: ='Detailed Reasoning'!C$9 | D33: ='Detailed Reasoning'!D$9 | E33: ='Detailed Reasoning'!E$9 | F33: ='Detailed Reasoning'!F$9 | G33: ='Detailed Reasoning'!G$9
A34: AI#1 | B34: ='AI#1_GPT'!B$9 -> + | C34: ='AI#1_GPT'!C9 -> 처리 순서와 상태 전이가 비교적 결정적이어서 검증·감사 및 오류 지점 추적이 쉽다. | D34: ='AI#1_GPT'!D$9 -> + | E34: ='AI#1_GPT'!E9 -> 변환 책임과 데이터 흐름이 명확해 잘못된 처리 단계의 범위를 제한하고 검증하기 쉽다. | F34: ='AI#1_GPT'!F$9 -> ++ | G34: ='AI#1_GPT'!G9 -> 피드백, 제한값, 인터록을 통해 위험 상태를 감지하고 즉시 보정·차단하도록 설계하기 좋다.
A35: AI#2 | B35: ='AI#2_Gemini'!B$9 -> 0 | C35: 실시간으로 발생하는 물리적/환경적 위험 상태를 즉각적으로 감지하고 피해를 억제하거나 개입할 수 있는 메커니즘이 아키텍처 상에 존재하지 않습니다. | D35: ='AI#2_Gemini'!D$9 -> 0 | E35: 특정 필터에서 오류 데이터를 걸러낼 수는 있습니다. 하지만 시스템 외부 환경의 위험 상태를 인지하고 실시간으로 기계나 환경을 통제(피해 억제 및 복구)하는 제어 루프를 내재하고 있지 않습니다. | F35: ='AI#2_Gemini'!F$9 -> ++ | G35: 센서를 통해 외부 물리/환경 상태를 실시간으로 모니터링하고, 위험 임계치에 도달할 경우 즉시 액추에이터에 피드백 제어를 가하여 안전 상태로 강제 복구 및 피해를 억제하는 데 본질적으로 특화된 아키텍처입니다.
A36: Human | B36: =Human!B$9 -> 0 | C36: =Human!C$9 -> 직렬로 이루어져 있으므로 단일 장애가 전체 안전에 영향이 큰 점도 있으나, 오류 분석이 쉬운 장점도 있음 | D36: =Human!D$9 -> 0 | E36: =Human!E$9 -> 단계별 검증과 오류 격리를 통해 안전성에 간접적으로 기여할 수 있지만, 물리적 위험을 직접 감지·제어하는 아키텍처는 아니므로 Safety에 대한 직접적인 영향은 제한적이다. | F36: =Human!F$9 -> ++ | G36: =Human!G$9 -> 짧은 제어 주기와 즉각적인 피드백을 목표로 하므로 실시간 응답 성능에 매우 유리하다.
A38: Security | B38: ='Detailed Reasoning'!B$10 | C38: ='Detailed Reasoning'!C$10 | D38: ='Detailed Reasoning'!D$10 | E38: ='Detailed Reasoning'!E$10 | F38: ='Detailed Reasoning'!F$10 | G38: ='Detailed Reasoning'!G$10
A39: AI#1 | B39: ='AI#1_GPT'!B$10 -> 0 | C39: ='AI#1_GPT'!C10 -> 구조 자체의 보안 이점은 크지 않으며, 중간 파일을 사용하면 별도의 접근통제가 필요하다. | D39: ='AI#1_GPT'!D$10 -> 0 | E39: ='AI#1_GPT'!E10 -> 필터 경계에 통제를 넣을 수 있지만 연결 지점이 늘어나므로 구조만으로 보안이 향상되지는 않는다. | F39: ='AI#1_GPT'!F$10 -> - | G39: ='AI#1_GPT'!G10 -> 센서와 액추에이터 접점이 공격받으면 실제 제어 결과에 직접 영향을 주므로 공격면이 중요해진다.
A40: AI#2 | B40: ='AI#2_Gemini'!B$10 -> 0 | C40: ='AI#2_Gemini'!C$10 -> 시스템 외부와의 연결보다는 내부 파일 시스템 권한에 의존하므로 아키텍처 차원의 보안 이점은 없음. | D40: ='AI#2_Gemini'!D$10 -> 0 | E40: ='AI#2_Gemini'!E$10 -> 필터 간 통신 암호화 등이 추가로 필요하며, 스타일 자체에서 보안 기능을 내재하고 있지 않음. | F40: ='AI#2_Gemini'!F$10 -> 0 | G40: ='AI#2_Gemini'!G$10 -> 시스템 내부의 제어 루프 자체는 보안을 고려하지 않으며, 외부 네트워크 연결 시 별도의 보안 아키텍처가 필요함.
A41: Human | B41: =Human!B$10 -> - | C41: =Human!C$10 -> 병렬로 동작하는 시스템 대비 중간 파일 등이 공격받기 쉬운 구조이기 때문에 영향성이 큼 | D41: =Human!D$10 -> 0 | E41: =Human!E$10 -> 필터별 보안 검증을 분리해 적용할 수 있다는 장점은 있지만, 다수의 데이터 전달 경로가 추가적인 공격면이 될 수 있음 | F41: =Human!F$10 -> - | G41: =Human!G$10 -> 공격받으면 전체적인 제어에 직접 영향을 준다.
A43: Testability | B43: ='Detailed Reasoning'!B$11 | C43: ='Detailed Reasoning'!C$11 | D43: ='Detailed Reasoning'!D$11 | E43: ='Detailed Reasoning'!E$11 | F43: ='Detailed Reasoning'!F$11 | G43: ='Detailed Reasoning'!G$11
A44: AI#1 | B44: ='AI#1_GPT'!B$11 -> + | C44: ='AI#1_GPT'!C11 -> 각 단계에 고정 입력을 주고 결과를 비교하기 쉬워 재현 가능한 테스트에 유리하다. | D44: ='AI#1_GPT'!D$11 -> ++ | E44: ='AI#1_GPT'!E11 -> 각 필터를 독립 입력·출력으로 단위 테스트하고 전체 파이프라인도 단계별 검증하기 쉽다. | F44: ='AI#1_GPT'!F$11 -> - | G44: ='AI#1_GPT'!G11 -> 실시간 타이밍과 물리 환경을 함께 재현해야 해서 시뮬레이터·HIL 없이 테스트하기 어렵다.
A45: AI#2 | B45: ='AI#2_Gemini'!B$11 -> ++ | C45: ='AI#2_Gemini'!C$11 -> 각 배치 프로그램이 완전히 독립적이며, 테스트용 입력 파일을 주고 출력 파일을 검증하는 방식(블랙박스 테스트)이 매우 직관적임. | D45: ='AI#2_Gemini'!D$11 -> + | E45: ='AI#2_Gemini'!E$11 -> 개별 필터에 더미 데이터를 파이프 스트림으로 주입하여 독립적으로 테스트하기 용이함. | F45: ='AI#2_Gemini'!F$11 -> - | G45: ='AI#2_Gemini'!G$11 -> 물리적 환경(센서, 액추에이터)과 결합되어 있어, 이를 흉내 내는 복잡한 시뮬레이터(HIL 테스트 등)가 반드시 필요함.
A46: Human | B46: =Human!B$11 -> ++ | C46: =Human!C$11 -> 각 컴포넌트의 역할이 매우 잘 정의되어 있으므로 Test하기에도 용이, 통합 test측면에서도 좋음 | D46: =Human!D$11 -> 0 | E46: =Human!E$11 -> 각 필터별 독립 테스트 용이, batch sequence보다는 떨어짐, 0이나 -까지도 | F46: =Human!F$11 -> + | G46: =Human!G$11 -> 물리적인 테스트 환경이 필요하여 테스트하기 어렵다. 변경점 발생에 따른 결과가 바로보이기 때문에 통합 test는 용이함
A48: Usability | B48: ='Detailed Reasoning'!B$12 | C48: ='Detailed Reasoning'!C$12 | D48: ='Detailed Reasoning'!D$12 | E48: ='Detailed Reasoning'!E$12 | F48: ='Detailed Reasoning'!F$12 | G48: ='Detailed Reasoning'!G$12
A49: AI#1 | B49: ='AI#1_GPT'!B$12 -> - | C49: ='AI#1_GPT'!C12 -> 처리가 완료될 때까지 결과 피드백이 늦어 대화형·즉시 반응이 필요한 사용자 경험에는 불리하다. | D49: ='AI#1_GPT'!D$12 -> 0 | E49: ='AI#1_GPT'!E12 -> 주로 내부 데이터 처리 구조이므로 최종 사용자 인터랙션에 미치는 직접 영향은 제한적이다. | F49: ='AI#1_GPT'!F$12 -> + | G49: ='AI#1_GPT'!G12 -> 자동 제어가 정상 범위를 유지해 운영자의 지속적인 수동 개입을 줄일 수 있다.
A50: AI#2 | B50: ='AI#2_Gemini'!B$12 -> 0 | C50: ='AI#2_Gemini'!C$12 -> 백엔드 데이터 처리 방식이므로 사용자 인터페이스(UI)나 사용성에 미치는 직접적인 영향이 없음. | D50: ='AI#2_Gemini'!D$12 -> 0 | E50: ='AI#2_Gemini'!E$12 -> 데이터 스트림 처리 방식이므로 최종 사용자의 조작성(Usability)과는 관련이 없음. | F50: ='AI#2_Gemini'!F$12 -> 0 | G50: ='AI#2_Gemini'!G$12 -> 내부 제어 루프 메커니즘이므로 직접적인 사용자 조작성보다는 시스템 자체의 자율성에 가까움.
A51: Human | B51: =Human!B$12 -> -- | C51: =Human!C$12 -> interactive한 UI 구성이 불가능하고, 병렬적이지 않으므로 Performance가 종합적으로 나빠 UX도 좋지 않다. | D51: =Human!D$12 -> 0 | E51: =Human!E$12 -> 처리 성능이나 응답 속도를 통해 사용자 경험에 간접적인 영향을 줄 수는 있지만, Pipe and Filter 자체는 사용자 인터페이스나 조작 방식을 결정하지 않으므로 Usability에 대한 직접 영향은 중립적이다. | F51: =Human!F$12 -> + | G51: =Human!G$12 -> 자동으로 타겟에 가까워지므로 사용자가 원하는 작업을 쉽게 완수할 수 있다./ 입력에 따른 출력이 바로 보이기 때문에 +

Sheet DC
A1: Data Centered | B1: Shared Repository | D1: Blackboard
B2: Effects | C2: Justification | D2: Effects | E2: Justification
A3: Availability | B3: ='Detailed Reasoning'!B16 | C3: ='Detailed Reasoning'!C16 | D3: ='Detailed Reasoning'!D16 | E3: ='Detailed Reasoning'!E16
A4: AI#1 | B4: ='AI#1_GPT'!B$16 -> -- | C4: ='AI#1_GPT'!C16 -> 공유 저장소가 장애 나면 여러 구성요소가 동시에 영향을 받는 단일 장애점이 되기 쉽다. | D4: ='AI#1_GPT'!D$16 -> - | E4: ='AI#1_GPT'!E16 -> 중앙 블랙보드가 중단되면 지식 소스 간 협업 자체가 멈추기 쉬워 핵심 장애점이 된다.
A5: AI#2 | B5: ='AI#2_Gemini'!B$16 -> - | C5: ='AI#2_Gemini'!C$16 -> 중앙 저장소(DB 등)가 단일 장애점(SPOF)이 되므로, 저장소가 다운되면 시스템 전체가 마비됨. | D5: ='AI#2_Gemini'!D$16 -> - | E5: ='AI#2_Gemini'!E$16 -> 중앙 블랙보드(메모리/저장소)와 제어 컴포넌트가 다운되면 모든 Knowledge Source(KS)가 동작을 멈춤.
A6: Human | B6: =Human!B$16 -> -- | C6: =Human!C$16 -> 공유 저장소 장애 시 의존하는 모든 Client에 영향 | D6: 0 | E6: 중앙 블랙보드와 컨트롤러가 다운되면 모든 KS가 동작을 멈추지만, KS의 다운은 전체 시스템에 영향을 미치지 않는다.
A8: Deployability | B8: ='Detailed Reasoning'!B17 | C8: ='Detailed Reasoning'!C17 | D8: ='Detailed Reasoning'!D17 | E8: ='Detailed Reasoning'!E17
A9: AI#1 | B9: ='AI#1_GPT'!B$17 -> - | C9: ='AI#1_GPT'!C17 -> 여러 구성요소가 공통 스키마와 저장소 버전에 의존해 독립 배포가 제한될 수 있다. | D9: ='AI#1_GPT'!D$17 -> 0 | E9: ='AI#1_GPT'!E17 -> 지식 소스는 추가하기 쉽지만 공통 블랙보드 표현과 제어 규칙에 대한 호환성이 필요하다.
A10: AI#2 | B10: ='AI#2_Gemini'!B$17 -> 0 | C10: ='AI#2_Gemini'!C$17 -> 데이터베이스와 클라이언트를 분리해서 배포할 수 있으나, 스키마 변경 시 동시 배포가 필요할 수 있음. | D10: ='AI#2_Gemini'!D$17 -> 0 | E10: ='AI#2_Gemini'!E$17 -> KS들은 독립적 배포가 가능하나, 중앙 제어기와 데이터 구조가 맞물려 있어 제한적임.
A11: Human | B11: =Human!B$17 -> - | C11: =Human!C$17 -> 스키마 변경 시 관련 Client의 배포 조율 필요 | D11: 0 | E11: KS는 쉽게 변경 가능하나, 중앙 블랙보드와 컨트롤러는 모든 KS와 맞물려있어 제한적이다.
A13: Integrability | B13: ='Detailed Reasoning'!B18 | C13: ='Detailed Reasoning'!C18 | D13: ='Detailed Reasoning'!D18 | E13: ='Detailed Reasoning'!E18
A14: AI#1 | B14: ='AI#1_GPT'!B$18 -> ++ | C14: ='AI#1_GPT'!C18 -> 모든 구성요소가 공통 데이터 저장소와 모델을 사용하므로 데이터 공유와 연계가 매우 쉽다. | D14: ='AI#1_GPT'!D$18 -> + | E14: ='AI#1_GPT'!E18 -> 서로 다른 알고리즘·전문 모듈이 공통 블랙보드에 결과를 기록하는 방식으로 협업할 수 있다.
A15: AI#2 | B15: ='AI#2_Gemini'!B$18 -> + | C15: ='AI#2_Gemini'!C$18 -> 클라이언트 시스템 간에 직접적인 인터페이스를 맞출 필요 없이, 중앙 DB 스키마만 알면 데이터를 공유/통합할 수 있음. | D15: ='AI#2_Gemini'!D$18 -> ++ | E15: ='AI#2_Gemini'!E$18 -> 서로 다른 형태와 알고리즘을 가진 KS들이 중앙 블랙보드의 데이터만 바라보므로 이질적인 시스템을 통합하기 매우 좋음.
A16: Human | B16: =Human!B$18 -> + | C16: =Human!C$18 -> 공통 스키마를 따르는 Client를 저장소에 연결하여 통합 가능 | D16: + | E16: 각각의 KS들이 중앙 블랙보드의 데이터만 바라보므로 중앙 블랙보드 형식만 맞추면 되어 통합하기 쉽다.
A18: Energy Efficiency | B18: ='Detailed Reasoning'!B$19 | C18: ='Detailed Reasoning'!C$19 | D18: ='Detailed Reasoning'!D$19 | E18: ='Detailed Reasoning'!E$19
A19: AI#1 | B19: ='AI#1_GPT'!B$19 -> + | C19: ='AI#1_GPT'!C19 -> 중복 데이터 복제와 여러 저장소 운영을 줄여 자원 사용을 집중시킬 수 있다. | D19: ='AI#1_GPT'!D$19 -> - | E19: ='AI#1_GPT'!E19 -> 여러 지식 소스가 상태를 반복 관찰·추론하고 후보 해를 갱신하므로 계산 자원 소비가 커질 수 있다.
A20: AI#2 | B20: ='AI#2_Gemini'!B$19 -> 0 | C20: ='AI#2_Gemini'!C$19 -> 중앙 집중적 데이터 저장이 에너지 소비에 미치는 영향은 인프라 구성에 따라 다름. | D20: ='AI#2_Gemini'!D$19 -> - | E20: ='AI#2_Gemini'!E$19 -> 제어 컴포넌트가 지속적으로 블랙보드의 상태 변화를 모니터링하고 KS를 평가해야 하므로 연산 오버헤드(에너지 낭비)가 큼.
A21: Human | B21: =Human!B$19 -> - | C21: =Human!C$19 -> 중복 데이터 복제와 여러 저장소 운영을 줄여 자원 사용을 집중-> data쪽과의 동시성을 가지고 볼 경우 -로 볼 수 있음 | D21: - | E21: 컨트롤러가 지속적으로 블랙보드를 모니터링하고 KS를 제어하므로 오버헤드가 크다.
A23: Modifiability | B23: ='Detailed Reasoning'!B$20 | C23: ='Detailed Reasoning'!C$20 | D23: ='Detailed Reasoning'!D$20 | E23: ='Detailed Reasoning'!E$20
A24: AI#1 | B24: ='AI#1_GPT'!B$20 -> - | C24: ='AI#1_GPT'!C20 -> 공유 스키마 변경이 많은 소비자에게 동시에 영향을 주어 변경 파급 범위가 커질 수 있다. | D24: ='AI#1_GPT'!D$20 -> + | E24: ='AI#1_GPT'!E20 -> 새 지식 소스를 추가하거나 기존 추론 모듈을 교체하기 비교적 쉽다.
A25: AI#2 | B25: ='AI#2_Gemini'!B$20 -> + | C25: ='AI#2_Gemini'!C$20 -> 기존 클라이언트를 수정하지 않고도 새로운 클라이언트(기능)를 중앙 저장소에 연결하여 확장하기 쉬움. | D25: ='AI#2_Gemini'!D$20 -> ++ | E25: ='AI#2_Gemini'!E$20 -> 문제 해결 로직(KS)을 새롭게 추가하거나 제거하더라도 다른 KS나 시스템 전체의 구조를 변경할 필요가 없음.
A26: Human | B26: =Human!B$20 -> - | C26: =Human!C$20 -> 클라이언트, KS간 변경의 영향은 최소화 되지만 데이의 스키마 변경등은 모든 클라이언트에게 영향을 주는 점을 고려해보아야 합니다 | D26: + | E26: 각각의 KS들이 중앙 블랙보드의 데이터만 바라보므로 중앙 블랙보드 형식만 맞추면 되어 수정하기 쉽다.
A28: Performance | B28: ='Detailed Reasoning'!B$21 | C28: ='Detailed Reasoning'!C$21 | D28: ='Detailed Reasoning'!D$21 | E28: ='Detailed Reasoning'!E$21
A29: AI#1 | B29: ='AI#1_GPT'!B$21 -> 0 | C29: ='AI#1_GPT'!C21 -> 중앙 최적화·캐시의 이점이 있지만 동시 접근이 몰리면 저장소가 병목이 될 수 있다. | D29: ='AI#1_GPT'!D$21 -> - | E29: ='AI#1_GPT'!E21 -> 공유 상태 접근, 후보 평가, 스케줄링 등 협업 오버헤드 때문에 단순 직접 호출보다 느릴 수 있다.
A30: AI#2 | B30: ='AI#2_Gemini'!B$21 -> - | C30: ='AI#2_Gemini'!C$21 -> 클라이언트 수가 많아지거나 동시 데이터 접근이 발생하면 중앙 저장소에 병목(Bottleneck) 현상이 발생하여 성능이 저하됨. | D30: ='AI#2_Gemini'!D$21 -> -- | E30: ='AI#2_Gemini'!E$21 -> 휴리스틱 기반의 문제 해결 방식으로, 제어 컴포넌트의 빈번한 상태 평가와 동기화 문제로 인해 예측 가능한 성능을 기대하기 힘듦.
A31: Human | B31: =Human!B$21 -> - | C31: =Human!C$21 -> 공유 저장소에 동시 접근이 집중되면 병목 발생 가능 | D31: - | E31: 공유 상태 접근, 스케줄링 등 협업 오버헤드 때문에 단순 직접 호출보다 느리다.
A33: Safety | B33: ='Detailed Reasoning'!B$22 | C33: ='Detailed Reasoning'!C$22 | D33: ='Detailed Reasoning'!D$22 | E33: ='Detailed Reasoning'!E$22
A34: AI#1 | B34: ='AI#1_GPT'!B$22 -> + | C34: ='AI#1_GPT'!C22 -> 단일 기준 데이터(source of truth)를 유지하기 쉬워 불일치 상태를 줄이는 데 유리하다. | D34: ='AI#1_GPT'!D$22 -> 0 | E34: ='AI#1_GPT'!E22 -> 여러 지식 소스의 상호 검증은 도움이 되지만 비결정적 추론·우선순위 충돌은 안전 검증을 어렵게 한다.
A35: AI#2 | B35: ='AI#2_Gemini'!B$22 -> 0 | C35: 트랜잭션 관리를 통해 내부 '데이터'의 손상과 유실을 복구하는 데는 능하지만, 아키텍처 자체가 사람, 재산, 외부 환경에 미치는 물리적 위험을 모니터링하고 제어하여 피해를 억제하는 기능과는 무관합니다. | D35: - | E35: 위험 상태 발생 시 정해진 데드라인 내에 반드시 피해 억제/복구 로직이 실행된다는 '시간적 보장'을 할 수 없으므로, 인명/재산 피해가 발생할 위험성이 높습니다
A36: Human | B36: =Human!B$22 -> - | C36: =Human!C$22 -> 중앙 저장소가 단일 장애 지점은 보안성에서도 문제지만 안정성에서 문제가 됨 | D36: ='AI#1_GPT'!D$22 -> 0 | E36: 여러 지식 소스의 상호 검증은 도움이 되지만, 비결정적 추론/우선순위 충돌은 안전 검증을 어렵게 한다.
A38: Security | B38: ='Detailed Reasoning'!B$23 | C38: ='Detailed Reasoning'!C$23 | D38: ='Detailed Reasoning'!D$23 | E38: ='Detailed Reasoning'!E$23
A39: AI#1 | B39: ='AI#1_GPT'!B$23 -> 0 | C39: ='AI#1_GPT'!C23 -> 접근통제를 중앙화하기 쉽지만 침해 시 영향 범위도 커서 장점과 위험이 함께 존재한다. | D39: ='AI#1_GPT'!D$23 -> - | E39: ='AI#1_GPT'!E23 -> 많은 모듈이 공용 블랙보드를 읽고 쓰므로 권한 통제와 데이터 오염 방지가 복잡해진다.
A40: AI#2 | B40: ='AI#2_Gemini'!B$23 -> ++ | C40: ='AI#2_Gemini'!C$23 -> 데이터가 한 곳에 모여 있으므로, 데이터 접근 권한(Authorization) 및 인증(Authentication) 관리를 중앙에서 강력하게 통제할 수 있음. | D40: ='AI#2_Gemini'!D$23 -> 0 | E40: ='AI#2_Gemini'!E$23 -> 보안 관점보다는 미해결 문제에 대한 협력적 연산에 집중되어 있어 보안 통제가 기본으로 내장되어 있지 않음.
A41: Human | B41: =Human!B$23 -> - | C41: =Human!C$23 -> Data Store, Black Bd의 데이터가 모든 Data client, KS에 공개되어 있으므로, 보안에 취약 | D41: 0 | E41: 많은 KS가 공용 블랙보드 하나에 의존하므로 위험 지점이 하나여서 크다고 할 수도 있고, 작다고 할 수도 있다.
A43: Testability | B43: ='Detailed Reasoning'!B$24 | C43: ='Detailed Reasoning'!C$24 | D43: ='Detailed Reasoning'!D$24 | E43: ='Detailed Reasoning'!E$24
A44: AI#1 | B44: ='AI#1_GPT'!B$24 -> 0 | C44: ='AI#1_GPT'!C24 -> 테스트 데이터 준비는 쉽지만 여러 컴포넌트가 공유 상태를 사용하면 테스트 격리가 어려울 수 있다. | D44: ='AI#1_GPT'!D$24 -> - | E44: ='AI#1_GPT'!E24 -> 여러 지식 소스의 실행 순서와 공유 상태에 따라 결과가 달라질 수 있어 재현 테스트가 어렵다.
A45: AI#2 | B45: ='AI#2_Gemini'!B$24 -> - | C45: ='AI#2_Gemini'!C$24 -> 클라이언트를 테스트하기 위해 항상 실제 또는 모의 중앙 데이터베이스 환경(테스트 데이터 세팅 및 롤백)을 구축해야 하는 번거로움이 있음. | D45: ='AI#2_Gemini'!D$24 -> -- | E45: ='AI#2_Gemini'!E$24 -> 비결정론적(Non-deterministic) 실행 흐름을 가짐. 어떤 KS가 언제 실행될지 예측하기 어려워 재현 가능한 테스트 시나리오를 작성하기 매우 힘듦.
A46: Human | B46: =Human!B$24 -> - | C46: =Human!C$24 -> 공유 상태로 인해 Client 시험 간 간섭 발생 가능 | D46: -- | E46: 여러 지식 소스의 실행 순서와 공유 상태에 따라 결과가 달라질 수 있어 재현 및 테스트가 어렵다.
A48: Usability | B48: ='Detailed Reasoning'!B$25 | C48: ='Detailed Reasoning'!C$25 | D48: ='Detailed Reasoning'!D$25 | E48: ='Detailed Reasoning'!E$25
A49: AI#1 | B49: ='AI#1_GPT'!B$25 -> 0 | C49: ='AI#1_GPT'!C25 -> 데이터 중심 내부 구조이므로 사용자 인터페이스 품질에 직접 주는 영향은 제한적이다. | D49: ='AI#1_GPT'!D$25 -> 0 | E49: ='AI#1_GPT'!E25 -> 문제 해결 방식의 내부 구조라 최종 사용자 경험에 직접적인 영향은 크지 않다.
A50: AI#2 | B50: ='AI#2_Gemini'!B$25 -> 0 | C50: ='AI#2_Gemini'!C$25 -> 데이터 저장 및 관리 아키텍처이므로 사용자 인터페이스(UI) 편의성 측면과는 관련이 없음. | D50: ='AI#2_Gemini'!D$25 -> 0 | E50: ='AI#2_Gemini'!E$25 -> 문제 해결 알고리즘을 위한 내부 구조이므로 일반적인 시스템 사용성에 영향을 주지 않음.
A51: Human | B51: =Human!B$25 -> 0 | C51: =Human!C$25 -> 데이터 공유 구조 자체는 사용자 조작 편의성을 결정하지 않음 | D51: 0 | E51: 내부 구조이므로 최종 사용자에 영향이 없다.

Sheet II
A1: Implicit Invocation | B1: Non-Buffered Event Based | D1: Buffered Message Based
B2: Effects | C2: Justification | D2: Effects | E2: Justification
A3: Availability | B3: ='Detailed Reasoning'!B$29 | C3: ='Detailed Reasoning'!C$29 | D3: ='Detailed Reasoning'!D$29 | E3: ='Detailed Reasoning'!E$29
A4: AI#1 | B4: ='AI#1_GPT'!B$29 -> - | C4: ='AI#1_GPT'!C29 -> 구독자가 잠시 중단된 동안 발생한 이벤트가 보존되지 않으면 정보 손실과 기능 누락이 생길 수 있다. | D4: ='AI#1_GPT'!D$29 -> ++ | E4: ='AI#1_GPT'!E29 -> 메시지를 큐에 보존해 소비자가 일시 중단되어도 복구 후 처리를 계속할 수 있다.
A5: AI#2 | B5: ='AI#2_Gemini'!B$29 -> 0 | C5: ='AI#2_Gemini'!C$29 -> 컴포넌트는 독립적이지만, 이벤트 발송 중 수신측이 다운되어 있거나 블로킹되면 시스템 흐름에 영향을 줄 수 있음. | D5: ='AI#2_Gemini'!D$29 -> ++ | E5: ='AI#2_Gemini'!E$29 -> 메시지 큐(브로커)가 메시지를 버퍼링하므로, 수신자가 다운되거나 일시적인 장애가 발생해도 데이터가 유실되지 않아 가용성이 매우 높음.
A6: Human | B6: - | C6: 수신 측이 다운되어 있을 동안 발생한 이벤트가 손실될 가능성이 있다. | D6: ++ | E6: 수신 측이 다운되어 있더라도 메시지가 버퍼에 보존되기 때문에 이벤트 손실의 가능성이 적다.
A8: Deployability | B8: ='Detailed Reasoning'!B$30 | C8: ='Detailed Reasoning'!C$30 | D8: ='Detailed Reasoning'!D$30 | E8: ='Detailed Reasoning'!E$30
A9: AI#1 | B9: ='AI#1_GPT'!B$30 -> + | C9: ='AI#1_GPT'!C30 -> 발행자와 구독자가 서로의 구현을 직접 알 필요가 없어 컴포넌트를 비교적 독립적으로 배포할 수 있다. | D9: ='AI#1_GPT'!D$30 -> ++ | E9: ='AI#1_GPT'!E30 -> 생산자와 소비자가 시간적으로 분리되어 한쪽을 중단·교체해도 다른 쪽의 배포를 계속할 수 있다.
A10: AI#2 | B10: ='AI#2_Gemini'!B$30 -> + | C10: ='AI#2_Gemini'!C$30 -> 이벤트 발행자(Publisher)와 구독자(Subscriber)가 독립적이므로 개별 마이크로서비스나 모듈 단위 배포가 용이함. | D10: ='AI#2_Gemini'!D$30 -> ++ | E10: ='AI#2_Gemini'!E$30 -> 발행자와 구독자가 물리적으로도 완전히 분리(비동기)되므로 브로커를 매개로 한 독립적 배포가 극대화됨.
A11: Human | B11: + | C11: 이벤트 발행자와 구독자가 상호독립적이므로 개별 배포가 용이하다. | D11: ++ | E11: 이벤트 발행자와 이벤트 구독자가 상호독립적이므로 배포에 서로 영향 받지 않는다.
A13: Integrability | B13: ='Detailed Reasoning'!B$31 | C13: ='Detailed Reasoning'!C$31 | D13: ='Detailed Reasoning'!D$31 | E13: ='Detailed Reasoning'!E$31
A14: AI#1 | B14: ='AI#1_GPT'!B$31 -> ++ | C14: ='AI#1_GPT'!C31 -> 이벤트 계약만 맞으면 새로운 구독자를 기존 발행자 수정 없이 쉽게 연결할 수 있다. | D14: ='AI#1_GPT'!D$31 -> ++ | E14: ='AI#1_GPT'!E31 -> 표준 메시지 계약을 통해 서로 다른 기술·언어의 시스템을 느슨하게 연결하기 좋다.
A15: AI#2 | B15: ='AI#2_Gemini'!B$31 -> + | C15: ='AI#2_Gemini'!C$31 -> 이벤트를 발행하는 컴포넌트를 수정하지 않고도 새로운 리스너(구독자)를 등록하여 기능을 통합하기 쉬움. | D15: ='AI#2_Gemini'!D$31 -> ++ | E15: ='AI#2_Gemini'!E$31 -> 다양한 플랫폼과 언어로 작성된 이질적인 시스템이라도 메시지 브로커의 프로토콜(AMQP, MQTT 등)만 맞추면 완벽히 통합 가능함.
A16: Human | B16: ++ | C16: 이벤트 발행의 수정 없이도 새로운 구독자를 추가적으로 등록하여 기능 통합에 용이하다. | D16: ++ | E16: 서로 다른 시스템일지라도 메시지 브로커의 프로토콜만 맞는다면 통합하기 용이하다.
A18: Energy Efficiency | B18: ='Detailed Reasoning'!B$32 | C18: ='Detailed Reasoning'!C$32 | D18: ='Detailed Reasoning'!D$32 | E18: ='Detailed Reasoning'!E$32
A19: AI#1 | B19: ='AI#1_GPT'!B$32 -> + | C19: ='AI#1_GPT'!C32 -> 메시지 저장·영속화 과정이 없어 버퍼드 방식보다 저장장치와 브로커 자원 오버헤드가 작다. | D19: ='AI#1_GPT'!D$32 -> - | E19: ='AI#1_GPT'!E32 -> 브로커, 메시지 영속화, 복제, 직렬화가 추가되어 직접 호출보다 자원 사용이 늘어난다.
A20: AI#2 | B20: ='AI#2_Gemini'!B$32 -> 0 | C20: ='AI#2_Gemini'!C$32 -> 시스템간 호출 방식 변경이 전체적인 전력 사용 최적화로 직결되지는 않음. | D20: ='AI#2_Gemini'!D$32 -> + | E20: ='AI#2_Gemini'!E$32 -> 비동기 처리 덕분에 컴포넌트들이 항상 활성화되어 대기할 필요 없이, 메시지가 큐에 쌓였을 때만 일괄 처리(Wake-up)하여 유휴 자원/에너지를 아낄 수 있음.
A21: Human | B21: =Human!B$32 -> - | C21: 메시지 저장·영속화에 따른 오버헤드는 적지만 이벤트가 발생할 때마다 즉시 처리되므로 Batch 처리나 자원 활성화 횟수 감소 등의 에너지 절감 효과는 보장되지 않아 전체적으로는 중립적이다. | D21: =Human!D$32 -> + | E21: =Human!E$32 -> 비동기 처리로 component가 항시 대기 필요없고, 메시지 queue도 일괄 처리 가능
A23: Modifiability | B23: ='Detailed Reasoning'!B$33 | C23: ='Detailed Reasoning'!C$33 | D23: ='Detailed Reasoning'!D$33 | E23: ='Detailed Reasoning'!E$33
A24: AI#1 | B24: ='AI#1_GPT'!B$33 -> ++ | C24: ='AI#1_GPT'!C33 -> 새 이벤트 소비자를 추가하거나 기존 소비자를 교체해도 발행자 변경이 거의 필요 없다. | D24: ='AI#1_GPT'!D$33 -> ++ | E24: ='AI#1_GPT'!E33 -> 새 소비자를 추가하거나 처리 로직을 변경해도 생산자와 강하게 결합되지 않는다.
A25: AI#2 | B25: ='AI#2_Gemini'!B$33 -> ++ | C25: ='AI#2_Gemini'!C$33 -> 시스템 구성 요소 간의 결합도가 매우 낮아, 이벤트 처리 로직을 수정하거나 새로운 이벤트 핸들러를 추가하는 작업이 기존 코드에 영향을 주지 않음. | D25: ='AI#2_Gemini'!D$33 -> ++ | E25: ='AI#2_Gemini'!E$33 -> 송신자와 수신자가 서로의 존재조차 알 필요가 없는 극단적인 느슨한 결합(Loose Coupling)으로 유연한 수정 및 시스템 확장이 가능함.
A26: Human | B26: =Human!B$33 -> - | C26: 이벤트를 구독하는 기존 소비자를 교체하거나 새로운 소비자를 추가하더라도 기존 코드에 영향을 주지 않는다. | D26: ++ | E26: publisher와 subscriber가 서로에 영향을 주지 않는 구조이기 때문에 시스템 수정 및 확장이 용이하다.
A28: Performance | B28: ='Detailed Reasoning'!B$34 | C28: ='Detailed Reasoning'!C$34 | D28: ='Detailed Reasoning'!D$34 | E28: ='Detailed Reasoning'!E$34
A29: AI#1 | B29: ='AI#1_GPT'!B$34 -> ++ | C29: ='AI#1_GPT'!C34 -> 영속 큐를 거치지 않고 이벤트를 바로 전달할 수 있어 낮은 지연시간에 유리하다. | D29: ='AI#1_GPT'!D$34 -> + | E29: ='AI#1_GPT'!E34 -> 버스트를 큐로 흡수하고 비동기 병렬 처리가 가능하지만 큐잉·영속화 지연은 추가된다.
A30: AI#2 | B30: ='AI#2_Gemini'!B$34 -> + | C30: ='AI#2_Gemini'!C$34 -> 중간에 브로커를 거치지 않아 이벤트 전달 지연(Latency)이 짧음. 단, 수신자가 많을 경우 발행자의 스레드가 차단될 수 있는 위험은 존재함. | D30: ='AI#2_Gemini'!D$34 -> 0 | E30: ='AI#2_Gemini'!E$34 -> 비동기 처리를 통해 시스템 전체의 Throughput(처리량)은 획기적으로 늘지만, 메시지가 큐를 거쳐가는 오버헤드로 인해 실시간성(Latency)은 다소 떨어짐.
A31: Human | B31: =Human!B$34 -> ++ | C31: =Human!C$34 -> 이벤트를 직접 전달 가능하여 전달 지연이 짧음 | D31: =Human!D$34 -> + | E31: =Human!E$34 -> 버퍼링과 Consumer 병렬화를 통해 부하를 평준화하고 높은 처리량을 확보할 수 있어 전체적인 Performance +
A33: Safety | B33: ='Detailed Reasoning'!B$35 | C33: ='Detailed Reasoning'!C$35 | D33: ='Detailed Reasoning'!D$35 | E33: ='Detailed Reasoning'!E$35
A34: AI#1 | B34: ='AI#1_GPT'!B$35 -> - | C34: ='AI#1_GPT'!C35 -> 이벤트 유실·순서 변화·중복 처리에 대한 보장이 약하면 중요 상태 전이가 누락될 위험이 있다. | D34: ='AI#1_GPT'!D$35 -> + | E34: ='AI#1_GPT'!E35 -> 내구성 있는 메시지와 재시도·재처리를 통해 중요 이벤트 손실을 줄일 수 있다.
A35: AI#2 | B35: - | C35: =Human!C$35 -> 중요 이벤트가 유실시 알수없음 | D35: - | E35: 브로커가 메시지를 버퍼링하므로 복구 이벤트의 유실은 막을 수(최종적 실행 보장) 있습니다. 하지만 큐 대기로 인해 필연적으로 지연(Latency)이 발생하므로, 사람이나 재산에 즉각적인 피해가 발생하기 직전의 '골든 타임' 내에 실시간 억제 개입을 하지 못할 위험이 존재합니다.
A36: Human | B36: =Human!B$35 -> - | C36: 일반 시스템에서는 Safety에 직접적인 영향이 크지 않지만, Safety-critical 이벤트를 전달하는 경우 버퍼 부재로 인한 이벤트 유실이나 처리 순서 문제가 위험 상태로 이어질 수 있다 | D36: =Human!D$35 -> - | E36: =Human!E$35 -> 중요 이벤트의 손실 방지와 재처리를 통해 안전성에 간접적으로 기여할 수 있지만, 시스템의 물리적 위험을 직접 제어하거나 Safety를 보장하는 구조는 아니므로 일반적인 영향은 중립적이다. buffer가 처리하는 지연 발생시, 실시간성에 부정적
A38: Security | B38: ='Detailed Reasoning'!B$36 | C38: ='Detailed Reasoning'!C$36 | D38: ='Detailed Reasoning'!D$36 | E38: ='Detailed Reasoning'!E$36
A39: AI#1 | B39: ='AI#1_GPT'!B$36 -> - | C39: ='AI#1_GPT'!C36 -> 여러 이벤트 발행·구독 지점이 생기므로 인증·권한·이벤트 위변조 통제를 일관되게 적용해야 한다. | D39: ='AI#1_GPT'!D$36 -> 0 | E39: ='AI#1_GPT'!E36 -> 브로커에서 인증·권한을 집중할 수 있지만 메시지 저장소와 브로커 자체가 추가 공격면이 된다.
A40: AI#2 | B40: ='AI#2_Gemini'!B$36 -> - | C40: ='AI#2_Gemini'!C$36 -> 버퍼나 브로커가 없으므로 악의적인 컴포넌트가 이벤트를 엿듣거나 가짜 이벤트를 발생시키는 것을 중앙에서 통제하기 어려움. | D40: ='AI#2_Gemini'!D$36 -> + | E40: ='AI#2_Gemini'!E$36 -> 메시지 브로커 단에서 토픽(Topic) 또는 큐(Queue) 단위의 엄격한 접근 제어 및 인증, 메시지 암호화를 적용하여 보안을 강화할 수 있음.
A41: Human | B41: =Human!B$36 -> + | C41: =Human!C$36 -> Non-Buff의 간한 결합(동기)은 정보의 유출 가능성을 줄여 준다 | D41: =Human!D$36 -> - | E41: =Human!E$36 -> 중앙 Broker를 통해 인증·인가와 보안 정책을 일관되게 적용할 수 있다는 장점이 있지만, Broker 및 저장된 메시지가 추가적인 공격면과 중요한 보안 자산이 되므로 전체적인 영향은 구성에 따라 달라진다. 다양한 listener가 붙을수 있기에 security측면에서 불리하다. 메시지를 중간에 가로채는 사례가 있음
A43: Testability | B43: ='Detailed Reasoning'!B$37 | C43: ='Detailed Reasoning'!C$37 | D43: ='Detailed Reasoning'!D$37 | E43: ='Detailed Reasoning'!E$37
A44: AI#1 | B44: ='AI#1_GPT'!B$37 -> - | C44: ='AI#1_GPT'!C37 -> 비동기 타이밍과 이벤트 순서가 결과에 영향을 줘 재현 가능한 테스트 작성이 어려워질 수 있다. | D44: ='AI#1_GPT'!D$37 -> + | E44: ='AI#1_GPT'!E37 -> 메시지를 기록·재생해 시나리오를 반복할 수 있어 비동기 시스템 중에서는 테스트가 비교적 용이하다.
A45: AI#2 | B45: ='AI#2_Gemini'!B$37 -> - | C45: ='AI#2_Gemini'!C$37 -> 컴포넌트 간 호출이 암시적이고 흐름이 분산되어 있어, 디버깅 및 전체적인 이벤트 실행 추적(Traceability)이 까다로움. | D45: ='AI#2_Gemini'!D$37 -> 0 | E45: ='AI#2_Gemini'!E$37 -> 비동기 통신으로 전체 흐름 추적(Distributed Tracing)은 여전히 어렵지만, 메시지 큐에 테스트용 메시지를 주입(Inject)하여 개별 컴포넌트를 분리 테스트하기는 비교적 수월함.
A46: Human | B46: =Human!B$37 -> + | C46: =Human!C$37 -> 동기 결합으로 test에 좋음 | D46: =Human!D$37 -> - | E46: =Human!E$37 -> 전체 비동기 흐름의 추적은 별도 Tracing이 필요. 통합 test환경 구축에 어려움
A48: Usability | B48: ='Detailed Reasoning'!B$38 | C48: ='Detailed Reasoning'!C$38 | D48: ='Detailed Reasoning'!D$38 | E48: ='Detailed Reasoning'!E$38
A49: AI#1 | B49: ='AI#1_GPT'!B$38 -> + | C49: ='AI#1_GPT'!C38 -> 사용자 입력이나 상태 변화에 즉시 반응하는 UI·알림 구현에 잘 맞는다. | D49: ='AI#1_GPT'!D$38 -> + | E49: ='AI#1_GPT'!E38 -> 긴 처리를 비동기로 넘겨 화면 응답성을 유지하고 완료 알림을 제공하기 좋다.
A50: AI#2 | B50: ='AI#2_Gemini'!B$38 -> 0 | C50: ='AI#2_Gemini'!C$38 -> 백엔드 시스템 및 컴포넌트 간의 통신/호출 방식이므로 사용자 관점의 사용성(UI/UX)에는 직접적인 영향이 없음. | D50: ='AI#2_Gemini'!D$38 -> 0 | E50: ='AI#2_Gemini'!E$38 -> 백엔드 메시징 방식이므로 사용자 인터페이스나 조작성과는 관계가 없음.
A51: Human | B51: =Human!B$38 -> + | C51: =Human!C$38 -> 이벤트, 메시지에 대한 즉각적 반응은 UX 개선에 도움이 된다 | D51: =Human!D$38 -> - | E51: =Human!E$38 -> Non-Buff의 경우 메시지 유실이 발생할 수 있는점 다소 부정적인 측면이다

Sheet IO
A1: Interaction-Oriented | B1: MVC | D1: PAC
B2: Effects | C2: Justification | D2: Effects | E2: Justification
A3: Availability | B3: ='Detailed Reasoning'!B$42 | C3: ='Detailed Reasoning'!C$42 | D3: ='Detailed Reasoning'!D$42 | E3: ='Detailed Reasoning'!E$42
A4: AI#1 | B4: ='AI#1_GPT'!B$42 -> 0 | C4: ='AI#1_GPT'!C42 -> Model·View·Controller 분리는 장애 복구 자체를 제공하지 않아 가용성에 직접적인 영향은 작다. | D4: ='AI#1_GPT'!D$42 -> + | E4: ='AI#1_GPT'!E42 -> 에이전트가 계층적으로 분리되어 일부 에이전트 문제를 국소화할 수 있지만 상위 조정자 장애 영향은 남는다. | M4: MVC
A5: AI#2 | B5: ='AI#2_Gemini'!B$42 -> 0 | C5: ='AI#2_Gemini'!C$42 -> Model, View, Controller 간 결합도가 높아 특정 레이어의 장애가 전체 서비스 중단으로 이어질 수 있음 | D5: ='AI#2_Gemini'!D$42 -> + | E5: ='AI#2_Gemini'!E$42 -> 에이전트(Agent) 단위로 격리(Fault Isolation)되어 있어 특정 에이전트에 장애가 발생해도 타 에이전트가 정상 작동하여 전체 시스템 가용성 유지. | M5: 사용자 사용성고려
A6: Human | B6: =Human!B$42 | C6: =Human!C$42 -> Human - MVC - Availability | D6: =Human!D$42 | E6: =Human!E$42 -> Human - PAC - Availability | M6: view죽어도 시스템 죽지않음
M7: model/controller죽으면 시스템 죽음
A8: Deployability | B8: ='Detailed Reasoning'!B$43 | C8: ='Detailed Reasoning'!C$43 | D8: ='Detailed Reasoning'!D$43 | E8: ='Detailed Reasoning'!E$43
A9: AI#1 | B9: ='AI#1_GPT'!B$43 -> 0 | C9: ='AI#1_GPT'!C43 -> 관심사 분리는 도움이 되지만 일반적으로 하나의 애플리케이션 단위로 함께 배포되는 경우가 많다. | D9: ='AI#1_GPT'!D$43 -> + | E9: ='AI#1_GPT'!E43 -> Presentation·Abstraction·Control을 가진 에이전트 단위로 기능을 비교적 독립적으로 확장할 수 있다.
A10: AI#2 | B10: ='AI#2_Gemini'!B$43 -> - | C10: ='AI#2_Gemini'!C$43 -> 모듈 간 세로형/계층적 결합으로 인해 일부 로직 수정 시 전체 애플리케이션을 재배포해야 하는 경우가 많음. | D10: ='AI#2_Gemini'!D$43 -> + | E10: ='AI#2_Gemini'!E$43 -> 기능 단위의 독립적인 PAC 에이전트로 구성되어 있어 개별 모듈 단위의 핫 스왑(Hot-swap) 및 독립 배포가 쉬움.
A11: Human | B11: =Human!B$43 | C11: =Human!C$43 -> Human - MVC - Deployability | D11: =Human!D$43 | E11: =Human!E$43 -> Human - PAC - Deployability
A13: Integrability | B13: ='Detailed Reasoning'!B$44 | C13: ='Detailed Reasoning'!C$44 | D13: ='Detailed Reasoning'!D$44 | E13: ='Detailed Reasoning'!E$44
A14: AI#1 | B14: ='AI#1_GPT'!B$44 -> + | C14: ='AI#1_GPT'!C44 -> Controller와 Model의 책임이 명확해 외부 입력·서비스 연계를 특정 지점에 모으기 쉽다. | D14: ='AI#1_GPT'!D$44 -> + | E14: ='AI#1_GPT'!E44 -> 에이전트 간 Control을 통한 명확한 상호작용으로 복잡한 UI 구성요소를 결합하기 좋다.
A15: AI#2 | B15: ='AI#2_Gemini'!B$44 -> + | C15: ='AI#2_Gemini'!C$44 -> 중앙 집중식 Model과 명확히 구분된 단일 Controller 구조 덕분에 외부 API/DB 연동 인터페이스 적용이 단순함. | D15: ='AI#2_Gemini'!D$44 -> -- | E15: ='AI#2_Gemini'!E$44 -> 에이전트 간 계층적 통신 프로토콜 및 컨트롤러 메시지 라우팅이 복잡하여 외부 서비스 및 데이터베이스와의 통합 난이도가 매우 높음.
A16: Human | B16: =Human!B$44 | C16: =Human!C$44 -> Human - MVC - Integrability | D16: =Human!D$44 | E16: =Human!E$44 -> Human - PAC - Integrability
A18: Energy Efficiency | B18: ='Detailed Reasoning'!B$45 | C18: ='Detailed Reasoning'!C$45 | D18: ='Detailed Reasoning'!D$45 | E18: ='Detailed Reasoning'!E$45
A19: AI#1 | B19: ='AI#1_GPT'!B$45 -> 0 | C19: ='AI#1_GPT'!C45 -> 추가 계층의 호출 비용은 작고 에너지 효율을 좌우할 정도의 구조적 효과는 보통 크지 않다. | D19: ='AI#1_GPT'!D$45 -> - | E19: ='AI#1_GPT'!E45 -> 다수 에이전트와 Control 간 조정 메시지가 늘어 단순 UI 구조보다 런타임 오버헤드가 크다.
A20: AI#2 | B20: ='AI#2_Gemini'!B$45 -> + | C20: ='AI#2_Gemini'!C$45 -> 단일 흐름 형태의 가벼운 내부 메서드 호출로 CPU/메모리 오버헤드가 적음. | D20: ='AI#2_Gemini'!D$45 -> - | E20: ='AI#2_Gemini'!E$45 -> 트리 구조를 따르는 에이전트 간 상하 메시지 전달 및 이벤트 처리 비용으로 인해 리소스 및 에너지 소모가 큼.
A21: Human | B21: =Human!B$45 | C21: =Human!C$45 -> Human - MVC - Energy Efficiency | D21: =Human!D$45 | E21: =Human!E$45 -> Human - PAC - Energy Efficiency
A23: Modifiability | B23: ='Detailed Reasoning'!B$46 | C23: ='Detailed Reasoning'!C$46 | D23: ='Detailed Reasoning'!D$46 | E23: ='Detailed Reasoning'!E$46
A24: AI#1 | B24: ='AI#1_GPT'!B$46 -> ++ | C24: ='AI#1_GPT'!C46 -> 화면, 입력 처리, 도메인 상태를 분리해 한 영역의 변경이 다른 영역에 미치는 영향을 줄인다. | D24: ='AI#1_GPT'!D$46 -> ++ | E24: ='AI#1_GPT'!E46 -> 기능별 에이전트 내부에 표현·상태·제어를 캡슐화해 국소 변경에 유리하다.
A25: AI#2 | B25: ='AI#2_Gemini'!B$46 -> + | C25: ='AI#2_Gemini'!C$46 -> UI(View) 변경이나 데이터 구조(Model) 변경은 쉽지만, 새로운 대화형 기능 추가 시 컨트롤러가 거대해져 파급 효과가 큼 | D25: ='AI#2_Gemini'!D$46 -> ++ | E25: ='AI#2_Gemini'!E$46 -> 에이전트 단위로 완전히 독립되어 있어 기존 코드에 영향을 주지 않고 새로운 에이전트를 추가/수정하기가 훨씬 용이함.
A26: Human | B26: =Human!B$46 | C26: =Human!C$46 -> Human - MVC - Modifiability | D26: =Human!D$46 | E26: =Human!E$46 -> Human - PAC - Modifiability
A28: Performance | B28: ='Detailed Reasoning'!B$47 | C28: ='Detailed Reasoning'!C$47 | D28: ='Detailed Reasoning'!D$47 | E28: ='Detailed Reasoning'!E$47
A29: AI#1 | B29: ='AI#1_GPT'!B$47 -> 0 | C29: ='AI#1_GPT'!C47 -> 약간의 간접 호출은 생기지만 일반적인 애플리케이션에서 성능 영향은 제한적이다. | D29: ='AI#1_GPT'!D$47 -> - | E29: ='AI#1_GPT'!E47 -> 계층적인 에이전트 협력과 Control 간 통신으로 직접 연결보다 응답 경로가 길어진다.
A30: AI#2 | B30: ='AI#2_Gemini'!B$47 -> + | C30: =#REF! -> #REF! | D30: ='AI#2_Gemini'!D$47 -> - | E30: ='AI#2_Gemini'!E$47 -> 계층적 트리 구조에서 최상위-중간-하위 컨트롤러를 거치는 메시지 라우팅 오버헤드 때문에 응답 지연이 발생할 수 있음
A31: Human | B31: =Human!B$47 | C31: =Human!C$47 -> Human - MVC - Performance | D31: =Human!D$47 | E31: =Human!E$47 -> Human - PAC - Performance
A33: Safety | B33: ='Detailed Reasoning'!B$48 | C33: ='Detailed Reasoning'!C$48 | D33: ='Detailed Reasoning'!D$48 | E33: ='Detailed Reasoning'!E$48
A34: AI#1 | B34: ='AI#1_GPT'!B$48 -> + | C34: ='AI#1_GPT'!C48 -> 입력 검증·상태 변경 책임을 분리해 잘못된 UI 입력이 직접 도메인 상태를 훼손하는 것을 줄이기 쉽다. | D34: ='AI#1_GPT'!D$48 -> + | E34: ='AI#1_GPT'!E48 -> 기능별 상태와 제어가 캡슐화되어 한 UI 기능의 오류가 다른 기능으로 퍼지는 것을 제한하기 쉽다.
A35: AI#2 | B35: ='AI#2_Gemini'!B$48 -> 0 | C35: ='AI#2_Gemini'!C$47 -> 직접적인 메서드 호출 및 단순한 레이어 통과 구조로 처리 속도와 응답성이 뛰어남. | D35: ='AI#2_Gemini'!D$48 -> + | E35: ='AI#2_Gemini'!E$48 -> 에이전트 캡슐화를 통해 결함의 영향 범위를 한정 짓고 안전하게 예외 처리를 수행할 수 있음.
A36: Human | B36: =Human!B$48 | C36: =Human!C$48 -> Human - MVC - Safety | D36: =Human!D$48 | E36: =Human!E$48 -> Human - PAC - Safety
A38: Security | B38: ='Detailed Reasoning'!B$49 | C38: ='Detailed Reasoning'!C$49 | D38: ='Detailed Reasoning'!D$49 | E38: ='Detailed Reasoning'!E$49
A39: AI#1 | B39: ='AI#1_GPT'!B$49 -> + | C39: ='AI#1_GPT'!C49 -> Controller 같은 명확한 진입점에 인증·입력 검증·권한 검사를 집중하기 좋다. | D39: ='AI#1_GPT'!D$49 -> 0 | E39: ='AI#1_GPT'!E49 -> 에이전트 경계에 권한을 둘 수 있지만 구성요소와 통신 경로가 많아져 보안 복잡성도 증가한다.
A40: AI#2 | B40: ='AI#2_Gemini'!B$49 -> + | C40: ='AI#2_Gemini'!C$49 -> 데이터 접근(Model) 및 요청 제어(Controller) 경로가 일원화되어 있어 보안 정책(인증/인가/검증) 적용이 용이함. | D40: ='AI#2_Gemini'!D$49 -> - | E40: ='AI#2_Gemini'!E$49 -> 수많은 에이전트 간 독립적인 통신 채널이 생성되므로 데이터 유출 위험이 커지고 공격 접점(Attack Surface)이 확대됨.
A41: Human | B41: =Human!B$49 | C41: =Human!C$49 -> Human - MVC - Security | D41: =Human!D$49 | E41: =Human!E$49 -> Human - PAC - Security
A43: Testability | B43: ='Detailed Reasoning'!B$50 | C43: ='Detailed Reasoning'!C$50 | D43: ='Detailed Reasoning'!D$50 | E43: ='Detailed Reasoning'!E$50
A44: AI#1 | B44: ='AI#1_GPT'!B$50 -> ++ | C44: ='AI#1_GPT'!C50 -> Model과 Controller를 View와 분리해 단위 테스트와 Mock 기반 테스트가 쉽다. | D44: ='AI#1_GPT'!D$50 -> + | E44: ='AI#1_GPT'!E50 -> 에이전트 단위 테스트는 쉽지만 상·하위 Control의 상호작용 테스트는 추가로 필요하다.
A45: AI#2 | B45: ='AI#2_Gemini'!B$50 -> + | C45: ='AI#2_Gemini'!C$50 -> UI 없이 Model과 Controller를 독립적으로 단위 테스트(Unit Test)하기 매우 용이함. | D45: ='AI#2_Gemini'!D$50 -> - | E45: ='AI#2_Gemini'!E$50 -> 에이전트 간 비동기 메시지 교환 및 트리 구조의 상호작용 흐름을 추적하고 모킹(Mocking)하여 테스트하기 어려움.
A46: Human | B46: =Human!B$50 | C46: =Human!C$50 -> Human - MVC - Testability | D46: =Human!D$50 | E46: =Human!E$50 -> Human - PAC - Testability
A48: Usability | B48: ='Detailed Reasoning'!B$51 | C48: ='Detailed Reasoning'!C$51 | D48: ='Detailed Reasoning'!D$51 | E48: ='Detailed Reasoning'!E$51
A49: AI#1 | B49: ='AI#1_GPT'!B$51 -> ++ | C49: ='AI#1_GPT'!C51 -> View를 도메인 로직과 독립적으로 변경할 수 있어 UI 개선과 다양한 표현 방식 지원에 매우 유리하다. | D49: ='AI#1_GPT'!D$51 -> ++ | E49: ='AI#1_GPT'!E51 -> 복잡하고 여러 대화 흐름을 가진 인터랙티브 시스템을 기능별로 구조화하는 데 매우 유리하다.
A50: AI#2 | B50: ='AI#2_Gemini'!B$51 -> + | C50: ='AI#2_Gemini'!C$51 -> 단일 화면/표준적인 웹 UI를 처리하기에는 적합하나 multi-window 대화형 UI 지원에는 한계가 있음 | D50: ='AI#2_Gemini'!D$51 -> ++ | E50: ='AI#2_Gemini'!E$51 -> 각 에이전트가 자체 Presentation과 Controller를 가져 화면 단위별 독립적 상태 관리가 가능하며 복잡한 대화형 UI/UX 구현에 최적화됨.
A51: Human | B51: =Human!B$51 | C51: =Human!C$51 -> Human - MVC - Usability | D51: =Human!D$51 | E51: =Human!E$51 -> Human - PAC - Usability

Sheet H1
A1: Hierarchical | B1: Main-subroutine | D1: Master-Slave
B2: Effects | C2: Justification | D2: Effects | E2: Justification
A3: Availability | B3: ='Detailed Reasoning'!B$55 | C3: ='Detailed Reasoning'!C$55 | D3: ='Detailed Reasoning'!D$55 | E3: ='Detailed Reasoning'!E$55
A4: AI#1 | B4: ='AI#1_GPT'!B$55 -> - | C4: ='AI#1_GPT'!C55 -> 중앙 main과 직접 호출 체인에 의존하므로 핵심 함수 장애가 전체 프로그램 중단으로 이어지기 쉽다. | D4: ='AI#1_GPT'!D$55 -> + | E4: ='AI#1_GPT'!E55 -> 일부 worker(slave)가 실패해도 다른 worker로 작업을 재분배할 수 있지만 master 장애점은 남는다.
A5: AI#2 | B5: ='AI#2_Gemini'!B$55 -> -- | C5: ='AI#2_Gemini'!C$55 -> 단일 프로세스/스레드로 동작하므로 서브루틴 하나에서 에러 발생 시 전체 시스템이 중단됨 | D5: ='AI#2_Gemini'!D$55 -> + | E5: ='AI#2_Gemini'!E$55 -> 특정 Slave에 장애가 발생해도 타 Slave가 대신 처리하거나 Master가 해당 Slave만 재시작할 수 있어 가용성이 높음. (단, Master 단일 장애점(SPOF) 관리는 필요)
A6: Human | B6: =Human!B$55 -> - | C6: =Human!C$55 -> 중앙 main과 Subroutine간의 강한 coupling으로 인해 main의 장애가 전체 프로그램의 중단으로 이어질 수 있다. | D6: =Human!D$55 -> + | E6: =Human!E$55 -> 일부 Slave에 장애가 발생해도 다른 Slave가 대신 처리하거나 Master가 해당 Slave만 재시작할 수 있어 가용성이 높음
A8: Deployability | B8: ='Detailed Reasoning'!B$56 | C8: ='Detailed Reasoning'!C$56 | D8: ='Detailed Reasoning'!D$56 | E8: ='Detailed Reasoning'!E$56
A9: AI#1 | B9: ='AI#1_GPT'!B$56 -> -- | C9: ='AI#1_GPT'!C56 -> 보통 하나의 실행 단위로 강하게 결합되어 작은 변경도 전체 프로그램 재배포가 필요한 경우가 많다. | D9: ='AI#1_GPT'!D$56 -> + | E9: ='AI#1_GPT'!E56 -> worker를 개별 추가·교체·확장할 수 있어 계산 노드의 점진적 배포가 가능하다.
A10: AI#2 | B10: ='AI#2_Gemini'!B$56 -> - | C10: ='AI#2_Gemini'!C$56 -> 전체 코드가 단일 바이너리/프로세스로 강하게 결합되어 일부 수정 시 전체 재배포가 필요함. | D10: ='AI#2_Gemini'!D$56 -> + | E10: ='AI#2_Gemini'!E$56 -> 노드/프로세스를 독립적으로 배포하거나 동적으로 노드를 추가/제거(Scale-out)할 수 있음.
A11: Human | B11: =Human!B$56 -> - | C11: =Human!C$56 -> Procedure끼리의 tight coupling으로 인하여 작은 변경도 재배포가 필요한 경우가 생긴다. | D11: =Human!D$56 -> + | E11: =Human!E$56 -> 노드/프로세스를 독립적으로 배포하거나 동적으로 노드를 추가/제거할 수 있다
A13: Integrability | B13: ='Detailed Reasoning'!B$57 | C13: ='Detailed Reasoning'!C$57 | D13: ='Detailed Reasoning'!D$57 | E13: ='Detailed Reasoning'!E$57
A14: AI#1 | B14: ='AI#1_GPT'!B$57 -> - | C14: ='AI#1_GPT'!C57 -> 직접 함수 호출과 공유 자료구조에 의존하기 쉬워 외부 시스템을 느슨하게 연결하기 어렵다. | D14: ='AI#1_GPT'!D$57 -> 0 | E14: ='AI#1_GPT'!E57 -> master-worker 프로토콜은 명확하지만 일반 외부 시스템 통합을 특별히 쉽게 하지는 않는다.
A15: AI#2 | B15: ='AI#2_Gemini'!B$57 -> + | C15: ='AI#2_Gemini'!C$57 -> 함수 호출 규격(API)이 명확하여 라이브러리 형태의 모듈 통합이 매우 쉬움. | D15: ='AI#2_Gemini'!D$57 -> - | E15: ='AI#2_Gemini'!E$57 -> Master와 Slave 간 메시지 프로토콜, 데이터 분할/합성 로직 정의가 필요하여 외부 통합 난이도가 존재함.
A16: Human | B16: =Human!B$57 -> - | C16: =Human!C$57 -> 강한 결합 기반으로 외부 시스템을 통합 할 때의 flexibility가 떨어진다. | D16: =Human!D$57 -> - | E16: =Human!E$57 -> Slave가 Master의 작업·결과 규약에 맞아야 함
A18: Energy Efficiency | B18: ='Detailed Reasoning'!B$58 | C18: ='Detailed Reasoning'!C$58 | D18: ='Detailed Reasoning'!D$58 | E18: ='Detailed Reasoning'!E$58
A19: AI#1 | B19: ='AI#1_GPT'!B$58 -> ++ | C19: ='AI#1_GPT'!C58 -> 직접 호출 중심이라 메시징·직렬화·네트워크 같은 추가 런타임 오버헤드가 매우 작다. | D19: ='AI#1_GPT'!D$58 -> - | E19: ='AI#1_GPT'!E58 -> 여러 worker를 유지하고 작업 분배·동기화해야 하므로 유휴 자원과 통신 비용이 생길 수 있다.
A20: AI#2 | B20: ='AI#2_Gemini'!B$58 -> + | C20: ='AI#2_Gemini'!C$58 -> 프로세스 간 통신(IPC)이나 오버헤드 없이 메모리 스택 직접 접근만 수행하므로 CPU/메모리 자원 효율이 최상임. | D20: ='AI#2_Gemini'!D$58 -> - | E20: ='AI#2_Gemini'!E$58 -> 네트워크 통신, 데이터 분할 및 집계, 프로세스 동기화 오버헤드로 인해 소비 자원량이 큼.
A21: Human | B21: =Human!B$58 -> ++ | C21: =Human!C$58 -> 직접 호출되는 방식으로 procedure간 메시지 전송 등 추가 런타임 오버헤드가 매우 작다. | D21: =Human!D$58 -> - | E21: =Human!E$58 -> 작업 분배·결과 수집의 통신과 조정에 추가 에너지 소비
A23: Modifiability | B23: ='Detailed Reasoning'!B$59 | C23: ='Detailed Reasoning'!C$59 | D23: ='Detailed Reasoning'!D$59 | E23: ='Detailed Reasoning'!E$59
A24: AI#1 | B24: ='AI#1_GPT'!B$59 -> - | C24: ='AI#1_GPT'!C59 -> 상위 호출 구조와 하위 함수 간 의존성이 커지면 변경이 호출 계층 전체로 전파되기 쉽다. | D24: ='AI#1_GPT'!D$59 -> + | E24: ='AI#1_GPT'!E59 -> 동일 계약을 지키면 worker 구현이나 개수를 바꾸기 쉬운 편이다.
A25: AI#2 | B25: ='AI#2_Gemini'!B$59 -> 0 | C25: ='AI#2_Gemini'!C$59 -> 모듈화는 잘 되어 있으나, 하위 서브루틴의 파라미터 변경이 상위호출부에 연쇄 영향(Ripple Effect)을 줌. | D25: ='AI#2_Gemini'!D$59 -> + | E25: ='AI#2_Gemini'!E$59 -> 처리 로직이나 알고리즘을 독립적으로 개편하기 용이하며, 병렬 처리 노드 확장이 자유로움.
A26: Human | B26: =Human!B$59 -> - | C26: =Human!C$59 -> 강한 결합으로 특정 procedure의 변경에 대한 연쇄 변경 side effect가 일어날 수 있다. | D26: =Human!D$59 -> + | E26: =Human!E$59 -> 작업·결과 계약 유지 시 Slave 내부 처리 방식 변경 용이
A28: Performance | B28: ='Detailed Reasoning'!B$60 | C28: ='Detailed Reasoning'!C$60 | D28: ='Detailed Reasoning'!D$60 | E28: ='Detailed Reasoning'!E$60
A29: AI#1 | B29: ='AI#1_GPT'!B$60 -> ++ | C29: ='AI#1_GPT'!C60 -> 프로세스 내부 직접 함수 호출로 실행 경로가 짧고 통신 오버헤드가 거의 없다. | D29: ='AI#1_GPT'!D$60 -> ++ | E29: ='AI#1_GPT'!E60 -> 독립 작업을 여러 worker에 병렬 분산하여 처리량과 계산 성능을 크게 높일 수 있다.
A30: AI#2 | B30: ='AI#2_Gemini'!B$60 -> - | C30: ='AI#2_Gemini'!C$60 -> 단일 스레드/순차적 실행 구조이므로 대용량 데이터 처리나 멀티코어 활용에 한계가 있음. | D30: ='AI#2_Gemini'!D$60 -> ++ | E30: ='AI#2_Gemini'!E$60 -> 데이터를 병렬(Parallelism)로 동시에 처리하여 전체적인 작업 처리량(Throughput) 및 execution 시간을 획기적으로 단축함.
A31: Human | C31: =Human!C$60 -> 여러 서브루틴이 동일한 전역 데이터에 접근할 경우 데이터 동기화 및 경쟁 조건 처리 과정에서 처리 속도가 저하될 수 있습니다. | D31: ++ | E31: Slave 여러개에서 연산 후, 결과를 통합하기 때문에 연산의 정확도가 높음
A33: Safety | B33: ='Detailed Reasoning'!B$61 | C33: ='Detailed Reasoning'!C$61 | D33: ='Detailed Reasoning'!D$61 | E33: ='Detailed Reasoning'!E$61
A34: AI#1 | B34: ='AI#1_GPT'!B$61 -> + | C34: ='AI#1_GPT'!C61 -> 제어 흐름이 명시적이고 비교적 결정적이어서 실행 경로 분석과 검증이 쉽다. | D34: ='AI#1_GPT'!D$61 -> + | E34: ='AI#1_GPT'!E61 -> master가 작업 할당과 결과 취합·검증을 중앙에서 통제해 잘못된 worker 결과를 감지하기 쉽다.
A35: AI#2 | B35: ='AI#2_Gemini'!B$61 -> + | C35: ='AI#2_Gemini'!C$61 -> 제어 흐름이 명시적이여서 실행 경로 분석과 검증이 쉽다. | D35: ='AI#2_Gemini'!D$61 -> + | E35: ='AI#2_Gemini'!E$61 -> Slave들이 서로 격리된 프로세스/노드 환경에서 실행되므로 결함의 확산이 차단됨.
A36: Human | B36: =Human!B$61 -> + | C36: =Human!C$61 -> 제어 흐름이 명시적이여서 실행 경로 분석과 검증이 쉽다. | D36: - | E36: Master가 종료될 시, 서비스 전체가 동작하지 않음
A38: Security | B38: ='Detailed Reasoning'!B$62 | C38: ='Detailed Reasoning'!C$62 | D38: ='Detailed Reasoning'!D$62 | E38: ='Detailed Reasoning'!E$62
A39: AI#1 | B39: ='AI#1_GPT'!B$62 -> 0 | C39: ='AI#1_GPT'!C62 -> 외부 경계가 적다는 장점은 있지만 내부 함수 간 권한 분리는 약해 구조 자체 효과는 중립적이다. | D39: ='AI#1_GPT'!D$62 -> - | E39: ='AI#1_GPT'!E62 -> 분산 worker와 master 사이의 통신·노드 인증이 추가되어 공격면과 키 관리 복잡성이 증가한다.
A40: AI#2 | B40: ='AI#2_Gemini'!B$62 -> + | C40: ='AI#2_Gemini'!C$62 -> 메모리 공간이 단순하고 통신 채널 노출이 없어 공격 접점이 적음. | D40: ='AI#2_Gemini'!D$62 -> - | E40: ='AI#2_Gemini'!E$62 -> Master와 Slave 간 네트워크 메시지 교환 시 데이터 탈취/위변조 위험 및 접근 제어 복잡성이 증가함.
A41: Human | B41: =Human!B$62 -> + | C41: =Human!C$62 -> 컴포넌트간 직접 호출로 공격 접점이 적음. | D41: - | E41: Master, Slave간 통신 시 위험 존재
A43: Testability | B43: ='Detailed Reasoning'!B$63 | C43: ='Detailed Reasoning'!C$63 | D43: ='Detailed Reasoning'!D$63 | E43: ='Detailed Reasoning'!E$63
A44: AI#1 | B44: ='AI#1_GPT'!B$63 -> + | C44: ='AI#1_GPT'!C63 -> 잘 분리된 서브루틴은 독립 테스트가 쉽지만 전역 상태가 많아지면 장점이 줄어든다. | D44: ='AI#1_GPT'!D$63 -> + | E44: ='AI#1_GPT'!E63 -> worker 로직은 독립 테스트하기 쉽지만 분산 스케줄링·장애 시나리오 검증은 추가로 필요하다.
A45: AI#2 | B45: ='AI#2_Gemini'!B$63 -> ++ | C45: ='AI#2_Gemini'!C$63 -> 입출력이 명확한 동기식 호출 구조이므로 단위 테스트(Unit Test) 및 스텁(Stub) 작성이 매우 용이함. | D45: ='AI#2_Gemini'!D$63 -> - | E45: ='AI#2_Gemini'!E$63 -> 비동기/병렬 실행, 타이밍 이슈(Race Condition), 분산 환경에서의 상태 추적이 어려워 테스트 난이도가 높음.
A46: Human | B46: =Human!B$63 -> ++ | C46: =Human!C$63 -> 입출력이 명확하여 단위 테스트가 용이하다. | D46: =Human!D$63 -> - | E46: =Human!E$63 -> 여러 Slave가 병렬로 실행되므로 타이밍 문제, 레이스 조건(Race Condition), 데드락(Deadlock) 등 실행 시점마다 달라지는 비동기적 결함을 테스트하고 재현하기 어려움
A48: Usability | B48: ='Detailed Reasoning'!B$64 | C48: ='Detailed Reasoning'!C$64 | D48: ='Detailed Reasoning'!D$64 | E48: ='Detailed Reasoning'!E$64
A49: AI#1 | B49: ='AI#1_GPT'!B$64 -> 0 | C49: ='AI#1_GPT'!C64 -> 프로그램 내부 제어 구조이므로 사용자 인터페이스 품질에 직접적인 영향은 거의 없다. | D49: ='AI#1_GPT'!D$64 -> 0 | E49: ='AI#1_GPT'!E64 -> 주로 계산 분산 구조이므로 사용자 경험에 직접적인 영향은 제한적이다.
A50: AI#2 | B50: ='AI#2_Gemini'!B$64 -> 0 | C50: ='AI#2_Gemini'!C$64 -> 백엔드/알고리즘 처리 및 제어 구조 패턴이므로 최종 사용자의 UI/UX 사용성에는 직접적인 영향을 미치지 않음. | D50: ='AI#2_Gemini'!D$64 -> 0 | E50: ='AI#2_Gemini'!E$64 -> 백엔드/알고리즘 처리 및 제어 구조 패턴이므로 최종 사용자의 UI/UX 사용성에는 직접적인 영향을 미치지 않음.
A51: Human | B51: =Human!B$64 -> 0 | C51: =Human!C$64 -> 프로그램 내부 제어 구조이므로 직접적인 영향은 거의 없다. | D51: 0 | E51: 내부 구조이므로 최종 사용자에 영향이 없다.

Sheet H2
A1: Hierarchical | B1: Layered | D1: Virtual Machine | F1: Microkernel
B2: Effects | C2: Justification | D2: Effects | E2: Justification | F2: Effects | G2: Justification
A3: Availability | B3: ='Detailed Reasoning'!B$68 | C3: ='Detailed Reasoning'!C$68 | D3: ='Detailed Reasoning'!D$68 | E3: ='Detailed Reasoning'!E$68 | F3: ='Detailed Reasoning'!F$68 | G3: ='Detailed Reasoning'!G$68
A4: AI#1 | B4: ='AI#1_GPT'!B$68 -> 0 | C4: ='AI#1_GPT'!C68 -> 계층 분리는 장애 위치를 구분하는 데 도움을 주지만 하위 계층 장애가 상위 계층에 전파될 수 있다. | D4: ='AI#1_GPT'!D$68 -> + | E4: ='AI#1_GPT'!E68 -> 게스트별 격리와 스냅샷·재시작은 복구에 유리하지만 호스트/하이퍼바이저 장애 영향은 남는다. | F4: ='AI#1_GPT'!F$68 -> ++ | G4: ='AI#1_GPT'!G68 -> 핵심 기능만 커널에 두고 나머지 서비스를 분리해 개별 서비스 장애를 재시작·격리하기 쉽다.
A5: AI#2 | B5: ='AI#2_Gemini'!B$68 -> 0 | C5: ='AI#2_Gemini'!C$68 -> 상위 계층이 하위 계층에 의존하므로 특정 계층 장애 시 전체 서비스 영향 가능. | D5: ='AI#2_Gemini'!D$68 -> + | E5: ='AI#2_Gemini'!E$68 -> 재해 상황 및 동작 모델 시뮬레이션을 지원하여 장애 대비 능력 향상. | F5: ='AI#2_Gemini'!F$68 -> ++ | G5: ='AI#2_Gemini'!G$68 -> 분산 구조에서 동일 Server를 여러 Machine에 실행하여 고가용성(HA) 확보 가능.
A6: Human | B6: =Human!B$68 -> - | C6: =Human!C$68 -> 특정 계층 장애가 전체 서비스에 부정적인 영향을 미칠 수 있다. | D6: =Human!D$68 | E6: =Human!E$68 -> Human - Virtual Machine - Availability | F6: =Human!F$68 | G6: =Human!G$68 -> Human - Microkernel - Availability
A8: Deployability | B8: ='Detailed Reasoning'!B$69 | C8: ='Detailed Reasoning'!C$69 | D8: ='Detailed Reasoning'!D$69 | E8: ='Detailed Reasoning'!E$69 | F8: ='Detailed Reasoning'!F$69 | G8: ='Detailed Reasoning'!G$69
A9: AI#1 | B9: ='AI#1_GPT'!B$69 -> + | C9: ='AI#1_GPT'!C69 -> 계층 경계와 인터페이스가 안정적이면 특정 계층을 독립적으로 교체·업데이트하기 쉬워진다. | D9: ='AI#1_GPT'!D$69 -> ++ | E9: ='AI#1_GPT'!E69 -> 애플리케이션과 실행 환경을 VM 이미지로 함께 패키징해 환경 차이를 줄이고 이동·배포하기 쉽다. | F9: ='AI#1_GPT'!F$69 -> ++ | G9: ='AI#1_GPT'!G69 -> 서버 기능을 독립 프로세스로 추가·교체할 수 있어 핵심을 건드리지 않고 확장하기 좋다.
A10: AI#2 | B10: ='AI#2_Gemini'!B$69 -> + | C10: ='AI#2_Gemini'!C$69 -> 각 Component를 서로 다른 일정으로 독립적으로 배포 및 갱신 가능. | D10: ='AI#2_Gemini'!D$69 -> + | E10: ='AI#2_Gemini'!E$69 -> 가상화 환경 덕분에 Platform 독립적인 이식·배포 용이. | F10: ='AI#2_Gemini'!F$69 -> ++ | G10: ='AI#2_Gemini'!G$69 -> 핵심 Kernel 변경 없이 External Server 단위의 독립적인 확장 및 배포 용이.
A11: Human | B11: =Human!B$69 -> + | C11: =Human!C$69 -> 계층이 분리되어있으므로 특정 계층 독립적으로 배포 가능하다. | D11: =Human!D$69 | E11: =Human!E$69 -> Human - Virtual Machine - Deployability | F11: =Human!F$69 | G11: =Human!G$69 -> Human - Microkernel - Deployability
A13: Integrability | B13: ='Detailed Reasoning'!B$70 | C13: ='Detailed Reasoning'!C$70 | D13: ='Detailed Reasoning'!D$70 | E13: ='Detailed Reasoning'!E$70 | F13: ='Detailed Reasoning'!F$70 | G13: ='Detailed Reasoning'!G$70
A14: AI#1 | B14: ='AI#1_GPT'!B$70 -> + | C14: ='AI#1_GPT'!C70 -> 명확한 계층 인터페이스를 통해 외부 기능을 특정 계층에 연결하고 의존 방향을 제한할 수 있다. | D14: ='AI#1_GPT'!D$70 -> + | E14: ='AI#1_GPT'!E70 -> 표준화된 가상 하드웨어와 네트워크 환경이 서로 다른 플랫폼 간 실행 환경 통합을 돕는다. | F14: ='AI#1_GPT'!F$70 -> + | G14: ='AI#1_GPT'!G70 -> 명확한 IPC 계약을 통해 새로운 서비스나 드라이버를 연결하기 쉬운 편이다.
A15: AI#2 | B15: ='AI#2_Gemini'!B$70 -> + | C15: ='AI#2_Gemini'!C$70 -> 하위 계층 인터페이스가 명확하여 외부 모듈/라이브러리 연동이 수월함. | D15: ='AI#2_Gemini'!D$70 -> 0 | E15: ='AI#2_Gemini'!E$70 -> 가상 플랫폼 규격에 맞춰 외부 요소 통합 가능. | F15: ='AI#2_Gemini'!F$70 -> -- | G15: ='AI#2_Gemini'!G$70 -> 서버 간 통신 프로토콜 및 커널 인터페이스 구성으로 인해 외부 시스템 연동 난이도가 높음.
A16: Human | B16: =Human!B$70 -> + | C16: =Human!C$70 -> 명확한 계층 인터페이스로 인하여 외부 모듈의 연동이 수월하다. | D16: =Human!D$70 | E16: =Human!E$70 -> Human - Virtual Machine - Integrability | F16: =Human!F$70 | G16: =Human!G$70 -> Human - Microkernel - Integrability
A18: Energy Efficiency | B18: ='Detailed Reasoning'!B$71 | C18: ='Detailed Reasoning'!C$71 | D18: ='Detailed Reasoning'!D$71 | E18: ='Detailed Reasoning'!E$71 | F18: ='Detailed Reasoning'!F$71 | G18: ='Detailed Reasoning'!G$71
A19: AI#1 | B19: ='AI#1_GPT'!B$71 -> - | C19: ='AI#1_GPT'!C71 -> 여러 계층을 통과하는 호출·데이터 변환이 추가되어 직접 구현보다 오버헤드가 증가한다. | D19: ='AI#1_GPT'!D$71 -> -- | E19: ='AI#1_GPT'!E71 -> 게스트 OS가 중복되고 가상화 계층이 추가되어 컨테이너나 네이티브보다 메모리·CPU 자원 소비가 크다. | F19: ='AI#1_GPT'!F$71 -> - | G19: ='AI#1_GPT'!G71 -> 서비스 간 IPC와 컨텍스트 스위칭이 빈번해 단일 커널 구조보다 추가 자원 비용이 발생한다.
A20: AI#2 | B20: ='AI#2_Gemini'!B$71 -> - | C20: ='AI#2_Gemini'!C$71 -> 층 통과 시 발생하는 함수 호출 오버헤드로 에너지 소모 존재. | D20: ='AI#2_Gemini'!D$71 -> -- | E20: ='AI#2_Gemini'!E$71 -> 인터프리터 방식 및 추가 계층 레이어로 인해 CPU/메모리 자원 및 에너지 소모가 가장 큼. | F20: ='AI#2_Gemini'!F$71 -> - | G20: ='AI#2_Gemini'!G$71 -> 버 간 IPC(프로세스 간 통신) 오버헤드로 인해 에너지 효율이 낮음.
A21: Human | B21: =Human!B$71 -> - | C21: =Human!C$71 -> 여러 계층을 통과하는 과정에서 호출 및 데이터 변환에 의한 오버헤드가 발생한다. | D21: =Human!D$71 | E21: =Human!E$71 -> Human - Virtual Machine - Energy Efficiency | F21: =Human!F$71 | G21: =Human!G$71 -> Human - Microkernel - Energy Efficiency
A23: Modifiability | B23: ='Detailed Reasoning'!B$72 | C23: ='Detailed Reasoning'!C$72 | D23: ='Detailed Reasoning'!D$72 | E23: ='Detailed Reasoning'!E$72 | F23: ='Detailed Reasoning'!F$72 | G23: ='Detailed Reasoning'!G$72
A24: AI#1 | B24: ='AI#1_GPT'!B$72 -> ++ | C24: ='AI#1_GPT'!C72 -> 변경을 해당 책임 계층에 국소화할 수 있어 다른 부분에 대한 파급을 크게 줄인다. | D24: ='AI#1_GPT'!D$72 -> + | E24: ='AI#1_GPT'!E72 -> OS·미들웨어 의존성을 VM 내부에 캡슐화해 호스트 환경 변경의 영향을 줄일 수 있다. | F24: ='AI#1_GPT'!F$72 -> ++ | G24: ='AI#1_GPT'!G72 -> 최소 커널을 유지하면서 주변 서비스만 변경할 수 있어 변경 파급 범위가 매우 작다.
A25: AI#2 | B25: ='AI#2_Gemini'!B$72 -> + | C25: ='AI#2_Gemini'!C$72 -> 높은 응집도와 하위 계층에만 결합된 구조로 Layer 교체/대체가 쉬움 | D25: ='AI#2_Gemini'!D$72 -> + | E25: ='AI#2_Gemini'!E$72 -> 하드웨어 변경에 영향받지 않는 소프트웨어 개발 및 수정 단순화. | F25: ='AI#2_Gemini'!F$72 -> ++ | G25: ='AI#2_Gemini'!G$72 -> 새로운 View 필요 시 External Server, 기능 추가 시 Internal Server만 추가/확장하면 되어 가장 우수
A26: Human | B26: =Human!B$72 -> + | C26: =Human!C$72 -> 특정 계층에 변경을 국소화할 수 있으므로 상위 계층에 대한 파급이 적을 수 있다. | D26: =Human!D$72 | E26: =Human!E$72 -> Human - Virtual Machine - Modifiability | F26: =Human!F$72 | G26: =Human!G$72 -> Human - Microkernel - Modifiability
A28: Performance | B28: ='Detailed Reasoning'!B$73 | C28: ='Detailed Reasoning'!C$73 | D28: ='Detailed Reasoning'!D$73 | E28: ='Detailed Reasoning'!E$73 | F28: ='Detailed Reasoning'!F$73 | G28: ='Detailed Reasoning'!G$73
A29: AI#1 | B29: ='AI#1_GPT'!B$73 -> - | C29: ='AI#1_GPT'!C73 -> 요청이 여러 계층을 거치며 간접 호출·변환이 누적되어 지연이 늘어날 수 있다. | D29: ='AI#1_GPT'!D$73 -> - | E29: ='AI#1_GPT'!E73 -> 하드웨어 가상화 오버헤드와 추가 I/O 경로로 네이티브보다 성능 손실이 발생할 수 있다. | F29: ='AI#1_GPT'!F$73 -> -- | G29: ='AI#1_GPT'!G73 -> 시스템 호출이 여러 IPC·컨텍스트 전환을 거칠 수 있어 모놀리식 구조보다 지연이 커지기 쉽다.
A30: AI#2 | B30: ='AI#2_Gemini'!B$73 -> - | C30: ='AI#2_Gemini'!C$73 -> Layer가 너무 많아지면 요청 전달 시 호출 Overhead 발생 | D30: ='AI#2_Gemini'!D$73 -> -- | E30: ='AI#2_Gemini'!E$73 -> 인터프리터 방식 특성 및 새 계층 추가에 따른 Overhead로 실행 속도가 가장 느림. | F30: ='AI#2_Gemini'!F$73 -> - | G30: ='AI#2_Gemini'!G$73 -> 모놀리식 시스템(Monolithic) 대비 서버 간 IPC(통신) Overhead로 인해 성능 감소.
A31: Human | B31: =Human!B$73 -> - | C31: =Human!C$73 -> 계층 누적에 따른 오버헤드 발생 | D31: =Human!D$73 | E31: =Human!E$73 -> Human - Virtual Machine - Performance | F31: =Human!F$73 | G31: =Human!G$73 -> Human - Microkernel - Performance
A33: Safety | B33: ='Detailed Reasoning'!B$74 | C33: ='Detailed Reasoning'!C$74 | D33: ='Detailed Reasoning'!D$74 | E33: ='Detailed Reasoning'!E$74 | F33: ='Detailed Reasoning'!F$74 | G33: ='Detailed Reasoning'!G$74
A34: AI#1 | B34: ='AI#1_GPT'!B$74 -> + | C34: ='AI#1_GPT'!C74 -> 입력 검증, 업무 규칙, 데이터 접근을 계층별로 분리해 잘못된 접근 경로를 통제하기 좋다. | D34: ='AI#1_GPT'!D$74 -> ++ | E34: ='AI#1_GPT'!E74 -> 게스트 간 강한 격리를 통해 한 실행환경의 오류가 다른 환경으로 전파되는 것을 제한한다. | F34: ='AI#1_GPT'!F$74 -> ++ | G34: ='AI#1_GPT'!G74 -> 서비스를 사용자 공간에 격리해 드라이버·서비스 오류가 시스템 전체를 손상시키는 위험을 줄인다.
A35: AI#2 | B35: ='AI#2_Gemini'!B$74 -> 0 | C35: ='AI#2_Gemini'!C$74 -> 계층별 하부 구조 의존으로 오류 파급 제어는 제한적임. | D35: ='AI#2_Gemini'!D$74 -> + | E35: ='AI#2_Gemini'!E$74 -> 호스트 시스템과의 가상 격리를 통해 하드웨어/시스템 안전성 확보. | F35: ='AI#2_Gemini'!F$74 -> + | G35: ='AI#2_Gemini'!G$74 -> 핵심 커널과 서버 기능의 분리로 특정 서버의 결함이 전체 커널 시스템으로 전이되지 않음.
A36: Human | B36: =Human!B$74 -> 0 | C36: =Human!C$74 -> 하위 계층에만 결합되어 있어 변경/장애의 확산을 일부 제한할 수 있으나, 최하위 핵심 계층(예: DB/Infra Layer)에 오류가 발생하면 상위 계층 전체에 영향을 줄 수 있어 제어 범위가 제한적임. | D36: =Human!D$74 | E36: =Human!E$74 -> Human - Virtual Machine - Safety | F36: =Human!F$74 | G36: =Human!G$74 -> Human - Microkernel - Safety
A38: Security | B38: ='Detailed Reasoning'!B$75 | C38: ='Detailed Reasoning'!C$75 | D38: ='Detailed Reasoning'!D$75 | E38: ='Detailed Reasoning'!E$75 | F38: ='Detailed Reasoning'!F$75 | G38: ='Detailed Reasoning'!G$75
A39: AI#1 | B39: ='AI#1_GPT'!B$75 -> ++ | C39: ='AI#1_GPT'!C75 -> 계층별 검증·인가를 겹쳐 적용하는 defense-in-depth 구조를 만들기 좋다. | D39: ='AI#1_GPT'!D$75 -> + | E39: ='AI#1_GPT'!E75 -> VM 경계가 강한 격리를 제공하지만 하이퍼바이저 취약점은 공통 위험이 된다. | F39: ='AI#1_GPT'!F$75 -> ++ | G39: ='AI#1_GPT'!G75 -> 작은 trusted computing base와 최소 권한의 서비스 분리가 공격 표면과 침해 범위를 줄인다.
A40: AI#2 | B40: ='AI#2_Gemini'!B$75 -> + | C40: ='AI#2_Gemini'!C$75 -> 계층 간 내부 정보 은닉(Information Hiding)을 통해 상위/하위 보안 유지. | D40: ='AI#2_Gemini'!D$75 -> + | E40: ='AI#2_Gemini'!E$75 -> 격리된 샌드박스 환경을 제공하여 외부 공격 및 이상 동작 차단. | F40: ='AI#2_Gemini'!F$75 -> + | G40: ='AI#2_Gemini'!G$75 -> 최소 권한의 커널 구동 및 서브시스템 격리로 보안 침범 범위 최소화.
A41: Human | B41: =Human!B$75 -> + | C41: =Human!C$75 -> layer별 private정보를 다른 layer에서 확인 어렵기 때문에 security 좋음 | D41: =Human!D$75 | E41: =Human!E$75 -> Human - Virtual Machine - Security | F41: =Human!F$75 | G41: =Human!G$75 -> Human - Microkernel - Security
A43: Testability | B43: ='Detailed Reasoning'!B$76 | C43: ='Detailed Reasoning'!C$76 | D43: ='Detailed Reasoning'!D$76 | E43: ='Detailed Reasoning'!E$76 | F43: ='Detailed Reasoning'!F$76 | G43: ='Detailed Reasoning'!G$76
A44: AI#1 | B44: ='AI#1_GPT'!B$76 -> ++ | C44: ='AI#1_GPT'!C76 -> 각 계층을 Mock으로 격리해 단위 테스트하고 계층 간 계약을 별도로 검증하기 쉽다. | D44: ='AI#1_GPT'!D$76 -> ++ | E44: ='AI#1_GPT'!E76 -> 동일한 VM 이미지를 반복 생성해 재현 가능한 테스트 환경과 스냅샷 기반 복구를 제공하기 쉽다. | F44: ='AI#1_GPT'!F$76 -> + | G44: ='AI#1_GPT'!G76 -> 개별 서비스는 격리 테스트하기 쉽지만 IPC와 전체 시스템 통합 테스트는 여전히 필요하다.
A45: AI#2 | B45: ='AI#2_Gemini'!B$76 -> + | C45: ='AI#2_Gemini'!C$76 -> 각 계층 및 컴포넌트를 독립적으로 분리하여 테스트(Mocking)하기 쉬움. | D45: ='AI#2_Gemini'!D$76 -> + | E45: ='AI#2_Gemini'!E$76 -> 테스트 환경 시뮬레이션 및 가상 상태 캡처/복원이 용이함. | F45: ='AI#2_Gemini'!F$76 -> 0 | G45: ='AI#2_Gemini'!G$76 -> 서버 간 비동기 메시지 교환 및 복잡한 상호작용으로 인해 종합 테스트 난이도가 존재함.
A46: Human | B46: =Human!B$76 -> + | C46: =Human!C$76 -> 독립된 layer별 test에 용이 | D46: =Human!D$76 | E46: =Human!E$76 -> Human - Virtual Machine - Testability | F46: =Human!F$76 | G46: =Human!G$76 -> Human - Microkernel - Testability
A48: Usability | B48: ='Detailed Reasoning'!B$77 | C48: ='Detailed Reasoning'!C$77 | D48: ='Detailed Reasoning'!D$77 | E48: ='Detailed Reasoning'!E$77 | F48: ='Detailed Reasoning'!F$77 | G48: ='Detailed Reasoning'!G$77
A49: AI#1 | B49: ='AI#1_GPT'!B$77 -> + | C49: ='AI#1_GPT'!C77 -> Presentation 계층을 업무 로직과 분리하면 UI 변경과 다양한 클라이언트 지원이 쉬워진다. | D49: ='AI#1_GPT'!D$77 -> 0 | E49: ='AI#1_GPT'!E77 -> 실행환경 일관성은 운영자에게 유용하지만 최종 사용자 UX에는 직접 영향이 크지 않다. | F49: ='AI#1_GPT'!F$77 -> 0 | G49: ='AI#1_GPT'!G77 -> OS 내부 구조의 장점이 주로 운영·안정성에 나타나며 최종 사용자 인터페이스에는 간접적이다.
A50: AI#2 | B50: ='AI#2_Gemini'!B$77 -> 0 | C50: ='AI#2_Gemini'!C$77 -> 아키텍처 구조가 사용자 인터페이스/경험(UI/UX)에 직접 미치는 영향은 적음. | D50: ='AI#2_Gemini'!D$77 -> 0 | E50: ='AI#2_Gemini'!E$77 -> 아키텍처 구조가 사용자 인터페이스/경험(UI/UX)에 직접 미치는 영향은 적음. | F50: ='AI#2_Gemini'!F$77 -> + | G50: ='AI#2_Gemini'!G$77 -> External Server 추가를 통해 다양한 사용자 View/인터페이스를 유연하게 제공 가능.
A51: Human | B51: =Human!B$77 -> 0 | C51: =Human!C$77 -> Layered 패턴은 시스템의 내부 책임 분리와 소프트웨어 구조화에 초점을 맞추므로, 엔드 유저의 UI/UX 반응성이나 사용성에 직접적인 긍정/부정적 영향을 미치지 않음 | D51: =Human!D$77 | E51: =Human!E$77 -> Human - Virtual Machine - Usability | F51: =Human!F$77 | G51: =Human!G$77 -> Human - Microkernel - Usability

Sheet DA1
A1: Distributed | B1: Multi-Tier | D1: Client-Server
B2: Effects | C2: Justification | D2: Effects | E2: Justification
A3: Availability | B3: 0 | C3: 0 | D3: 0 | E3: 0
A4: AI#1 | B4: ='AI#1_GPT'!B$81 -> + | C4: ='AI#1_GPT'!C81 -> 각 tier를 복제·스케일아웃해 장애를 우회할 수 있지만 tier 간 의존성 때문에 완전한 격리는 어렵다. | D4: ='AI#1_GPT'!D$81 -> - | E4: ='AI#1_GPT'!E81 -> 중앙 서버가 중단되면 많은 클라이언트가 동시에 서비스를 잃는 장애점이 되기 쉽다.
A5: AI#2 | B5: ='AI#2_Gemini'!B$81 -> 0 | C5: ='AI#2_Gemini'!C81 -> 계층 증가로 관리 요소는 늘어나지만, Middle tier의 분산 및 이중화 구성을 통해 가용성 위험을 보완 가능함. | D5: ='AI#2_Gemini'!D$81 -> - | E5: ='AI#2_Gemini'!E81 -> 서버가 단일 실패점(Single Point of Failure, SPOF)이 될 수 있어 서버 장애 시 전체 시스템 중단 위험이 큼.
A6: Human | B6: =Human!B$81 -> - | C6: =Human!C81 -> Tier가 증가할 수록 위험성이 증가하여 관리 요소가 늘어날 수 있음. | D6: =Human!D$81 -> - | E6: =Human!E81 -> 서버가 단일 실패점이 될 수 있어 서버 장애 시 전체 시스템 중단될 수 있다.
A8: Deployability | B8: 0 | C8: 0 | D8: 0 | E8: 0
A9: AI#1 | B9: ='AI#1_GPT'!B$82 -> + | C9: ='AI#1_GPT'!C82 -> Presentation·Business·Data tier를 별도 배포할 수 있으나 버전 호환과 순서 조정이 필요할 수 있다. | D9: ='AI#1_GPT'!D$82 -> 0 | E9: ='AI#1_GPT'!E82 -> 클라이언트와 서버를 따로 배포할 수 있지만 API 호환성과 클라이언트 버전 관리가 필요하다.
A10: AI#2 | B10: ='AI#2_Gemini'!B$82 -> + | C10: ='AI#2_Gemini'!C82 -> Business Logic이 포함된 Middle tier 중심으로 독립적 배포 및 스케일링이 수월함. | D10: ='AI#2_Gemini'!D$82 -> + | E10: ='AI#2_Gemini'!E82 -> UI 표현과 Business Logic 처리가 분리되어 클라이언트와 서버를 각각 독립적으로 배포 가능함.
A11: Human | B11: =Human!B$82 -> + | C11: =Human!C82 -> 각 Tier별 기능이 나누어져 있으므로 Tier에 해당하는 시스템의 단독 배포가 용이하다. | D11: =Human!D$82 -> + | E11: =Human!E82 -> 클라이언트와 서버를 각각 독립적으로 배포가 가능하다.
A13: Integrability | B13: 0 | C13: 0 | D13: 0 | E13: 0
A14: AI#1 | B14: ='AI#1_GPT'!B$83 -> + | C14: ='AI#1_GPT'!C83 -> tier 간 명확한 네트워크 인터페이스를 통해 외부 시스템 연결 지점을 분리하기 좋다. | D14: ='AI#1_GPT'!D$83 -> + | E14: ='AI#1_GPT'!E83 -> 서버가 명확한 API를 제공하면 다양한 클라이언트와 외부 시스템을 동일 인터페이스로 연결하기 쉽다.
A15: AI#2 | B15: ='AI#2_Gemini'!B$83 -> + | C15: ='AI#2_Gemini'!C83 -> Presentation, Application, Data 계층이 명확히 분리되어 외부 서비스 및 DB 통합이 매우 용이함. | D15: ='AI#2_Gemini'!D$83 -> + | E15: ='AI#2_Gemini'!E83 -> 클라이언트와 서버 간의 역할 분담 및 표준화된 요청-응답 구조로 연동이 용이함.
A16: Human | B16: =Human!B$83 -> + | C16: =Human!C83 -> Tier마다 서로 다른 기능 및 책임을 부여하여 외부 서비스의 확장에 용이하다. | D16: =Human!D$83 -> + | E16: =Human!E83 -> 서버가 API를 제공한다면 표준화된 요청-응답 구조로 클라이언트를 연결하기 쉽다.
A18: Energy Efficiency | B18: 0 | C18: 0 | D18: 0 | E18: 0
A19: AI#1 | B19: ='AI#1_GPT'!B$84 -> - | C19: ='AI#1_GPT'!C84 -> 여러 서버 계층과 네트워크 홉을 유지하므로 단일 프로세스 구조보다 자원 소비가 증가한다. | D19: ='AI#1_GPT'!D$84 -> 0 | E19: ='AI#1_GPT'!E84 -> 서버에 자원을 집중할 수 있지만 네트워크 통신과 상시 서버 운영 비용이 발생한다.
A20: AI#2 | B20: ='AI#2_Gemini'!B$84 -> - | C20: ='AI#2_Gemini'!C84 -> tier 간 request/reply 통신으로 복잡성과 오버헤드가 발생한다. | D20: ='AI#2_Gemini'!D$84 -> 0 | E20: ='AI#2_Gemini'!E84 -> 이 아키텍처 스타일이 해당 품질속성을 직접 좌우하지 않음.
A21: Human | B21: =Human!B$84 -> - | C21: =Human!C84 -> 여러 서버 tier를 유지해야 하며, middle tier의 다중화가 적용된다면 Energy 소모량이 많아진다. | D21: =Human!D$84 -> + | E21: =Human!E84 -> 많은 client가 고성능 server에 접근할 때 자원을 효과적으로 사용한다.
A23: Modifiability | B23: 0 | C23: 0 | D23: 0 | E23: 0
A24: AI#1 | B24: ='AI#1_GPT'!B$85 -> + | C24: ='AI#1_GPT'!C85 -> 책임을 tier별로 나눠 UI·업무·데이터 변경을 어느 정도 독립적으로 수행할 수 있다. | D24: ='AI#1_GPT'!D$85 -> + | E24: ='AI#1_GPT'!E85 -> 서버 로직과 클라이언트 UI를 분리해 한쪽 변경을 독립적으로 수행할 여지가 있다.
A25: AI#2 | B25: ='AI#2_Gemini'!B$85 -> + | C25: ='AI#2_Gemini'!C85 -> 비즈니스 관련 변경은 중간 tier에만 적용되어 재사용성·수정 용이성이 높다(reusability and modifiability). | D25: ='AI#2_Gemini'!D$85 -> + | E25: ='AI#2_Gemini'!E85 -> 책임이 분리되고(UI 표현 vs 비즈니스 로직) server 컴포넌트를 재사용할 수 있다.
A26: Human | B26: =Human!B$85 -> + | C26: =Human!C85 -> 각 Tier간 책임이 분산되어 있으므로 재사용성이 높고 수정에 용이하다. | D26: =Human!D$85 -> + | E26: =Human!E85 -> UI표현과 business logic 처리 같은 책임이 분리되어 있고 서버 컴포넌트 재사용할 수 있다.
A28: Performance | B28: 0 | C28: 0 | D28: 0 | E28: 0
A29: AI#1 | B29: ='AI#1_GPT'!B$86 -> 0 | C29: ='AI#1_GPT'!C86 -> 네트워크 지연은 늘지만 각 tier를 독립 확장해 병목을 완화할 수 있어 효과가 상쇄된다. | D29: ='AI#1_GPT'!D$86 -> 0 | E29: ='AI#1_GPT'!E86 -> 중앙 서버 최적화의 장점이 있지만 네트워크 지연과 서버 병목이 동시에 존재한다.
A30: AI#2 | B30: ='AI#2_Gemini'!B$86 -> 0 | C30: ='AI#2_Gemini'!C86 -> [+] 교안: 중간 tier가 확장성·성능을 위한 멀티스레딩을 지원한다. [-] 복잡성과 오버헤드가 있다. | D30: ='AI#2_Gemini'!D$86 -> 0 | E30: ='AI#2_Gemini'!E86 -> [+] 교안: 동시성·확장성의 잠재력이 있고 다수 client가 고성능 server에 접근할 때 자원을 효과적으로 쓴다. [-] server가 성능 병목이 될 수 있다.
A31: Human | B31: =Human!B$86 -> 0 | C31: =Human!C86 -> Multithread, 다중화를 시키는 것으로 Performance의 확장이 가능하나, tier간 통신에 의한 O/H, tier가 너무 많아지면 추가로 O/H가 증가할 위험성이 있다. | D31: =Human!D$86 -> 0 | E31: =Human!E86 -> 동시성과 확정성의 가능성이 있으나 서버가 bottleneck이 될 수 있다.
A33: Safety | B33: 0 | C33: 0 | D33: 0 | E33: 0
A34: AI#1 | B34: ='AI#1_GPT'!B$87 -> + | C34: ='AI#1_GPT'!C87 -> 업무 규칙과 데이터 접근을 별도 tier로 통제해 잘못된 요청이 핵심 데이터에 직접 닿지 않게 할 수 있다. | D34: ='AI#1_GPT'!D$87 -> + | E34: ='AI#1_GPT'!E87 -> 중요한 업무 규칙과 데이터 검증을 서버에서 일관되게 강제할 수 있다.
A35: AI#2 | B35: ='AI#2_Gemini'!B$87 -> 0 | C35: ='AI#2_Gemini'!C87 -> 이 아키텍처 스타일이 해당 품질속성을 직접 좌우하지 않음. | D35: ='AI#2_Gemini'!D$87 -> 0 | E35: ='AI#2_Gemini'!E87 -> 이 아키텍처 스타일이 해당 품질속성을 직접 좌우하지 않음.
A36: Human | B36: =Human!B$87 -> 0 | C36: =Human!C87 -> Tier 분리를 통해 오류를 검증·격리할 수 있어 Safety에 긍정적이지만, Tier가 많아지거나 계층 간 장애 전파 가능성이 존재할 경우 상쇄된다. | D36: =Human!D$87 -> + | E36: =Human!E87 -> 서버와 클라이언트가 분리되어 있어 장애의 직접적인 전파 및 영향 범위를 제한할 수 있다.
A38: Security | B38: 0 | C38: 0 | D38: 0 | E38: 0
A39: AI#1 | B39: ='AI#1_GPT'!B$88 -> ++ | C39: ='AI#1_GPT'!C88 -> DMZ·애플리케이션·DB 등 네트워크 구역을 나누고 tier별로 방어 정책을 적용하기 좋다. | D39: ='AI#1_GPT'!D$88 -> + | E39: ='AI#1_GPT'!E88 -> 인증·인가를 서버에 중앙화하기 쉽지만 서버 자체가 중요한 공격 대상이 된다.
A40: AI#2 | B40: ='AI#2_Gemini'!B$88 -> + | C40: ='AI#2_Gemini'!C88 -> presentation·application·data tier를 분리하여 민감한 비즈니스 로직·데이터를 최종 사용자의 직접 접근으로부터 보호한다(enhancement of security). | D40: ='AI#2_Gemini'!D$88 -> - | E40: ='AI#2_Gemini'!E88 -> 보안 복잡성(security complications)이 약점으로 언급된다.
A41: Human | B41: =Human!B$88 -> + | C41: =Human!C88 -> Tier들 간 security 권한, data access를 따로 부여하는 것으로 보안 위험을 줄일 수 있다. | D41: =Human!D$88 -> - | E41: =Human!E88 -> Network를 통한 통신이 필요하기 때문에 보안 취약점이 존재한다.
A43: Testability | B43: 0 | C43: 0 | D43: 0 | E43: 0
A44: AI#1 | B44: ='AI#1_GPT'!B$89 -> + | C44: ='AI#1_GPT'!C89 -> tier별 테스트와 Mock이 가능하지만 네트워크·데이터베이스를 포함한 통합 테스트가 필요하다. | D44: ='AI#1_GPT'!D$89 -> + | E44: ='AI#1_GPT'!E89 -> 클라이언트와 서버를 Mock으로 분리 테스트하고 API 계약을 독립 검증하기 쉽다.
A45: AI#2 | B45: ='AI#2_Gemini'!B$89 -> - | C45: ='AI#2_Gemini'!C89 -> 테스트 도구의 일반적 부족으로 테스트 용이성이 떨어진다. | D45: ='AI#2_Gemini'!D$89 -> - | E45: ='AI#2_Gemini'!E89 -> 제한된 테스트 용이성(limited testability)이 약점으로 언급된다.
A46: Human | B46: =Human!B$89 -> - | C46: =Human!C89 -> 분산된 환경을 고려한 test도구가 필요하며, 각 물리적 tier의 특성을 고려해야 하기 때문에 통합 testability가 떨어짐 | D46: =Human!D$89 -> - | E46: =Human!E89 -> 서버의 설정을 모두 고려해야 하기 때문에 test용이성이 떨어짐
A48: Usability | B48: 0 | C48: 0 | D48: 0 | E48: 0
A49: AI#1 | B49: ='AI#1_GPT'!B$90 -> + | C49: ='AI#1_GPT'!C90 -> Presentation tier를 별도로 발전시킬 수 있어 UI 개선과 다양한 클라이언트 지원에 유리하다. | D49: ='AI#1_GPT'!D$90 -> + | E49: ='AI#1_GPT'!E90 -> 복잡한 로직을 서버에 두고 클라이언트를 단순화해 일관된 사용자 경험을 제공하기 쉽다.
A50: AI#2 | B50: ='AI#2_Gemini'!B$90 -> 0 | C50: ='AI#2_Gemini'!C90 -> 이 아키텍처 스타일이 해당 품질속성을 직접 좌우하지 않음. | D50: ='AI#2_Gemini'!D$90 -> 0 | E50: ='AI#2_Gemini'!E90 -> 이 아키텍처 스타일이 해당 품질속성을 직접 좌우하지 않음.
A51: Human | B51: =Human!B$90 -> 0 | C51: =Human!C90 -> Presentation tier가 존재한다면, User experience 향상을 위한 다양한 지원 기능을 추가할 수 있다. 그러나 해당 tier가 없을 경우 아키텍쳐적인 이득은 없다. | D51: =Human!D$90 -> 0 | E51: =Human!E90 -> 이 아키텍처 스타일이 해당 품질속성을 직접 좌우하지 않음.

Sheet DA2
A1: Distributed | B1: Broker | D1: Dispatcher
B2: Effects | C2: Justification | D2: Effects | E2: Justification
A3: Availability | B3: 0 | C3: 0 | D3: 0 | E3: 0
A4: AI#1 | B4: ='AI#1_GPT'!B$94 -> + | C4: ='AI#1_GPT'!C94 -> 서비스 위치가 바뀌거나 일부 제공자가 실패해도 broker가 다른 제공자로 연결할 수 있지만 broker 자체 장애 위험은 있다. | D4: ='AI#1_GPT'!D$94 -> + | E4: ='AI#1_GPT'!E94 -> 요청을 여러 처리기로 재분배해 일부 handler 장애를 우회할 수 있지만 dispatcher 장애점은 남는다.
A5: AI#2 | B5: ='AI#2_Gemini'!B$94 -> - | C5: ='AI#2_Gemini'!C94 -> Broker나 Server 장애 시 이에 의존하는 앱이 마비되어 Fault Tolerance가 낮음 (컴포넌트 복제 필요). | D5: ='AI#2_Gemini'!D$94 -> + | E5: ='AI#2_Gemini'!E94 -> 장애 발생 시 다른 장비에서 새 Server를 동적으로 활성화할 수 있어 Fault Tolerance 및 가용성이 우수함.
A6: Human | B6: =Human!B$94 -> -- | C6: =Human!C94 -> Server나 Broker에 장애가 발생하면 이에 의존하는 모든 application이 중단될 수 있다. | D6: =Human!D$94 -> + | E6: =Human!E94 -> 네트워크나 서버 장애 시 다른 머신에서 새 서버를 활성화할 수 있다.
A8: Deployability | B8: 0 | C8: 0 | D8: 0 | E8: 0
A9: AI#1 | B9: ='AI#1_GPT'!B$95 -> ++ | C9: ='AI#1_GPT'!C95 -> 서비스 소비자가 실제 제공자의 위치·구현을 몰라도 되어 제공자를 독립 배포·이동하기 쉽다. | D9: ='AI#1_GPT'!D$95 -> + | E9: ='AI#1_GPT'!E95 -> 새 handler를 등록하거나 기존 handler를 교체할 수 있어 처리 기능을 점진적으로 배포하기 쉽다.
A10: AI#2 | B10: ='AI#2_Gemini'!B$95 -> ++ | C10: ='AI#2_Gemini'!C95 -> Location transparency 덕분에 런타임 중 Server Component 추가/제거 및 배포가 매우 용이함. | D10: ='AI#2_Gemini'!D$95 -> + | E10: ='AI#2_Gemini'!E95 -> Dispatcher나 Client 변경 없이 Server를 자유롭게 추가·수정 및 재구성(Re-configuration) 가능함.
A11: Human | B11: =Human!B$95 -> ++ | C11: =Human!C95 -> 간접 계층이 OS와 네트워크 세부 사항을 Client와 Server로부터 숨겨, 다른 운영 환경으로 시스템을 이식하고 배포하기 용이하다. | D11: =Human!D$95 -> + | E11: =Human!E95 -> 어떤 서버를 어디에 둘지 시작 시점 또는 이후에 결정할 수 있고, 서버를 dispatcher·client 수정 없이 추가·변경할 수 있다.
A13: Integrability | B13: 0 | C13: 0 | D13: 0 | E13: 0
A14: AI#1 | B14: ='AI#1_GPT'!B$96 -> ++ | C14: ='AI#1_GPT'!C96 -> broker가 서비스 탐색·호출 형식을 중재해 이기종 시스템을 느슨하게 연결하는 데 매우 유리하다. | D14: ='AI#1_GPT'!D$96 -> + | E14: ='AI#1_GPT'!E96 -> 공통 dispatch 계약을 통해 다양한 handler를 하나의 진입점 뒤에 연결할 수 있다.
A15: AI#2 | B15: ='AI#2_Gemini'!B$96 -> ++ | C15: ='AI#2_Gemini'!C96 -> Broker bridge를 통해 서로 다른 이종 시스템 간 상호운용성(Interoperability) 및 기존 서비스 재사용성이 극대화됨. | D15: ='AI#2_Gemini'!D$96 -> + | E15: ='AI#2_Gemini'!E96 -> Client 변경 없이 Server 교체(Exchangeability) 및 위치 연동이 수월하나 Bridge 수준의 이종 통합 기능은 미비함.
A16: Human | B16: =Human!B$96 -> ++ | C16: =Human!C96 -> Broker가 위치·통신 세부사항을 중개하여 이기종 서비스 연결이 용이하다. | D16: =Human!D$96 -> + | E16: =Human!E96 -> 서버 교환성(exchangeability of servers), 위치·이관 투명성(location and migration transparency)으로 서버를 다른 머신으로 동적 이주할 수 있다.
A18: Energy Efficiency | B18: 0 | C18: 0 | D18: 0 | E18: 0
A19: AI#1 | B19: ='AI#1_GPT'!B$97 -> - | C19: ='AI#1_GPT'!C97 -> 모든 요청이 중개 계층과 직렬화 과정을 추가로 거치므로 직접 호출보다 자원 소비가 늘어난다. | D19: ='AI#1_GPT'!D$97 -> 0 | E19: ='AI#1_GPT'!E97 -> 라우팅 오버헤드는 있지만 broker보다 단순한 경우가 많아 전체 에너지 영향은 대체로 작다.
A20: AI#2 | B20: ='AI#2_Gemini'!B$97 -> -- | C20: ='AI#2_Gemini'!C97 -> Proxy 및 Broker를 거치는 간접 호출(Indirection) 단계가 많아 네트워크/CPU 리소스 및 에너지 소모가 큼. | D20: ='AI#2_Gemini'!D$97 -> - | E20: ='AI#2_Gemini'!E97 -> Dispatcher 오버헤드가 존재하지만 Broker의 다단계 Proxy 구조보다는 간접 호출 비용이 작음.
A21: Human | B21: =Human!B$97 -> - | C21: =Human!C97 -> Proxy 및 Broker를 거치는 간접 호출 단계가 많아 자원 소모가 크다. | D21: =Human!D$97 -> - | E21: =Human!E97 -> dispatcher를 거치는 오버헤드(dispatcher overhead)가 있다.
A23: Modifiability | B23: 0 | C23: 0 | D23: 0 | E23: 0
A24: AI#1 | B24: ='AI#1_GPT'!B$98 -> ++ | C24: ='AI#1_GPT'!C98 -> 서비스 제공자나 위치를 변경해도 소비자 코드 변경을 최소화할 수 있다. | D24: ='AI#1_GPT'!D$98 -> + | E24: ='AI#1_GPT'!E98 -> 라우팅 규칙과 handler 구현을 분리해 기능 추가·교체 시 핵심 호출자를 크게 바꾸지 않아도 된다.
A25: AI#2 | B25: ='AI#2_Gemini'!B$98 -> ++ | C25: ='AI#2_Gemini'!C98 -> Component의 Changeability와 Extensibility가 뛰어나며 런타임 변경(Runtime changes)이 완벽히 지원됨. | D25: ='AI#2_Gemini'!D$98 -> + | E25: ='AI#2_Gemini'!E98 -> Server 교체 및 위치·이동 투명성이 우수하나, Dispatcher 자체의 Interface 변경에는 민감하다는 제약이 있음.
A26: Human | B26: =Human!B$98 -> ++ | C26: =Human!C98 -> Component를 교체하거나 기능을 추가할 때 다른 컴포넌트에 미치는 영향이 적어 runtime changes가 가능하다. | D26: =Human!D$98 -> + | E26: =Human!E98 -> 서버를 dispatcher나 client 수정 없이 추가·변경할 수 있지만, Dispatcher interface 변경은 어렵다
A28: Performance | B28: 0 | C28: 0 | D28: 0 | E28: 0
A29: AI#1 | B29: ='AI#1_GPT'!B$99 -> - | C29: ='AI#1_GPT'!C99 -> 요청이 broker를 한 번 더 거치면서 네트워크 홉과 중개 처리 지연이 추가된다. | D29: ='AI#1_GPT'!D$99 -> + | E29: ='AI#1_GPT'!E99 -> 요청을 여러 handler에 분산해 병렬 처리와 부하 분산이 가능하며 라우팅 비용은 비교적 작다.
A30: AI#2 | B30: ='AI#2_Gemini'!B$99 -> -- | C30: ='AI#2_Gemini'!C99 -> Client-Proxy-Broker-Server를 거치는 간접 호출 때문에 비효율성이 크고 응답 지연이 발생함. | D30: ='AI#2_Gemini'!D$99 -> - | E30: ='AI#2_Gemini'!E99 -> Dispatcher 라우팅/중계에 따른 Overhead가 발생하나 Broker에 비해 경로가 비교적 단순함.
A31: Human | B31: =Human!B$99 -> - | C31: =Human!C99 -> Proxy와 Broker를 거치는 간접 호출 때문에 비효율성이 크고 응답 지연이 발생한다. | D31: =Human!D$99 -> - | E31: =Human!E99 -> dispatcher 오버헤드가 있다.
A33: Safety | B33: 0 | C33: 0 | D33: 0 | E33: 0
A34: AI#1 | B34: ='AI#1_GPT'!B$100 -> + | C34: ='AI#1_GPT'!C100 -> 중개 지점에서 라우팅, 재시도, 정책 검증을 일관되게 적용해 오류 전파를 줄일 수 있다. | D34: ='AI#1_GPT'!D$100 -> + | E34: ='AI#1_GPT'!E100 -> 중앙 dispatch 지점에서 요청 유효성·대상 선택을 통제해 잘못된 호출을 줄일 수 있다.
A35: AI#2 | B35: ='AI#2_Gemini'!B$100 -> - | C35: ='AI#2_Gemini'!C100 -> 분산 상호작용이 복잡하고 특정 Server/Broker 다운 시 연쇄 중단 위험이 존재함. | D35: ='AI#2_Gemini'!D$100 -> + | E35: ='AI#2_Gemini'!E100 -> 장애 시 대체 Server 동적 활성화 및 이동 투명성을 통해 시스템 전체의 안전성을 유지하기 수월함.
A36: Human | B36: =Human!B$100 -> - | C36: =Human!C100 -> 특정 Server나 Broker 의 장애가 연쇄 중단으로 이어질 위험이 존재한다. | D36: =Human!D$100 -> + | E36: =Human!E100 -> 장애 시 대체 Server 동적 활성화 및 이동 투명성을 통해 시스템 전체의 안전성을 유지하기 수월함.
A38: Security | B38: 0 | C38: 0 | D38: 0 | E38: 0
A39: AI#1 | B39: ='AI#1_GPT'!B$101 -> + | C39: ='AI#1_GPT'!C101 -> broker에 인증·접근 정책을 집중할 수 있지만 해당 지점이 고가치 공격 대상이 되는 점은 남는다. | D39: ='AI#1_GPT'!D$101 -> + | E39: ='AI#1_GPT'!E101 -> 단일 진입점에 인증·권한·라우팅 제한을 적용하기 쉬우나 dispatcher 보호가 중요해진다.
A40: AI#2 | B40: ='AI#2_Gemini'!B$101 -> - | C40: ='AI#2_Gemini'!C101 -> 다중 컴포넌트 간 브릿지 및 분산 통신 경로로 인해 보안 검증 및 정책 적용이 복잡함. | D40: ='AI#2_Gemini'!D$101 -> 0 | E40: ='AI#2_Gemini'!E101 -> 요청 라우팅 단일점 제어가 가능하나 Dispatcher 인터페이스 노출에 따른 관리 포인트가 존재함
A41: Human | B41: =Human!B$101 -> - | C41: =Human!C101 -> Bridge 및 분산 통신 경로로 인해 Component의 보안 검증과 정책 적용이 복잡하다. | D41: =Human!D$101 -> 0 | E41: =Human!E101 -> 단일 진입점에 인증/권한/라우팅 제한을 적용하기 쉬우나 Dispatcher 인터페이스 단일점에 대한 관리 포인트가 존재
A43: Testability | B43: 0 | C43: 0 | D43: 0 | E43: 0
A44: AI#1 | B44: ='AI#1_GPT'!B$102 -> + | C44: ='AI#1_GPT'!C102 -> 서비스 제공자나 broker를 Mock으로 대체해 계약 테스트가 가능하지만 분산 상호작용 테스트는 필요하다. | D44: ='AI#1_GPT'!D$102 -> + | E44: ='AI#1_GPT'!E102 -> 라우팅 규칙과 handler를 각각 독립 테스트하기 쉽고 가짜 handler로 시나리오를 구성할 수 있다.
A45: AI#2 | B45: ='AI#2_Gemini'!B$102 -> -- | C45: ='AI#2_Gemini'!C102 -> 관여하는 Component 수가 많아 테스트와 디버깅이 매우 번거롭고 어려움. | D45: ='AI#2_Gemini'!D$102 -> - | E45: ='AI#2_Gemini'!E102 -> Dispatcher 의존성 및 서버 동적 이동에 따른 시나리오 테스트 난이도가 존재하나 Broker보다는 단순
A46: Human | B46: =Human!B$102 -> - | C46: =Human!C102 -> 여러 Component 간 상호작용을 확인해야 하므로 결함 발견과 원인 추적이 어렵다. | D46: =Human!D$102 -> - | E46: =Human!E102 -> Dispatcher 의존성 및 서버 동적 이동에 따른 시나리오 테스트 난이도가 존재하나 Broker보다는 단순
A48: Usability | B48: 0 | C48: 0 | D48: 0 | E48: 0
A49: AI#1 | B49: ='AI#1_GPT'!B$103 -> 0 | C49: ='AI#1_GPT'!C103 -> 서비스 위치 투명성은 내부 복잡성을 줄이지만 최종 사용자 UI 품질에 직접 영향은 제한적이다. | D49: ='AI#1_GPT'!D$103 -> 0 | E49: ='AI#1_GPT'!E103 -> 주로 내부 요청 분배 구조이므로 최종 사용자 경험에 미치는 직접 영향은 크지 않다.
A50: AI#2 | B50: ='AI#2_Gemini'!B$103 -> 0 | C50: ='AI#2_Gemini'!C103 -> 두 패턴 모두 백엔드 분산/라우팅 메커니즘을 다루므로 최종 사용자 UI/UX에 직접 미치는 영향은 적음. | D50: ='AI#2_Gemini'!D$103 -> 0 | E50: ='AI#2_Gemini'!E103 -> 두 패턴 모두 백엔드 분산/라우팅 메커니즘을 다루므로 최종 사용자 UI/UX에 직접 미치는 영향은 적음.
A51: Human | B51: =Human!B$103 -> 0 | C51: =Human!C103 -> 서비스 중개 구조 자체는 사용자 조작 편의성을 결정하지 않는다. | D51: =Human!D$103 -> 0 | E51: =Human!E103 -> 이 아키텍처 스타일이 해당 품질속성을 직접 좌우하지 않음.

Sheet DA3
A1: Distributed | B1: SOA | D1: Micro-service
B2: Effects | C2: Justification | D2: Effects | E2: Justification
A3: Availability | B3: 0 | C3: 0 | D3: 0 | E3: 0
A4: AI#1 | B4: ='AI#1_GPT'!B$107 -> + | C4: ='AI#1_GPT'!C107 -> 서비스를 분리·복제해 일부 장애를 격리할 수 있지만 원격 호출과 오케스트레이션 의존성은 추가된다. | D4: ='AI#1_GPT'!D$107 -> ++ | E4: ='AI#1_GPT'!E107 -> 서비스별 장애 격리와 독립 복제·스케일링이 가능해 적절한 회복탄력성 설계 시 높은 가용성을 만들기 좋다.
A5: AI#2 | B5: ='AI#2_Gemini'!B$107 -> + | C5: ='AI#2_Gemini'!C107 -> SOA는 서비스 격리로 가용성이 높으나 ESB 등 중앙 구성요소가 Single Point of Failure(SPOF)가 될 수 있음. | D5: ='AI#2_Gemini'!D$107 -> ++ | E5: ='AI#2_Gemini'!E107 -> Microservices는 완전 분산 및 격리로 한 서비스 장애가 전면 장애로 전이되지 않음.
A6: Human | B6: =Human!B$107 -> + | C6: =Human!C107 -> 오케스트레이션 의존성은 추가되나 각 서비스를 격리하기 때문에 부하가 분산되어 availability가 높다. | D6: =Human!D$107 -> ++ | E6: =Human!E107 -> 서비스가 독립적일 경우, 하나의 장애가 전체를 멈추지 않음
A8: Deployability | B8: 0 | C8: 0 | D8: 0 | E8: 0
A9: AI#1 | B9: ='AI#1_GPT'!B$108 -> + | C9: ='AI#1_GPT'!C108 -> 서비스 단위 배포가 가능하지만 공유 계약·ESB·거버넌스 때문에 완전한 독립 배포는 제한될 수 있다. | D9: ='AI#1_GPT'!D$108 -> ++ | E9: ='AI#1_GPT'!E108 -> 각 서비스를 독립 빌드·배포·롤백할 수 있어 작은 변경을 빠르게 배포하기 매우 유리하다.
A10: AI#2 | B10: ='AI#2_Gemini'!B$108 -> 0 | C10: ='AI#2_Gemini'!C108 -> SOA는 모놀리식과 분산의 중간 단계로 배포 의존성이 남아있음. | D10: ='AI#2_Gemini'!D$108 -> ++ | E10: ='AI#2_Gemini'!E108 -> Microservices는 CI/CD 기반 독자 배포 단위(Independent Deployability)가 극대화됨.
A11: Human | B11: =Human!B$108 -> 0 | C11: =Human!C108 -> 서비스 단위 배포는 가능하나 Intermediary에 관한 영향을 고려해야 한다. | D11: =Human!D$108 -> + | E11: =Human!E108 -> 독립배포로 bugfix,release,roll back이 쉬움
A13: Integrability | B13: 0 | C13: 0 | D13: 0 | E13: 0
A14: AI#1 | B14: ='AI#1_GPT'!B$109 -> ++ | C14: ='AI#1_GPT'!C109 -> 명시적인 서비스 계약과 표준 프로토콜을 통해 이기종·레거시 시스템 통합에 매우 유리하다. | D14: ='AI#1_GPT'!D$109 -> + | E14: ='AI#1_GPT'!E109 -> API·이벤트 계약으로 연계할 수 있지만 서비스 수가 많아지면 계약·버전 관리 복잡성도 커진다.
A15: AI#2 | B15: ='AI#2_Gemini'!B$109 -> ++ | C15: ='AI#2_Gemini'!C109 -> SOA는 Enterprise Service Bus(ESB) 및 표준 프로토콜 기반으로 이종 시스템 간 통합에 매우 강함. | D15: ='AI#2_Gemini'!D$109 -> + | E15: ='AI#2_Gemini'!E109 -> Microservices는 경량 API(REST/gRPC) 위주라 개별 통합은 용이하나 오케스트레이션이 복잡함.
A16: Human | B16: =Human!B$109 -> ++ | C16: =Human!C109 -> 기술적으로 어떤 client 나 서비스든 platform, 기술, vendor, 언어와 무관하게 다른 서비스에 접근할 수 있다 | D16: =Human!D$109 -> + | E16: =Human!E109 -> 코드, data store 비공유로 의존성 최소화
A18: Energy Efficiency | B18: 0 | C18: 0 | D18: 0 | E18: 0
A19: AI#1 | B19: ='AI#1_GPT'!B$110 -> - | C19: ='AI#1_GPT'!C110 -> 원격 호출, XML/JSON 직렬화, 중개·오케스트레이션 계층이 추가 자원을 소비한다. | D19: ='AI#1_GPT'!D$110 -> -- | E19: ='AI#1_GPT'!E110 -> 많은 프로세스/컨테이너, 네트워크 통신, 서비스 디스커버리와 관측 도구가 추가 자원을 지속적으로 사용한다.
A20: AI#2 | B20: ='AI#2_Gemini'!B$110 -> - | C20: ='AI#2_Gemini'!C110 -> 분산 환경 특성상 네트워킹 및 중복 프로세스로 인해 단일 아키텍처 대비 에너지 소모가 큼. | D20: ='AI#2_Gemini'!D$110 -> -- | E20: ='AI#2_Gemini'!E110 -> Microservices가 인스턴스 수가 훨씬 많아 네트워크 Overhead가 더 큼.
A21: Human | B21: =Human!B$110 -> - | C21: =Human!C110 -> 중개 기능과 분산 환경으로 인해 에너지 소모가 크다. | D21: =Human!D$110 -> -- | E21: =Human!E110 -> 서비스 수에 비례하여 overhead커짐
A23: Modifiability | B23: 0 | C23: 0 | D23: 0 | E23: 0
A24: AI#1 | B24: ='AI#1_GPT'!B$111 -> ++ | C24: ='AI#1_GPT'!C111 -> 서비스 계약을 유지하면 내부 구현을 교체하거나 새 비즈니스 서비스를 조합하기 쉽다. | D24: ='AI#1_GPT'!D$111 -> ++ | E24: ='AI#1_GPT'!E111 -> 기능 경계를 잘 나누면 특정 서비스만 변경할 수 있어 변경 영향 범위를 작게 유지할 수 있다.
A25: AI#2 | B25: ='AI#2_Gemini'!B$111 -> + | C25: ='AI#2_Gemini'!C111 -> SOA는 서비스 단위 수정이 가능하지만 ESB/엔터프라이즈 데이터 모델 수정에 제약이 있음.. | D25: ='AI#2_Gemini'!D$111 -> ++ | E25: ='AI#2_Gemini'!E111 -> Microservices는 캡슐화가 완벽하여 독립적 변경/확장이 최고 수준임
A26: Human | B26: =Human!B$111 -> ++ | C26: =Human!C111 -> 각 서비스 component가 독립적이므로 공개된 interface만 바뀌지 않는다면 서비스 구현 변경이 application에 영향을 주지 않는다. | D26: =Human!D$111 -> + | E26: =Human!E111 -> 서비스별 독립적이여서 수정에 용이함
A28: Performance | B28: 0 | C28: 0 | D28: 0 | E28: 0
A29: AI#1 | B29: ='AI#1_GPT'!B$112 -> - | C29: ='AI#1_GPT'!C112 -> 세분화된 원격 호출과 서비스 조합이 네트워크 지연·직렬화 비용을 누적시킬 수 있다. | D29: ='AI#1_GPT'!D$112 -> - | E29: ='AI#1_GPT'!E112 -> 프로세스 내부 호출이 네트워크 호출로 바뀌고 직렬화·재시도 등이 추가되어 지연이 커질 수 있다.
A30: AI#2 | B30: ='AI#2_Gemini'!B$112 -> - | C30: ='AI#2_Gemini'!C112 -> 원격 호출(RPC/HTTP) 및 Serialization 비용 발생. | D30: ='AI#2_Gemini'!D$112 -> -- | E30: ='AI#2_Gemini'!E112 -> Microservices는 서비스 간 잦은 Network Hop과 분산 트랜잭션 처리 문제로 Latency 영향이 더 큼.
A31: Human | B31: =Human!B$112 -> - | C31: =Human!C112 -> 세분화된 원격 호출과 서비스 조합으로 인해 비용이 발생한다. | D31: =Human!D$112 -> -- | E31: =Human!E112 -> 서비스간 통신 증가로 latency증가
A33: Safety | B33: 0 | C33: 0 | D33: 0 | E33: 0
A34: AI#1 | B34: ='AI#1_GPT'!B$113 -> + | C34: ='AI#1_GPT'!C113 -> 업무 기능을 서비스 경계로 나누고 계약을 명시해 잘못된 상호작용을 통제하기 쉽다. | D34: ='AI#1_GPT'!D$113 -> + | E34: ='AI#1_GPT'!E113 -> 장애 blast radius를 서비스 단위로 제한할 수 있으나 분산 트랜잭션과 최종 일관성은 별도 설계가 필요하다.
A35: AI#2 | B35: ='AI#2_Gemini'!B$113 -> 0 | C35: ='AI#2_Gemini'!C113 -> 아키텍처 스타일 자체보다는 도메인 및 하드웨어 연동/제어 로직에 국한됨. | D35: ='AI#2_Gemini'!D$113 -> 0 | E35: ='AI#2_Gemini'!E113 -> 아키텍처 스타일 자체보다는 도메인 및 하드웨어 연동/제어 로직에 국한됨.
A36: Human | B36: =Human!B$113 -> + | C36: =Human!C113 -> 서비스 경계로 나누어져 있어 잘못된 동작의 통제가 용이하다. | D36: =Human!D$113 -> + | E36: =Human!E113 -> 독립적인 시스템으로 하나의 서비스에 문제가 되더라도 타 서비스에 영향이 적음
A38: Security | B38: 0 | C38: 0 | D38: 0 | E38: 0
A39: AI#1 | B39: ='AI#1_GPT'!B$114 -> + | C39: ='AI#1_GPT'!C114 -> 서비스 게이트웨이·정책으로 보안을 표준화할 수 있지만 엔드포인트 수 증가에 대한 관리가 필요하다. | D39: ='AI#1_GPT'!D$114 -> - | E39: ='AI#1_GPT'!E114 -> 서비스 간 인증, 비밀 관리, API 수 증가로 공격면과 보안 운영 복잡성이 커진다.
A40: AI#2 | B40: ='AI#2_Gemini'!B$114 -> + | C40: ='AI#2_Gemini'!C114 -> SOA는 중앙(ESB/Gateway)에서 통제 및 보안 정책 적용이 용이함. | D40: ='AI#2_Gemini'!D$114 -> - | E40: ='AI#2_Gemini'!E114 -> Microservices는 공격 접점(Attack Surface)이 넓어지고 API Endpoints 관리 및 Zero-Trust 적용 난이도가 상승함.
A41: Human | B41: =Human!B$114 -> + | C41: =Human!C114 -> 중앙에서 보안 정책 적용이 용이하나 gateway에 대한 보안 위험성이 존재한다. | D41: =Human!D$114 -> + | E41: =Human!E114 -> 각 서비스마다 data가 isolation되어 있으므로 위험이 분산된다
A43: Testability | B43: 0 | C43: 0 | D43: 0 | E43: 0
A44: AI#1 | B44: ='AI#1_GPT'!B$115 -> + | C44: ='AI#1_GPT'!C115 -> 서비스 단위 계약 테스트가 가능하지만 여러 서비스가 참여하는 시나리오는 통합 테스트 비용이 크다. | D44: ='AI#1_GPT'!D$115 -> 0 | E44: ='AI#1_GPT'!E115 -> 개별 서비스 단위 테스트는 쉽지만 전체 시나리오·계약·분산 장애 테스트가 어려워 장단점이 상쇄된다.
A45: AI#2 | B45: ='AI#2_Gemini'!B$115 -> - | C45: ='AI#2_Gemini'!C115 -> 분산 환경 테스트는 복잡함. | D45: ='AI#2_Gemini'!D$115 -> -- | E45: ='AI#2_Gemini'!E115 -> Microservices는 서비스 수 증대, 서비스 간 비동기 통신, 분산 데이터베이스로 인해 End-to-End 및 통합 테스트 난이도가 매우 높음.
A46: Human | B46: =Human!B$115 -> - | C46: =Human!C115 -> 분산 환경에 대한 통합 테스트 구성의 복잡도가 증가한다. | D46: =Human!D$115 -> - | E46: =Human!E115 -> 서비스 의존성으로 테스트 어려움
A48: Usability | B48: 0 | C48: 0 | D48: 0 | E48: 0
A49: AI#1 | B49: ='AI#1_GPT'!B$116 -> 0 | C49: ='AI#1_GPT'!C116 -> 서비스 재사용은 기능 개발을 돕지만 사용자 인터페이스 품질을 직접 결정하는 구조는 아니다. | D49: ='AI#1_GPT'!D$116 -> 0 | E49: ='AI#1_GPT'!E116 -> 빠른 기능 변경에는 도움이 되지만 최종 사용자 UX를 직접 향상시키는 아키텍처 스타일은 아니다.
A50: AI#2 | B50: ='AI#2_Gemini'!B$116 -> 0 | C50: ='AI#2_Gemini'!C116 -> 백엔드 구조적 스타일이므로 End-User Usability에는 직접적인 영향을 미치지 않음. | D50: ='AI#2_Gemini'!D$116 -> 0 | E50: ='AI#2_Gemini'!E116 -> 백엔드 구조적 스타일이므로 End-User Usability에는 직접적인 영향을 미치지 않음.
A51: Human | B51: =Human!B$116 -> 0 | C51: =Human!C116 -> 백엔드 구조 스타일로 End-User Usability에 대한 직접적 영향이 없다. | D51: =Human!D$116 -> + | E51: =Human!E116 -> 사용자가 원하는 Microservier만을 사용하여 원하는 뷰를 구성하기에 용이하다. (Microfrontend)

Sheet Dep
A1: Deployment | B1: Container-based | D1: Cloud-based | F1: Edge-based
B2: Effects | C2: Justification | D2: Effects | E2: Justification | F2: Effects | G2: Justification
A3: Availability | B3: 0 | C3: 0 | D3: 0 | E3: 0 | F3: 0 | G3: 0
A4: AI#1 | B4: ='AI#1_GPT'!B$120 -> + | C4: ='AI#1_GPT'!C120 -> 컨테이너 단위로 장애를 격리하고 재시작·복제할 수 있어 서비스 복구와 고가용성 구성이 용이함 | D4: ='AI#1_GPT'!D$120 -> ++ | E4: ='AI#1_GPT'!E120 -> Multi-AZ/Region, Load Balancing, Auto Scaling 등을 이용해 장애 대응과 서비스 지속성을 높이기 쉬움 | F4: ='AI#1_GPT'!F$120 -> + | G4: ='AI#1_GPT'!G120 -> 네트워크가 끊겨도 Edge 장치에서 로컬 처리를 계속할 수 있어 중앙 시스템 장애의 영향을 줄일 수 있음
A5: AI#2 | B5: ='AI#2_Gemini'!B$120 -> + | C5: ='AI#2_Gemini'!C120 -> Availability: 컨테이너 오케스트레이션(예: Kubernetes)을 통한 자동 재시작(Auto-restart) 및 헬스 체크로 빠른 복구 및 가용성 향상이 가능합니다. | D5: ='AI#2_Gemini'!D$120 -> ++ | E5: ='AI#2_Gemini'!E120 -> 멀티 AZ(가용 영역) 및 글로벌 리전 기반의 자동 장애 조치(Failover)와 리던던시 구성으로 최고 수준의 가용성을 제공합니다. | F5: ='AI#2_Gemini'!F$120 -> + | G5: ='AI#2_Gemini'!G120 -> 중앙 클라우드 네트워크가 끊겨도 로컬 디바이스 독립 처리를 통해 서비스 연속성을 유지합니다.
A6: Human | B6: =Human!B$120 | C6: =Human!C120 -> Human - Container-based - Availability | D6: =Human!D$120 | E6: =Human!E120 -> Human - Cloud-based - Availability | F6: =Human!F$120 -> + | G6: =Human!G120 -> 중앙 site가 멈춰도 지역 site에서 독립운영하여 가용성을 높일 수 있음, edge node가 1개로 구성시 가용성이 낮아질 수 있음
A8: Deployability | B8: 0 | C8: 0 | D8: 0 | E8: 0 | F8: 0 | G8: 0
A9: AI#1 | B9: ='AI#1_GPT'!B$121 -> ++ | C9: ='AI#1_GPT'!C121 -> 애플리케이션과 실행 환경을 이미지로 패키징하므로 환경 차이를 줄이고 빠르고 반복 가능한 배포가 가능함 | D9: ='AI#1_GPT'!D$121 -> ++ | E9: ='AI#1_GPT'!E121 -> 자동화된 인프라, CI/CD, 관리형 서비스를 활용하여 신속한 배포와 확장이 가능함 | F9: ='AI#1_GPT'!F$121 -> - | G9: ='AI#1_GPT'!G121 -> 다수의 분산된 Edge 장치에 소프트웨어를 배포·업데이트해야 하므로 버전 관리와 배포 관리가 복잡함
A10: AI#2 | B10: ='AI#2_Gemini'!B$121 -> ++ | C10: ='AI#2_Gemini'!C121 -> 애플리케이션과 실행 환경을 일관되게 패키징(Immutability)하여 개발, 테스트, 운영 환경 간의 배포 불일치를 제거하고 빠른 배포를 지원합니다. | D10: ='AI#2_Gemini'!D$121 -> ++ | E10: ='AI#2_Gemini'!E121 -> IaC(Code 기반 인프라) 및 Cloud-native CI/CD 파이프라인을 통해 인프라 프로비저닝과 소프트웨어 배포를 즉시 자동화할 수 있습니다 | F10: ='AI#2_Gemini'!F$121 -> - | G10: ='AI#2_Gemini'!G121 -> 지리적으로 분산된 수많은 이종 에지 디바이스로의 펌웨어/소프트웨어 원격 배포 및 롤백 관리가 매우 복잡합니다.
A11: Human | B11: =Human!B$121 | C11: =Human!C121 -> Human - Container-based - Deployability | D11: =Human!D$121 | E11: =Human!E121 -> Human - Cloud-based - Deployability | F11: =Human!F$121 -> - | G11: =Human!G121 -> 지리적으로 분산된 edge별 환경 및 버전 차이로 런타임 시 배포에 어려울 수 있음
A13: Integrability | B13: 0 | C13: 0 | D13: 0 | E13: 0 | F13: 0 | G13: 0
A14: AI#1 | B14: ='AI#1_GPT'!B$122 -> + | C14: ='AI#1_GPT'!C122 -> 표준화된 Container 환경과 API를 사용하여 서로 다른 서비스들을 비교적 쉽게 조합할 수 있음 | D14: ='AI#1_GPT'!D$122 -> ++ | E14: ='AI#1_GPT'!E122 -> API Gateway, Message Queue, Managed Service 등 다양한 통합 서비스를 활용하여 외부 시스템 연계가 용이함 | F14: ='AI#1_GPT'!F$122 -> 0 | G14: ='AI#1_GPT'!G122 -> Edge 장치마다 HW, OS, 프로토콜, 네트워크 환경이 다를 수 있어 시스템 간 통합이 복잡해질 수 있음
A15: AI#2 | B15: ='AI#2_Gemini'!B$122 -> + | C15: ='AI#2_Gemini'!C122 -> 표준화된 컨테이너 이미지를 활용하여 이종 애플리케이션 및 마이크로서비스 간의 표준 이식성 및 연결 편의성이 증가합니다. | D15: ='AI#2_Gemini'!D$122 -> ++ | E15: ='AI#2_Gemini'!E122 -> 풍부한 매니지드 SaaS/PaaS API, 이벤트 버스, 사전 빌드된 커넥터를 활용해 외부 시스템과의 통합이 매우 용이합니다. | F15: ='AI#2_Gemini'!F$122 -> - | G15: ='AI#2_Gemini'!G122 -> 다양한 레거시 파편화 프로토콜(IoT, 산업용 현장 버스 등) 및 제한된 하드웨어 스펙으로 인해 통합 난이도가 높습니다
A16: Human | B16: =Human!B$122 | C16: =Human!C122 -> Human - Container-based - Integrability | D16: =Human!D$122 | E16: =Human!E122 -> Human - Cloud-based - Integrability | F16: =Human!F$122 -> - | G16: =Human!G122 -> 다양한 레거시 파편화 프로토콜(IoT, 산업용 현장 버스 등) 및 제한된 하드웨어 스펙으로 인해 통합 난이도가 높음
A18: Energy Efficiency | B18: 0 | C18: 0 | D18: 0 | E18: 0 | F18: 0 | G18: 0
A19: AI#1 | B19: ='AI#1_GPT'!B$123 -> + | C19: ='AI#1_GPT'!C123 -> VM보다 경량화된 실행 환경을 사용하여 동일 자원에서 많은 서비스를 실행할 수 있어 자원 활용 효율이 높음 | D19: ='AI#1_GPT'!D$123 -> + | E19: ='AI#1_GPT'!E123 -> 서버 자원을 공유하고 필요에 따라 Scale In/Out할 수 있어 전체 자원 활용도를 높일 수 있음 | F19: ='AI#1_GPT'!F$123 -> + | G19: ='AI#1_GPT'!G123 -> 데이터를 모두 Cloud로 전송하지 않고 로컬에서 처리하여 네트워크 전송량과 중앙 서버의 처리량을 줄일 수 있음
A20: AI#2 | B20: ='AI#2_Gemini'!B$123 -> + | C20: ='AI#2_Gemini'!C123 -> 기존 가상 머신(VM)과 달리 게스트 OS 오버헤드가 없어 동일 하드웨어 대비 서버 자원 및 전력 사용 효율이 극대화됩니다 | D20: ='AI#2_Gemini'!D$123 -> - | E20: ='AI#2_Gemini'!E123 -> 하이퍼스케일 데이터센터 자원의 상시 운용 및 원격 데이터 전송으로 인한 네트워크 오버헤드로 절대적 에너지 소모가 큽니다. | F20: ='AI#2_Gemini'!F$123 -> ++ | G20: ='AI#2_Gemini'!G123 -> 현장에서 데이터를 초기에 처리·필터링하여 원격 데이터 전송 전력을 대폭 줄이고 초저전력 디바이스 활용이 가능합니다.
A21: Human | B21: =Human!B$123 | C21: =Human!C123 -> Human - Container-based - Energy Efficiency | D21: =Human!D$123 | E21: =Human!E123 -> Human - Cloud-based - Energy Efficiency | F21: =Human!F$123 -> 0 | G21: =Human!G123 -> 현장에서 데이터 처리 후 필터링하여 전달하기에 효율 높으나, 별도의 조건 없이 항시 데이터 처리가 필요하여 효율 떨어질수 있어 0
A23: Modifiability | B23: 0 | C23: 0 | D23: 0 | E23: 0 | F23: 0 | G23: 0
A24: AI#1 | B24: ='AI#1_GPT'!B$124 -> ++ | C24: ='AI#1_GPT'!C124 -> 각 서비스를 독립적인 Container로 분리할 수 있어 특정 서비스만 변경·교체하기 쉬움 | D24: ='AI#1_GPT'!D$124 -> ++ | E24: ='AI#1_GPT'!E124 -> 서비스 분리, Managed Service, Infrastructure as Code 등을 통해 시스템 구성 변경 및 확장이 비교적 용이함 | F24: ='AI#1_GPT'!F$124 -> 0 | G24: ='AI#1_GPT'!G124 -> 기능을 Edge에 분산할 수 있지만 장치별 환경 차이와 배포된 버전의 다양성 때문에 전체 변경 관리가 어려울 수 있음
A25: AI#2 | B25: ='AI#2_Gemini'!B$124 -> + | C25: ='AI#2_Gemini'!C124 -> 각 서비스 및 라이브러리 의존성이 컨테이너 내부로 격리되어 있어, 외부 환경 변화에 따른 코드 수정 및 버전 업데이트가 용이합니다. | D25: ='AI#2_Gemini'!D$124 -> + | E25: ='AI#2_Gemini'!E124 -> 온디맨드 인프라 확장성 및 매니지드 서비스를 통해 아키텍처 구조 변경 및 스케일 업/아웃을 유연하게 처리할 수 있습니다. | F25: ='AI#2_Gemini'!F$124 -> - | G25: ='AI#2_Gemini'!G124 -> 하드웨어 스펙의 제약 및 펌웨어 밀집 연동 구조로 인해 소프트웨어 기능 변경 및 리팩토링에 제약이 큽니다.
A26: Human | B26: =Human!B$124 | C26: =Human!C124 -> Human - Container-based - Modifiability | D26: =Human!D$124 | E26: =Human!E124 -> Human - Cloud-based - Modifiability | F26: =Human!F$124 -> - | G26: =Human!G124 -> edge별 환경 및 버전 차이로 수정에 어려울 수 있음
A28: Performance | B28: 0 | C28: 0 | D28: 0 | E28: 0 | F28: 0 | G28: 0
A29: AI#1 | B29: ='AI#1_GPT'!B$125 -> + | C29: ='AI#1_GPT'!C125 -> Container의 가상화 오버헤드가 비교적 작고 서비스를 필요한 위치에 빠르게 배치할 수 있음 | D29: ='AI#1_GPT'!D$125 -> + | E29: ='AI#1_GPT'!E125 -> 대규모 자원과 Auto Scaling으로 높은 처리량을 제공할 수 있지만 네트워크 지연이 발생할 수 있음 | F29: ='AI#1_GPT'!F$125 -> ++ | G29: ='AI#1_GPT'!G125 -> 데이터를 사용자나 장치와 가까운 위치에서 처리하여 네트워크 왕복 지연을 줄이고 빠른 응답을 제공할 수 있음
A30: AI#2 | B30: ='AI#2_Gemini'!B$125 -> + | C30: ='AI#2_Gemini'!C125 -> OS 커널을 직접 공유하는 경량화 구조로, 구동 시간이 수 초 이내로 빠르고 프로세스 실행 오버헤드가 최소화됩니다. | D30: ='AI#2_Gemini'!D$125 -> + | E30: ='AI#2_Gemini'!E125 -> 오토스케일링 및 고성능 컴퓨팅 인스턴스를 활용해 트래픽 폭주 시에도 유연하게 대응하고 성능을 유지합니다. | F30: ='AI#2_Gemini'!F$125 -> ++ | G30: ='AI#2_Gemini'!G125 -> 데이터 발생지 바로 인근에서 실시간 처리하여 네트워크 전송 지연을 완벽히 줄이고 초저지연(Ultra-low Latency)을 달성합니다.
A31: Human | B31: =Human!B$125 | C31: =Human!C125 -> Human - Container-based - Performance | D31: =Human!D$125 | E31: =Human!E125 -> Human - Cloud-based - Performance | F31: =Human!F$125 -> + | G31: =Human!G125 -> 분석용 자원을 최종 사용자 가까이에 두기에 속도 측면 좋음
A33: Safety | B33: 0 | C33: 0 | D33: 0 | E33: 0 | F33: 0 | G33: 0
A34: AI#1 | B34: ='AI#1_GPT'!B$126 -> + | C34: ='AI#1_GPT'!C126 -> 서비스별 격리와 Resource Limit을 통해 한 Container의 문제를 다른 서비스로부터 어느 정도 격리할 수 있음 | D34: ='AI#1_GPT'!D$126 -> + | E34: ='AI#1_GPT'!E126 -> 중앙에서 정책, 모니터링, 백업 등을 일관되게 적용할 수 있어 시스템 안전 관리가 용이함 | F34: ='AI#1_GPT'!F$126 -> ++ | G34: ='AI#1_GPT'!G126 -> 긴급 제어나 실시간 처리를 Cloud 연결 없이 현장에서 수행할 수 있어 안전이 중요한 시스템에 적합함
A35: AI#2 | B35: ='AI#2_Gemini'!B$126 -> 0 | C35: ='AI#2_Gemini'!C126 -> 프로세스 수준의 격리는 제공하지만 호스트 커널을 공유하므로 결함 파급 차단 측면에서 기능적 안전성에 주는 영향은 중립적입니다. | D35: ='AI#2_Gemini'!D$126 -> 0 | E35: ='AI#2_Gemini'!E126 -> 클라우드 사업자의 SLA에 의존하며, 물리적 하드웨어 제어가 불가능하여 실시간 현장 안전 제어에는 한계가 있습니다. | F35: ='AI#2_Gemini'!F$126 -> ++ | G35: ='AI#2_Gemini'!G126 -> 네트워크 지연이나 단절 없이 로컬 차원에서 즉각적인 제어 및 셧다운을 수행할 수 있어 물리적 현장 안전 확보에 최적입니다.
A36: Human | B36: =Human!B$126 | C36: =Human!C126 -> Human - Container-based - Safety | D36: =Human!D$126 | E36: =Human!E126 -> Human - Cloud-based - Safety | F36: =Human!F$126 -> + | G36: =Human!G126 -> 로컬에서 즉각적인 대응 가능하여 safety 높음
A38: Security | B38: 0 | C38: 0 | D38: 0 | E38: 0 | F38: 0 | G38: 0
A39: AI#1 | B39: ='AI#1_GPT'!B$127 -> + | C39: ='AI#1_GPT'!C127 -> Container Isolation, Image Signing, 접근 제어 등을 적용할 수 있으나 잘못된 이미지나 Host 침해 시 여러 Container가 영향을 받을 수 있음 | D39: ='AI#1_GPT'!D$127 -> + | E39: ='AI#1_GPT'!E127 -> IAM, Encryption, WAF, 중앙 보안 모니터링 등 강력한 보안 기능을 활용할 수 있지만 인터넷 노출과 Cloud 계정 침해 위험이 존재함 | F39: ='AI#1_GPT'!F$127 -> - | G39: ='AI#1_GPT'!G127 -> 많은 Edge 장치가 물리적으로 분산되어 있어 장치 탈취, 변조, 취약한 네트워크 등 공격 지점이 증가함
A40: AI#2 | B40: ='AI#2_Gemini'!B$127 -> - | C40: ='AI#2_Gemini'!C127 -> 호스트 커널 공유 구조로 인한 보안 취약점 전파 가능성 및 Base 이미지 내 취약점 지속 관리 부담이 존재합니다. | D40: ='AI#2_Gemini'!D$127 -> + | E40: ='AI#2_Gemini'!E127 -> 클라우드 벤더의 고도화된 IAM, 암호화, 보안 규정 준수 기능을 활용할 수 있으나, 설정 오류에 따른 위험은 잔존합니다. | F40: ='AI#2_Gemini'!F$127 -> -- | G40: ='AI#2_Gemini'!G127 -> 장치가 현장에 물리적으로 노출되어 있어 도난, 분실, 물리적 접근 공격 및 엔드포인트 탈취 위험에 극도로 취약합니다.
A41: Human | B41: =Human!B$127 | C41: =Human!C127 -> Human - Container-based - Security | D41: =Human!D$127 | E41: =Human!E127 -> Human - Cloud-based - Security | F41: =Human!F$127 -> - | G41: =Human!G127 -> 많은 데이터가 core 밖에서 처리되어 유출, 도난 침해 가능
A43: Testability | B43: 0 | C43: 0 | D43: 0 | E43: 0 | F43: 0 | G43: 0
A44: AI#1 | B44: ='AI#1_GPT'!B$128 -> ++ | C44: ='AI#1_GPT'!C128 -> 동일한 Container Image를 개발·테스트·운영 환경에서 사용할 수 있어 테스트 환경 재현성이 높음 | D44: ='AI#1_GPT'!D$128 -> + | E44: ='AI#1_GPT'!E128 -> 테스트 환경을 필요할 때 빠르게 생성하고 자동화된 테스트를 수행하기 쉽지만 외부 Cloud 서비스 의존성이 있을 수 있음 | F44: ='AI#1_GPT'!F$128 -> - | G44: ='AI#1_GPT'!G128 -> 다양한 실제 장치, 네트워크 상태, 위치, HW 환경을 재현해야 하므로 전체 시스템 테스트가 어려움
A45: AI#2 | B45: ='AI#2_Gemini'!B$128 -> ++ | C45: ='AI#2_Gemini'!C128 -> 개발자의 로컬 환경 및 CI 파이프라인에서 실제 운영 환경과 100% 동일한 컨테이너 환경을 즉시 재현하여 테스트할 수 있습니다. | D45: ='AI#2_Gemini'!D$128 -> + | E45: ='AI#2_Gemini'!E128 -> 필요할 때만 일회성 테스트 인프라(Ephemeral Environment)를 동적으로 생성하고 폐기할 수 있어 테스트 유연성이 높습니다. | F45: ='AI#2_Gemini'!F$128 -> -- | G45: ='AI#2_Gemini'!G128 -> 다양한 물리 현장의 필드 하드웨어 환경 및 간헐적 네트워크 불안정 상태를 개발/테스트 환경에서 재현하기가 매우 어렵습니다.
A46: Human | B46: =Human!B$128 | C46: =Human!C128 -> Human - Container-based - Testability | D46: =Human!D$128 | E46: =Human!E128 -> Human - Cloud-based - Testability | F46: =Human!F$128 -> - | G46: =Human!G128 -> 각 edge별 test는 용이하나 중앙과 연결된 전체 test시 복잡해짐
A48: Usability | B48: 0 | C48: 0 | D48: 0 | E48: 0 | F48: 0 | G48: 0
A49: AI#1 | B49: ='AI#1_GPT'!B$129 -> 0 | C49: ='AI#1_GPT'!C129 -> 사용자 경험에 직접적인 영향은 작지만 일관된 실행 환경과 빠른 배포를 통해 서비스 품질 개선에 기여할 수 있음 | D49: ='AI#1_GPT'!D$129 -> ++ | E49: ='AI#1_GPT'!E129 -> 사용자가 장소나 장치에 관계없이 서비스를 이용할 수 있고 자원 확장을 통해 안정적인 서비스 제공이 가능함 | F49: ='AI#1_GPT'!F$129 -> ++ | G49: ='AI#1_GPT'!G129 -> 사용자와 가까운 위치에서 처리하여 응답속도를 낮추고 네트워크가 불안정한 환경에서도 기능 제공이 가능함
A50: AI#2 | B50: ='AI#2_Gemini'!B$129 -> 0 | C50: ='AI#2_Gemini'!C129 -> 배포 및 패키징 기술로서 엔드유저의 인터페이스 및 사용성에는 직접적인 영향을 미치지 않습니다. | D50: ='AI#2_Gemini'!D$129 -> + | E50: ='AI#2_Gemini'!E129 -> CDN 및 글로벌 엣지 로케이션 배포를 통해 사용자에게 최적의 응답 속도를 제공함으로써 사용자 경험을 대폭 향상시킵니다. | F50: ='AI#2_Gemini'!F$129 -> + | G50: ='AI#2_Gemini'!G129 -> 네트워크 연결 없이도 즉각적인 응답 속도를 보장하고 오프라인 동작을 지원하여 특정 현장 사용성을 높입니다.
A51: Human | B51: =Human!B$129 | C51: =Human!C129 -> Human - Container-based - Usability | D51: =Human!D$129 | E51: =Human!E129 -> Human - Cloud-based - Usability | F51: =Human!F$129 -> + | G51: =Human!G129 -> 연관성 없다고 판단

Sheet Detailed Reasoning
A1: Data Flow | B1: Batch Sequential | D1: Pipe and Filter | F1: Process Control
B2: Effects | C2: Justification | D2: Effects | E2: Justification | F2: Effects | G2: Justification
A3: Availability
A4: Deployability
A5: Integrability
A6: Energy Efficiency
A7: Modifiability
A8: Performance
A9: Safety
A10: Security
A11: Testability
A12: Usability
A14: Data Centered | B14: Shared Respository | D14: Blackboard
B15: Effects | C15: Justification | D15: Effects | E15: Justification
A16: Availability
A17: Deployability
A18: Integrability
A19: Energy Efficiency
A20: Modifiability
A21: Performance
A22: Safety
A23: Security
A24: Testability
A25: Usability
A27: Implicit Invocation | B27: Non-Buffered Event Based | D27: Buffered Message Based
B28: Effects | C28: Justification | D28: Effects | E28: Justification
A29: Availability
A30: Deployability
A31: Integrability
A32: Energy Efficiency
A33: Modifiability
A34: Performance
A35: Safety
A36: Security
A37: Testability
A38: Usability
A40: Interaction-Oriented | B40: MVC | D40: PAC
B41: Effects | C41: Justification | D41: Effects | E41: Justification
A42: Availability
A43: Deployability
A44: Integrability
A45: Energy Efficiency
A46: Modifiability
A47: Performance
A48: Safety
A49: Security
A50: Testability
A51: Usability
A53: Hierarchical | B53: Main-subroutine | D53: Master-Slave
B54: Effects | C54: Justification | D54: Effects | E54: Justification
A55: Availability
A56: Deployability
A57: Integrability
A58: Energy Efficiency
A59: Modifiability
A60: Performance
A61: Safety
A62: Security
A63: Testability
A64: Usability
A66: Hierarchical | B66: Layered | D66: Virtual Machine | F66: Microkernel
B67: Effects | C67: Justification | D67: Effects | E67: Justification | F67: Effects | G67: Justification
A68: Availability
A69: Deployability
A70: Integrability
A71: Energy Efficiency
A72: Modifiability
A73: Performance
A74: Safety
A75: Security
A76: Testability
A77: Usability
A79: Distributed | B79: Multi-tier | D79: Client-Server | F79: Broker
B80: Effects | C80: Justification | D80: Effects | E80: Justification | F80: Effects | G80: Justification
A81: Availability
A82: Deployability
A83: Integrability
A84: Energy Efficiency
A85: Modifiability
A86: Performance
A87: Safety
A88: Security
A89: Testability
A90: Usability
A92: Distributed | B92: Dispatcher | D92: Microservice
B93: Effects | C93: Justification | D93: Effects | E93: Justification
A94: Availability
A95: Deployability
A96: Integrability
A97: Energy Efficiency
A98: Modifiability
A99: Performance
A100: Safety
A101: Security
A102: Testability
A103: Usability
A105: Deployment | B105: Container-based | D105: Cloud-based | F105: Edge-based
B106: Effects | C106: Justification | D106: Effects | E106: Justification | F106: Effects | G106: Justification
A107: Availability
A108: Deployability
...

Sheet AI#1_GPT
A1: Data Flow | B1: Batch Sequential | D1: Pipe and Filter | F1: Process Control
B2: Effects | C2: Justification | D2: Effects | E2: Justification | F2: Effects | G2: Justification
A3: Availability | B3: - | C3: 한 단계가 실패하면 뒤 단계가 모두 대기하고, 긴 배치를 처음 또는 체크포인트부터 재처리해야 할 수 있다. | D3: 0 | E3: 필터를 독립적으로 재시작할 수 있지만 한 필터가 중단되면 전체 파이프라인 흐름도 멈출 수 있다. | F3: + | G3: 피드백 루프가 상태 변화를 감지해 보정할 수 있어 일부 환경 변화나 구성요소 편차에 대응하기 쉽다.
A4: Deployability | B4: 0 | C4: 구조는 단순하지만 단계 간 데이터 형식과 실행 순서 의존성이 있어 배포 측면의 뚜렷한 이점은 제한적이다. | D4: + | E4: 인터페이스가 안정적이면 필터를 독립적으로 교체·배포하기 쉬운 편이다. | F4: - | G4: 제어기·센서·액추에이터가 함께 튜닝되어야 하므로 개별 구성요소를 독립 배포하기 어렵다.
A5: Integrability | B5: 0 | C5: 파일·레코드 같은 단순한 교환 방식은 연결이 쉽지만, 단계들이 동일 데이터 형식에 의존하기 쉽다. | D5: ++ | E5: 필터가 표준화된 입력·출력 스트림으로 연결되어 새로운 처리 단계를 조합하기 쉽다. | F5: - | G5: 실시간 센서/액추에이터 프로토콜과 제어 주기 제약 때문에 일반 시스템과의 통합 비용이 커질 수 있다.
A6: Energy Efficiency | B6: ++ | C6: 요청을 모아 일괄 처리하므로 초기화·통신 오버헤드를 여러 작업에 분산시킬 수 있다. | D6: 0 | E6: 스트리밍은 불필요한 전체 적재를 줄이지만 필터 간 전달·직렬화 오버헤드도 발생한다. | F6: 0 | G6: 지속 측정·제어는 자원을 쓰지만 제어 자체가 물리 시스템의 낭비를 줄일 수도 있어 영향이 상쇄된다.
A7: Modifiability | B7: 0 | C7: 단계 자체는 분리할 수 있으나 중간 데이터 형식이나 순서 변경이 후속 단계에 연쇄 영향을 줄 수 있다. | D7: ++ | E7: 처리 기능이 독립 필터로 분리되어 특정 변환을 추가·삭제·교체하기 쉽다. | F7: - | G7: 제어 로직 변경 시 안정성·응답 특성을 다시 튜닝하고 전체 루프를 재검증해야 할 가능성이 높다.
A8: Performance | B8: - | C8: 단계가 순차적으로 실행되고 중간 결과 I/O가 발생해 병렬·스트리밍 처리보다 지연이 커지기 쉽다. | D8: + | E8: 필터들을 파이프라인으로 병렬 실행할 수 있어 처리량을 높일 수 있으나 전달 오버헤드는 존재한다. | F8: ++ | G8: 짧은 제어 주기와 즉각적인 피드백을 목표로 하므로 실시간 응답 성능에 매우 유리하다.
A9: Safety | B9: + | C9: 처리 순서와 상태 전이가 비교적 결정적이어서 검증·감사 및 오류 지점 추적이 쉽다. | D9: + | E9: 변환 책임과 데이터 흐름이 명확해 잘못된 처리 단계의 범위를 제한하고 검증하기 쉽다. | F9: ++ | G9: 피드백, 제한값, 인터록을 통해 위험 상태를 감지하고 즉시 보정·차단하도록 설계하기 좋다.
A10: Security | B10: 0 | C10: 구조 자체의 보안 이점은 크지 않으며, 중간 파일을 사용하면 별도의 접근통제가 필요하다. | D10: 0 | E10: 필터 경계에 통제를 넣을 수 있지만 연결 지점이 늘어나므로 구조만으로 보안이 향상되지는 않는다. | F10: - | G10: 센서와 액추에이터 접점이 공격받으면 실제 제어 결과에 직접 영향을 주므로 공격면이 중요해진다.
A11: Testability | B11: + | C11: 각 단계에 고정 입력을 주고 결과를 비교하기 쉬워 재현 가능한 테스트에 유리하다. | D11: ++ | E11: 각 필터를 독립 입력·출력으로 단위 테스트하고 전체 파이프라인도 단계별 검증하기 쉽다. | F11: - | G11: 실시간 타이밍과 물리 환경을 함께 재현해야 해서 시뮬레이터·HIL 없이 테스트하기 어렵다.
A12: Usability | B12: - | C12: 처리가 완료될 때까지 결과 피드백이 늦어 대화형·즉시 반응이 필요한 사용자 경험에는 불리하다. | D12: 0 | E12: 주로 내부 데이터 처리 구조이므로 최종 사용자 인터랙션에 미치는 직접 영향은 제한적이다. | F12: + | G12: 자동 제어가 정상 범위를 유지해 운영자의 지속적인 수동 개입을 줄일 수 있다.
A14: Data Centered | B14: Shared Respository | D14: Blackboard
B15: Effects | C15: Justification | D15: Effects | E15: Justification
A16: Availability | B16: -- | C16: 공유 저장소가 장애 나면 여러 구성요소가 동시에 영향을 받는 단일 장애점이 되기 쉽다. | D16: - | E16: 중앙 블랙보드가 중단되면 지식 소스 간 협업 자체가 멈추기 쉬워 핵심 장애점이 된다.
A17: Deployability | B17: - | C17: 여러 구성요소가 공통 스키마와 저장소 버전에 의존해 독립 배포가 제한될 수 있다. | D17: 0 | E17: 지식 소스는 추가하기 쉽지만 공통 블랙보드 표현과 제어 규칙에 대한 호환성이 필요하다.
A18: Integrability | B18: ++ | C18: 모든 구성요소가 공통 데이터 저장소와 모델을 사용하므로 데이터 공유와 연계가 매우 쉽다. | D18: + | E18: 서로 다른 알고리즘·전문 모듈이 공통 블랙보드에 결과를 기록하는 방식으로 협업할 수 있다.
A19: Energy Efficiency | B19: + | C19: 중복 데이터 복제와 여러 저장소 운영을 줄여 자원 사용을 집중시킬 수 있다. | D19: - | E19: 여러 지식 소스가 상태를 반복 관찰·추론하고 후보 해를 갱신하므로 계산 자원 소비가 커질 수 있다.
A20: Modifiability | B20: - | C20: 공유 스키마 변경이 많은 소비자에게 동시에 영향을 주어 변경 파급 범위가 커질 수 있다. | D20: + | E20: 새 지식 소스를 추가하거나 기존 추론 모듈을 교체하기 비교적 쉽다.
A21: Performance | B21: 0 | C21: 중앙 최적화·캐시의 이점이 있지만 동시 접근이 몰리면 저장소가 병목이 될 수 있다. | D21: - | E21: 공유 상태 접근, 후보 평가, 스케줄링 등 협업 오버헤드 때문에 단순 직접 호출보다 느릴 수 있다.
A22: Safety | B22: + | C22: 단일 기준 데이터(source of truth)를 유지하기 쉬워 불일치 상태를 줄이는 데 유리하다. | D22: 0 | E22: 여러 지식 소스의 상호 검증은 도움이 되지만 비결정적 추론·우선순위 충돌은 안전 검증을 어렵게 한다.
A23: Security | B23: 0 | C23: 접근통제를 중앙화하기 쉽지만 침해 시 영향 범위도 커서 장점과 위험이 함께 존재한다. | D23: - | E23: 많은 모듈이 공용 블랙보드를 읽고 쓰므로 권한 통제와 데이터 오염 방지가 복잡해진다.
A24: Testability | B24: 0 | C24: 테스트 데이터 준비는 쉽지만 여러 컴포넌트가 공유 상태를 사용하면 테스트 격리가 어려울 수 있다. | D24: - | E24: 여러 지식 소스의 실행 순서와 공유 상태에 따라 결과가 달라질 수 있어 재현 테스트가 어렵다.
A25: Usability | B25: 0 | C25: 데이터 중심 내부 구조이므로 사용자 인터페이스 품질에 직접 주는 영향은 제한적이다. | D25: 0 | E25: 문제 해결 방식의 내부 구조라 최종 사용자 경험에 직접적인 영향은 크지 않다.
A27: Implicit Invocation | B27: Non-Buffered Event Based | D27: Buffered Message Based
B28: Effects | C28: Justification | D28: Effects | E28: Justification
A29: Availability | B29: - | C29: 구독자가 잠시 중단된 동안 발생한 이벤트가 보존되지 않으면 정보 손실과 기능 누락이 생길 수 있다. | D29: ++ | E29: 메시지를 큐에 보존해 소비자가 일시 중단되어도 복구 후 처리를 계속할 수 있다.
A30: Deployability | B30: + | C30: 발행자와 구독자가 서로의 구현을 직접 알 필요가 없어 컴포넌트를 비교적 독립적으로 배포할 수 있다. | D30: ++ | E30: 생산자와 소비자가 시간적으로 분리되어 한쪽을 중단·교체해도 다른 쪽의 배포를 계속할 수 있다.
A31: Integrability | B31: ++ | C31: 이벤트 계약만 맞으면 새로운 구독자를 기존 발행자 수정 없이 쉽게 연결할 수 있다. | D31: ++ | E31: 표준 메시지 계약을 통해 서로 다른 기술·언어의 시스템을 느슨하게 연결하기 좋다.
A32: Energy Efficiency | B32: + | C32: 메시지 저장·영속화 과정이 없어 버퍼드 방식보다 저장장치와 브로커 자원 오버헤드가 작다. | D32: - | E32: 브로커, 메시지 영속화, 복제, 직렬화가 추가되어 직접 호출보다 자원 사용이 늘어난다.
A33: Modifiability | B33: ++ | C33: 새 이벤트 소비자를 추가하거나 기존 소비자를 교체해도 발행자 변경이 거의 필요 없다. | D33: ++ | E33: 새 소비자를 추가하거나 처리 로직을 변경해도 생산자와 강하게 결합되지 않는다.
A34: Performance | B34: ++ | C34: 영속 큐를 거치지 않고 이벤트를 바로 전달할 수 있어 낮은 지연시간에 유리하다. | D34: + | E34: 버스트를 큐로 흡수하고 비동기 병렬 처리가 가능하지만 큐잉·영속화 지연은 추가된다.
A35: Safety | B35: - | C35: 이벤트 유실·순서 변화·중복 처리에 대한 보장이 약하면 중요 상태 전이가 누락될 위험이 있다. | D35: + | E35: 내구성 있는 메시지와 재시도·재처리를 통해 중요 이벤트 손실을 줄일 수 있다.
A36: Security | B36: - | C36: 여러 이벤트 발행·구독 지점이 생기므로 인증·권한·이벤트 위변조 통제를 일관되게 적용해야 한다. | D36: 0 | E36: 브로커에서 인증·권한을 집중할 수 있지만 메시지 저장소와 브로커 자체가 추가 공격면이 된다.
A37: Testability | B37: - | C37: 비동기 타이밍과 이벤트 순서가 결과에 영향을 줘 재현 가능한 테스트 작성이 어려워질 수 있다. | D37: + | E37: 메시지를 기록·재생해 시나리오를 반복할 수 있어 비동기 시스템 중에서는 테스트가 비교적 용이하다.
A38: Usability | B38: + | C38: 사용자 입력이나 상태 변화에 즉시 반응하는 UI·알림 구현에 잘 맞는다. | D38: + | E38: 긴 처리를 비동기로 넘겨 화면 응답성을 유지하고 완료 알림을 제공하기 좋다.
A40: Interaction-Oriented | B40: MVC | D40: PAC
B41: Effects | C41: Justification | D41: Effects | E41: Justification
A42: Availability | B42: 0 | C42: Model·View·Controller 분리는 장애 복구 자체를 제공하지 않아 가용성에 직접적인 영향은 작다. | D42: + | E42: 에이전트가 계층적으로 분리되어 일부 에이전트 문제를 국소화할 수 있지만 상위 조정자 장애 영향은 남는다.
A43: Deployability | B43: 0 | C43: 관심사 분리는 도움이 되지만 일반적으로 하나의 애플리케이션 단위로 함께 배포되는 경우가 많다. | D43: + | E43: Presentation·Abstraction·Control을 가진 에이전트 단위로 기능을 비교적 독립적으로 확장할 수 있다.
A44: Integrability | B44: + | C44: Controller와 Model의 책임이 명확해 외부 입력·서비스 연계를 특정 지점에 모으기 쉽다. | D44: + | E44: 에이전트 간 Control을 통한 명확한 상호작용으로 복잡한 UI 구성요소를 결합하기 좋다.
A45: Energy Efficiency | B45: 0 | C45: 추가 계층의 호출 비용은 작고 에너지 효율을 좌우할 정도의 구조적 효과는 보통 크지 않다. | D45: - | E45: 다수 에이전트와 Control 간 조정 메시지가 늘어 단순 UI 구조보다 런타임 오버헤드가 크다.
A46: Modifiability | B46: ++ | C46: 화면, 입력 처리, 도메인 상태를 분리해 한 영역의 변경이 다른 영역에 미치는 영향을 줄인다. | D46: ++ | E46: 기능별 에이전트 내부에 표현·상태·제어를 캡슐화해 국소 변경에 유리하다.
A47: Performance | B47: 0 | C47: 약간의 간접 호출은 생기지만 일반적인 애플리케이션에서 성능 영향은 제한적이다. | D47: - | E47: 계층적인 에이전트 협력과 Control 간 통신으로 직접 연결보다 응답 경로가 길어진다.
A48: Safety | B48: + | C48: 입력 검증·상태 변경 책임을 분리해 잘못된 UI 입력이 직접 도메인 상태를 훼손하는 것을 줄이기 쉽다. | D48: + | E48: 기능별 상태와 제어가 캡슐화되어 한 UI 기능의 오류가 다른 기능으로 퍼지는 것을 제한하기 쉽다.
A49: Security | B49: + | C49: Controller 같은 명확한 진입점에 인증·입력 검증·권한 검사를 집중하기 좋다. | D49: 0 | E49: 에이전트 경계에 권한을 둘 수 있지만 구성요소와 통신 경로가 많아져 보안 복잡성도 증가한다.
A50: Testability | B50: ++ | C50: Model과 Controller를 View와 분리해 단위 테스트와 Mock 기반 테스트가 쉽다. | D50: + | E50: 에이전트 단위 테스트는 쉽지만 상·하위 Control의 상호작용 테스트는 추가로 필요하다.
A51: Usability | B51: ++ | C51: View를 도메인 로직과 독립적으로 변경할 수 있어 UI 개선과 다양한 표현 방식 지원에 매우 유리하다. | D51: ++ | E51: 복잡하고 여러 대화 흐름을 가진 인터랙티브 시스템을 기능별로 구조화하는 데 매우 유리하다.
A53: Hierarchical | B53: Main-subroutine | D53: Master-Slave
B54: Effects | C54: Justification | D54: Effects | E54: Justification
A55: Availability | B55: - | C55: 중앙 main과 직접 호출 체인에 의존하므로 핵심 함수 장애가 전체 프로그램 중단으로 이어지기 쉽다. | D55: + | E55: 일부 worker(slave)가 실패해도 다른 worker로 작업을 재분배할 수 있지만 master 장애점은 남는다.
A56: Deployability | B56: -- | C56: 보통 하나의 실행 단위로 강하게 결합되어 작은 변경도 전체 프로그램 재배포가 필요한 경우가 많다. | D56: + | E56: worker를 개별 추가·교체·확장할 수 있어 계산 노드의 점진적 배포가 가능하다.
A57: Integrability | B57: - | C57: 직접 함수 호출과 공유 자료구조에 의존하기 쉬워 외부 시스템을 느슨하게 연결하기 어렵다. | D57: 0 | E57: master-worker 프로토콜은 명확하지만 일반 외부 시스템 통합을 특별히 쉽게 하지는 않는다.
A58: Energy Efficiency | B58: ++ | C58: 직접 호출 중심이라 메시징·직렬화·네트워크 같은 추가 런타임 오버헤드가 매우 작다. | D58: - | E58: 여러 worker를 유지하고 작업 분배·동기화해야 하므로 유휴 자원과 통신 비용이 생길 수 있다.
A59: Modifiability | B59: - | C59: 상위 호출 구조와 하위 함수 간 의존성이 커지면 변경이 호출 계층 전체로 전파되기 쉽다. | D59: + | E59: 동일 계약을 지키면 worker 구현이나 개수를 바꾸기 쉬운 편이다.
A60: Performance | B60: ++ | C60: 프로세스 내부 직접 함수 호출로 실행 경로가 짧고 통신 오버헤드가 거의 없다. | D60: ++ | E60: 독립 작업을 여러 worker에 병렬 분산하여 처리량과 계산 성능을 크게 높일 수 있다.
A61: Safety | B61: + | C61: 제어 흐름이 명시적이고 비교적 결정적이어서 실행 경로 분석과 검증이 쉽다. | D61: + | E61: master가 작업 할당과 결과 취합·검증을 중앙에서 통제해 잘못된 worker 결과를 감지하기 쉽다.
A62: Security | B62: 0 | C62: 외부 경계가 적다는 장점은 있지만 내부 함수 간 권한 분리는 약해 구조 자체 효과는 중립적이다. | D62: - | E62: 분산 worker와 master 사이의 통신·노드 인증이 추가되어 공격면과 키 관리 복잡성이 증가한다.
A63: Testability | B63: + | C63: 잘 분리된 서브루틴은 독립 테스트가 쉽지만 전역 상태가 많아지면 장점이 줄어든다. | D63: + | E63: worker 로직은 독립 테스트하기 쉽지만 분산 스케줄링·장애 시나리오 검증은 추가로 필요하다.
A64: Usability | B64: 0 | C64: 프로그램 내부 제어 구조이므로 사용자 인터페이스 품질에 직접적인 영향은 거의 없다. | D64: 0 | E64: 주로 계산 분산 구조이므로 사용자 경험에 직접적인 영향은 제한적이다.
A66: Hierarchical | B66: Layered | D66: Virtual Machine | F66: Microkernel
B67: Effects | C67: Justification | D67: Effects | E67: Justification | F67: Effects | G67: Justification
A68: Availability | B68: 0 | C68: 계층 분리는 장애 위치를 구분하는 데 도움을 주지만 하위 계층 장애가 상위 계층에 전파될 수 있다. | D68: + | E68: 게스트별 격리와 스냅샷·재시작은 복구에 유리하지만 호스트/하이퍼바이저 장애 영향은 남는다. | F68: ++ | G68: 핵심 기능만 커널에 두고 나머지 서비스를 분리해 개별 서비스 장애를 재시작·격리하기 쉽다.
A69: Deployability | B69: + | C69: 계층 경계와 인터페이스가 안정적이면 특정 계층을 독립적으로 교체·업데이트하기 쉬워진다. | D69: ++ | E69: 애플리케이션과 실행 환경을 VM 이미지로 함께 패키징해 환경 차이를 줄이고 이동·배포하기 쉽다. | F69: ++ | G69: 서버 기능을 독립 프로세스로 추가·교체할 수 있어 핵심을 건드리지 않고 확장하기 좋다.
A70: Integrability | B70: + | C70: 명확한 계층 인터페이스를 통해 외부 기능을 특정 계층에 연결하고 의존 방향을 제한할 수 있다. | D70: + | E70: 표준화된 가상 하드웨어와 네트워크 환경이 서로 다른 플랫폼 간 실행 환경 통합을 돕는다. | F70: + | G70: 명확한 IPC 계약을 통해 새로운 서비스나 드라이버를 연결하기 쉬운 편이다.
A71: Energy Efficiency | B71: - | C71: 여러 계층을 통과하는 호출·데이터 변환이 추가되어 직접 구현보다 오버헤드가 증가한다. | D71: -- | E71: 게스트 OS가 중복되고 가상화 계층이 추가되어 컨테이너나 네이티브보다 메모리·CPU 자원 소비가 크다. | F71: - | G71: 서비스 간 IPC와 컨텍스트 스위칭이 빈번해 단일 커널 구조보다 추가 자원 비용이 발생한다.
A72: Modifiability | B72: ++ | C72: 변경을 해당 책임 계층에 국소화할 수 있어 다른 부분에 대한 파급을 크게 줄인다. | D72: + | E72: OS·미들웨어 의존성을 VM 내부에 캡슐화해 호스트 환경 변경의 영향을 줄일 수 있다. | F72: ++ | G72: 최소 커널을 유지하면서 주변 서비스만 변경할 수 있어 변경 파급 범위가 매우 작다.
A73: Performance | B73: - | C73: 요청이 여러 계층을 거치며 간접 호출·변환이 누적되어 지연이 늘어날 수 있다. | D73: - | E73: 하드웨어 가상화 오버헤드와 추가 I/O 경로로 네이티브보다 성능 손실이 발생할 수 있다. | F73: -- | G73: 시스템 호출이 여러 IPC·컨텍스트 전환을 거칠 수 있어 모놀리식 구조보다 지연이 커지기 쉽다.
A74: Safety | B74: + | C74: 입력 검증, 업무 규칙, 데이터 접근을 계층별로 분리해 잘못된 접근 경로를 통제하기 좋다. | D74: ++ | E74: 게스트 간 강한 격리를 통해 한 실행환경의 오류가 다른 환경으로 전파되는 것을 제한한다. | F74: ++ | G74: 서비스를 사용자 공간에 격리해 드라이버·서비스 오류가 시스템 전체를 손상시키는 위험을 줄인다.
A75: Security | B75: ++ | C75: 계층별 검증·인가를 겹쳐 적용하는 defense-in-depth 구조를 만들기 좋다. | D75: + | E75: VM 경계가 강한 격리를 제공하지만 하이퍼바이저 취약점은 공통 위험이 된다. | F75: ++ | G75: 작은 trusted computing base와 최소 권한의 서비스 분리가 공격 표면과 침해 범위를 줄인다.
A76: Testability | B76: ++ | C76: 각 계층을 Mock으로 격리해 단위 테스트하고 계층 간 계약을 별도로 검증하기 쉽다. | D76: ++ | E76: 동일한 VM 이미지를 반복 생성해 재현 가능한 테스트 환경과 스냅샷 기반 복구를 제공하기 쉽다. | F76: + | G76: 개별 서비스는 격리 테스트하기 쉽지만 IPC와 전체 시스템 통합 테스트는 여전히 필요하다.
A77: Usability | B77: + | C77: Presentation 계층을 업무 로직과 분리하면 UI 변경과 다양한 클라이언트 지원이 쉬워진다. | D77: 0 | E77: 실행환경 일관성은 운영자에게 유용하지만 최종 사용자 UX에는 직접 영향이 크지 않다. | F77: 0 | G77: OS 내부 구조의 장점이 주로 운영·안정성에 나타나며 최종 사용자 인터페이스에는 간접적이다.
A79: Distributed | B79: Multi-tier | D79: Client-Server
B80: Effects | C80: Justification | D80: Effects | E80: Justification | G80: 품질 속성 (Quality Attribute) | H80: Client-Server | I80: Multi-tier | J80: 효과 발생 근거 및 원인 (Justification)
A81: Availability | B81: + | C81: 각 tier를 복제·스케일아웃해 장애를 우회할 수 있지만 tier 간 의존성 때문에 완전한 격리는 어렵다. | D81: - | E81: 중앙 서버가 중단되면 많은 클라이언트가 동시에 서비스를 잃는 장애점이 되기 쉽다. | G81: Availability (가용성) | H81: - | I81: 0 | J81: • Client-Server: 서버가 단일 실패점(Single Point of Failure, SPOF)이 될 수 있어 서버 장애 시 전체 시스템 중단 위험이 큼. • Multi-tier: 계층 증가로 관리 요소는 늘어나지만, Middle tier의 분산 및 이중화 구성을 통해 가용성 위험을 보완 가능함.
A82: Deployability | B82: + | C82: Presentation·Business·Data tier를 별도 배포할 수 있으나 버전 호환과 순서 조정이 필요할 수 있다. | D82: 0 | E82: 클라이언트와 서버를 따로 배포할 수 있지만 API 호환성과 클라이언트 버전 관리가 필요하다. | G82: Deployability (배포성) | H82: =+ -> #ERROR! | I82: =+ -> #ERROR! | J82: • Client-Server: UI 표현과 Business Logic 처리가 분리되어 클라이언트와 서버를 각각 독립적으로 배포 가능함. • Multi-tier: Business Logic이 포함된 Middle tier 중심으로 독립적 배포 및 스케일링이 수월함.
A83: Integrability | B83: + | C83: tier 간 명확한 네트워크 인터페이스를 통해 외부 시스템 연결 지점을 분리하기 좋다. | D83: + | E83: 서버가 명확한 API를 제공하면 다양한 클라이언트와 외부 시스템을 동일 인터페이스로 연결하기 쉽다. | G83: Integrability (통합성) | H83: =+ -> #ERROR! | I83: =+ -> #ERROR! | J83: • Client-Server: 클라이언트와 서버 간의 역할 분담 및 표준화된 요청-응답 구조로 연동이 용이함. • Multi-tier: Presentation, Application, Data 계층이 명확히 분리되어 외부 서비스 및 DB 통합이 매우 용이함.
A84: Energy Efficiency | B84: - | C84: 여러 서버 계층과 네트워크 홉을 유지하므로 단일 프로세스 구조보다 자원 소비가 증가한다. | D84: 0 | E84: 서버에 자원을 집중할 수 있지만 네트워크 통신과 상시 서버 운영 비용이 발생한다. | G84: Energy Efficiency (에너지 효율) | H84: =+ -> #ERROR! | I84: - | J84: • Client-Server: 고성능 서버 중심의 자원 집중 활용으로 불필요한 네트워크/프로세스 오버헤드가 적어 비교적 효율적임. • Multi-tier: 계층 간 통신 오버헤드 및 Middle tier의 멀티스레딩 유지 자원 소모가 발생함.
A85: Modifiability | B85: + | C85: 책임을 tier별로 나눠 UI·업무·데이터 변경을 어느 정도 독립적으로 수행할 수 있다. | D85: + | E85: 서버 로직과 클라이언트 UI를 분리해 한쪽 변경을 독립적으로 수행할 여지가 있다. | G85: Modifiability (변경 용이성) | H85: =+ -> #ERROR! | I85: =++ -> #ERROR! | J85: • Client-Server: UI와 Business Logic이 분리되어 있어 관련 모듈 수정이 용이함. • Multi-tier: 비즈니스 요구사항 변경 시 다른 계층에 영향을 주지 않고 Middle tier만 수정하면 되므로 변경 용이성이 극대화됨.
A86: Performance | B86: 0 | C86: 네트워크 지연은 늘지만 각 tier를 독립 확장해 병목을 완화할 수 있어 효과가 상쇄된다. | D86: 0 | E86: 중앙 서버 최적화의 장점이 있지만 네트워크 지연과 서버 병목이 동시에 존재한다. | G86: Performance (성능/처리량) | H86: - | I86: =+ -> #ERROR! | J86: • Client-Server: 클라이언트 접속 폭주 시 단일 서버가 성능 병목(Bottleneck) 지점이 됨. • Multi-tier: Middle tier가 Multithreading을 지원하여 동시성(Concurrency)과 전체 처리량을 향상시킴.
A87: Safety | B87: + | C87: 업무 규칙과 데이터 접근을 별도 tier로 통제해 잘못된 요청이 핵심 데이터에 직접 닿지 않게 할 수 있다. | D87: + | E87: 중요한 업무 규칙과 데이터 검증을 서버에서 일관되게 강제할 수 있다. | G87: Safety (안전성) | H87: 0 | I87: =+ -> #ERROR! | J87: • Client-Server: 단일 서버 구조로 인해 오류 발생 시 서버 전체 프로세스가 영향을 받아 오염될 수 있음. • Multi-tier: Presentation, Application, Data 계층 격리로 데이터 손상 및 시스템 파급 효과를 예방함.
A88: Security | B88: ++ | C88: DMZ·애플리케이션·DB 등 네트워크 구역을 나누고 tier별로 방어 정책을 적용하기 좋다. | D88: + | E88: 인증·인가를 서버에 중앙화하기 쉽지만 서버 자체가 중요한 공격 대상이 된다. | G88: Security (보안성) | H88: - | I88: =++ -> #ERROR! | J88: • Client-Server: 클라이언트와 서버 간 직접 통신으로 인해 데이터 검증 및 보안 정책 적용이 복잡함. • Multi-tier: 계층 분리를 통해 민감한 비즈니스 로직과 데이터베이스를 최종 사용자의 직접 접근으로부터 완벽히 보호함.
A89: Testability | B89: + | C89: tier별 테스트와 Mock이 가능하지만 네트워크·데이터베이스를 포함한 통합 테스트가 필요하다. | D89: + | E89: 클라이언트와 서버를 Mock으로 분리 테스트하고 API 계약을 독립 검증하기 쉽다. | G89: Testability (테스트 용이성) | H89: - | I89: - | J89: • Client-Server: 네트워크 및 분산 환경 특성상 단위 테스트 및 시뮬레이션 환경 구축이 제한됨. • Multi-tier: 다계층 구조의 복잡성과 전용 테스트 도구의 부족으로 인해 테스트 작성 및 수행이 다소 어려움.
A90: Usability | B90: + | C90: Presentation tier를 별도로 발전시킬 수 있어 UI 개선과 다양한 클라이언트 지원에 유리하다. | D90: + | E90: 복잡한 로직을 서버에 두고 클라이언트를 단순화해 일관된 사용자 경험을 제공하기 쉽다. | G90: Usability (사용성) | H90: =+ -> #ERROR! | I90: =+ -> #ERROR! | J90: • Client-Server: 역할 분리를 통해 클라이언트 단에서 풍부한 UI/UX 구현이 가능함. • Multi-tier: 비즈니스 처리와 화면 처리가 계층별로 독립되어 있어 사용자 인터페이스 반응성을 향상시킴.
A92: Distributed | B92: Broker | D92: Dispatcher
B93: Effects | C93: Justification | D93: Effects | E93: Justification
A94: Availability | B94: + | C94: 서비스 위치가 바뀌거나 일부 제공자가 실패해도 broker가 다른 제공자로 연결할 수 있지만 broker 자체 장애 위험은 있다. | D94: + | E94: 요청을 여러 처리기로 재분배해 일부 handler 장애를 우회할 수 있지만 dispatcher 장애점은 남는다.
A95: Deployability | B95: ++ | C95: 서비스 소비자가 실제 제공자의 위치·구현을 몰라도 되어 제공자를 독립 배포·이동하기 쉽다. | D95: + | E95: 새 handler를 등록하거나 기존 handler를 교체할 수 있어 처리 기능을 점진적으로 배포하기 쉽다.
A96: Integrability | B96: ++ | C96: broker가 서비스 탐색·호출 형식을 중재해 이기종 시스템을 느슨하게 연결하는 데 매우 유리하다. | D96: + | E96: 공통 dispatch 계약을 통해 다양한 handler를 하나의 진입점 뒤에 연결할 수 있다.
A97: Energy Efficiency | B97: - | C97: 모든 요청이 중개 계층과 직렬화 과정을 추가로 거치므로 직접 호출보다 자원 소비가 늘어난다. | D97: 0 | E97: 라우팅 오버헤드는 있지만 broker보다 단순한 경우가 많아 전체 에너지 영향은 대체로 작다.
A98: Modifiability | B98: ++ | C98: 서비스 제공자나 위치를 변경해도 소비자 코드 변경을 최소화할 수 있다. | D98: + | E98: 라우팅 규칙과 handler 구현을 분리해 기능 추가·교체 시 핵심 호출자를 크게 바꾸지 않아도 된다.
A99: Performance | B99: - | C99: 요청이 broker를 한 번 더 거치면서 네트워크 홉과 중개 처리 지연이 추가된다. | D99: + | E99: 요청을 여러 handler에 분산해 병렬 처리와 부하 분산이 가능하며 라우팅 비용은 비교적 작다.
A100: Safety | B100: + | C100: 중개 지점에서 라우팅, 재시도, 정책 검증을 일관되게 적용해 오류 전파를 줄일 수 있다. | D100: + | E100: 중앙 dispatch 지점에서 요청 유효성·대상 선택을 통제해 잘못된 호출을 줄일 수 있다.
A101: Security | B101: + | C101: broker에 인증·접근 정책을 집중할 수 있지만 해당 지점이 고가치 공격 대상이 되는 점은 남는다. | D101: + | E101: 단일 진입점에 인증·권한·라우팅 제한을 적용하기 쉬우나 dispatcher 보호가 중요해진다.
A102: Testability | B102: + | C102: 서비스 제공자나 broker를 Mock으로 대체해 계약 테스트가 가능하지만 분산 상호작용 테스트는 필요하다. | D102: + | E102: 라우팅 규칙과 handler를 각각 독립 테스트하기 쉽고 가짜 handler로 시나리오를 구성할 수 있다.
A103: Usability | B103: 0 | C103: 서비스 위치 투명성은 내부 복잡성을 줄이지만 최종 사용자 UI 품질에 직접 영향은 제한적이다. | D103: 0 | E103: 주로 내부 요청 분배 구조이므로 최종 사용자 경험에 미치는 직접 영향은 크지 않다.
A105: Distributed | B105: SOA | D105: Mico-Service
B106: Effects | C106: Justification | D106: Effects | E106: Justification
A107: Availability | B107: + | C107: 서비스를 분리·복제해 일부 장애를 격리할 수 있지만 원격 호출과 오케스트레이션 의존성은 추가된다. | D107: ++ | E107: 서비스별 장애 격리와 독립 복제·스케일링이 가능해 적절한 회복탄력성 설계 시 높은 가용성을 만들기 좋다.
A108: Deployability | B108: + | C108: 서비스 단위 배포가 가능하지만 공유 계약·ESB·거버넌스 때문에 완전한 독립 배포는 제한될 수 있다. | D108: ++ | E108: 각 서비스를 독립 빌드·배포·롤백할 수 있어 작은 변경을 빠르게 배포하기 매우 유리하다.
...

Sheet AI#2_Gemini
A1: Data Flow | B1: Batch Sequential | D1: Pipe and Filter | F1: Process Control
B2: Effects | C2: Justification | D2: Effects | E2: Justification | F2: Effects | G2: Justification
A3: Availability | B3: 0 | C3: 한 단계가 실패하면 전체 배치가 중단될 수 있으나, 실패 지점부터 재시작이 가능하므로 중립적임. | D3: 0 | E3: 필터 하나가 고장나면 파이프라인이 멈추지만, 상태를 유지하지 않아 재시작 및 복구가 비교적 단순함. | F3: + | G3: 시스템의 상태를 지속적으로 모니터링하고 목표 상태로 복구하려는 제어 루프 특성상 가용성 확보에 유리함.
A4: Deployability | B4: + | C4: 각 배치 단계가 독립적인 실행 파일(프로그램)로 구성되어 개별 배포가 용이함. | D4: + | E4: 각 필터가 독립적인 컴포넌트이며 표준 I/O로 통신하므로 개별 배포 및 교체가 쉬움. | F4: - | G4: 하드웨어 센서 및 액추에이터와 강하게 결합되어 있어 소프트웨어 단독 배포나 환경 변경이 까다로움.
A5: Integrability | B5: + | C5: 공통 데이터 포맷(주로 파일)만 맞추면 새로운 배치 단계를 시퀀스의 앞뒤에 쉽게 추가할 수 있음. | D5: ++ | E5: 파이프라는 표준화된 인터페이스를 사용하므로, 새로운 필터를 기존 파이프라인에 조립하고 연결하기 매우 쉬움. | F5: - | G5: 물리적 센서의 종류나 데이터 형태가 다양하고 실시간 제약이 있어 새로운 하드웨어/모듈 통합이 어려움.
A6: Energy Efficiency | B6: 0 | C6: 아키텍처 자체보다는 처리할 데이터의 양과 배치 주기(스케줄링)에 따라 달라지므로 직접적 영향 없음. | D6: 0 | E6: 데이터 스트리밍 처리 방식 자체는 에너지 효율과 직접적인 연관성이 적음. | F6: + | G6: 목표 상태를 유지하기 위해 필요한 시점에만 액추에이터를 가동하도록 최적화하여 자원 및 에너지를 효율적으로 씀.
A7: Modifiability | B7: + | C7: 각 단계가 독립적이므로, 특정 단계의 로직을 수정해도 입출력 포맷만 같으면 다른 단계에 영향을 주지 않음. | D7: ++ | E7: 필터 간 결합도가 매우 낮아 특정 필터의 내부 로직 변경, 삭제, 순서 변경이 시스템 전체에 영향을 주지 않음. | F7: - | G7: 제어 변수나 알고리즘을 변경할 경우 제어 루프 전체의 타이밍과 물리적 피드백 시스템을 재설계해야 하므로 어려움.
A8: Performance | B8: -- | C8: 한 단계가 완전히 끝나야 다음 단계가 시작(지연 시간 김)되며, 대규모 파일 I/O가 발생하여 병렬 처리가 불가함. | D8: + | E8: 여러 필터가 파이프를 통해 데이터를 주고받으며 동시에(병렬로) 실행될 수 있어 전체적인 Throughput(처리량)이 높음. | F8: 0 | G8: 실시간 처리에는 적합하나, 대규모 데이터 처리나 연산 성능 관점보다는 '정시성(Deadline)'에 초점이 맞춰져 있음.
A9: Safety | B9: 0 | C9: 데이터 처리 중심이므로 인명이나 시스템 파괴와 직결되는 물리적 안전성(Safety)과는 거리가 있음. | D9: 0 | E9: 물리적 안전을 보장하기 위한 아키텍처가 아님. | F9: ++ | G9: 센서를 통해 이상 상태를 감지하고 즉시 안전 상태로 되돌리는 피드백 루프를 가지므로 안전성 확보가 최우선됨.
A10: Security | B10: 0 | C10: 시스템 외부와의 연결보다는 내부 파일 시스템 권한에 의존하므로 아키텍처 차원의 보안 이점은 없음. | D10: 0 | E10: 필터 간 통신 암호화 등이 추가로 필요하며, 스타일 자체에서 보안 기능을 내재하고 있지 않음. | F10: 0 | G10: 시스템 내부의 제어 루프 자체는 보안을 고려하지 않으며, 외부 네트워크 연결 시 별도의 보안 아키텍처가 필요함.
A11: Testability | B11: ++ | C11: 각 배치 프로그램이 완전히 독립적이며, 테스트용 입력 파일을 주고 출력 파일을 검증하는 방식(블랙박스 테스트)이 매우 직관적임. | D11: + | E11: 개별 필터에 더미 데이터를 파이프 스트림으로 주입하여 독립적으로 테스트하기 용이함. | F11: - | G11: 물리적 환경(센서, 액추에이터)과 결합되어 있어, 이를 흉내 내는 복잡한 시뮬레이터(HIL 테스트 등)가 반드시 필요함.
A12: Usability | B12: 0 | C12: 백엔드 데이터 처리 방식이므로 사용자 인터페이스(UI)나 사용성에 미치는 직접적인 영향이 없음. | D12: 0 | E12: 데이터 스트림 처리 방식이므로 최종 사용자의 조작성(Usability)과는 관련이 없음. | F12: 0 | G12: 내부 제어 루프 메커니즘이므로 직접적인 사용자 조작성보다는 시스템 자체의 자율성에 가까움.
A14: Data Centered | B14: Shared Respository | D14: Blackboard
B15: Effects | C15: Justification | D15: Effects | E15: Justification
A16: Availability | B16: - | C16: 중앙 저장소(DB 등)가 단일 장애점(SPOF)이 되므로, 저장소가 다운되면 시스템 전체가 마비됨. | D16: - | E16: 중앙 블랙보드(메모리/저장소)와 제어 컴포넌트가 다운되면 모든 Knowledge Source(KS)가 동작을 멈춤.
A17: Deployability | B17: 0 | C17: 데이터베이스와 클라이언트를 분리해서 배포할 수 있으나, 스키마 변경 시 동시 배포가 필요할 수 있음. | D17: 0 | E17: KS들은 독립적 배포가 가능하나, 중앙 제어기와 데이터 구조가 맞물려 있어 제한적임.
A18: Integrability | B18: + | C18: 클라이언트 시스템 간에 직접적인 인터페이스를 맞출 필요 없이, 중앙 DB 스키마만 알면 데이터를 공유/통합할 수 있음. | D18: ++ | E18: 서로 다른 형태와 알고리즘을 가진 KS들이 중앙 블랙보드의 데이터만 바라보므로 이질적인 시스템을 통합하기 매우 좋음.
A19: Energy Efficiency | B19: 0 | C19: 중앙 집중적 데이터 저장이 에너지 소비에 미치는 영향은 인프라 구성에 따라 다름. | D19: - | E19: 제어 컴포넌트가 지속적으로 블랙보드의 상태 변화를 모니터링하고 KS를 평가해야 하므로 연산 오버헤드(에너지 낭비)가 큼.
A20: Modifiability | B20: + | C20: 기존 클라이언트를 수정하지 않고도 새로운 클라이언트(기능)를 중앙 저장소에 연결하여 확장하기 쉬움. | D20: ++ | E20: 문제 해결 로직(KS)을 새롭게 추가하거나 제거하더라도 다른 KS나 시스템 전체의 구조를 변경할 필요가 없음.
A21: Performance | B21: - | C21: 클라이언트 수가 많아지거나 동시 데이터 접근이 발생하면 중앙 저장소에 병목(Bottleneck) 현상이 발생하여 성능이 저하됨. | D21: -- | E21: 휴리스틱 기반의 문제 해결 방식으로, 제어 컴포넌트의 빈번한 상태 평가와 동기화 문제로 인해 예측 가능한 성능을 기대하기 힘듦.
A22: Safety | B22: 0 | C22: 시스템의 데이터 무결성은 보장될 수 있으나, 물리적 안전성(Safety)에 기여하는 바는 없음. | D22: 0 | E22: AI/패턴 인식 등에 주로 쓰이며 물리적 위험 상황 제어와는 무관함.
A23: Security | B23: ++ | C23: 데이터가 한 곳에 모여 있으므로, 데이터 접근 권한(Authorization) 및 인증(Authentication) 관리를 중앙에서 강력하게 통제할 수 있음. | D23: 0 | E23: 보안 관점보다는 미해결 문제에 대한 협력적 연산에 집중되어 있어 보안 통제가 기본으로 내장되어 있지 않음.
A24: Testability | B24: - | C24: 클라이언트를 테스트하기 위해 항상 실제 또는 모의 중앙 데이터베이스 환경(테스트 데이터 세팅 및 롤백)을 구축해야 하는 번거로움이 있음. | D24: -- | E24: 비결정론적(Non-deterministic) 실행 흐름을 가짐. 어떤 KS가 언제 실행될지 예측하기 어려워 재현 가능한 테스트 시나리오를 작성하기 매우 힘듦.
A25: Usability | B25: 0 | C25: 데이터 저장 및 관리 아키텍처이므로 사용자 인터페이스(UI) 편의성 측면과는 관련이 없음. | D25: 0 | E25: 문제 해결 알고리즘을 위한 내부 구조이므로 일반적인 시스템 사용성에 영향을 주지 않음.
A27: Implicit Invocation | B27: Non-Buffered Event Based | D27: Buffered Message Based
B28: Effects | C28: Justification | D28: Effects | E28: Justification
A29: Availability | B29: 0 | C29: 컴포넌트는 독립적이지만, 이벤트 발송 중 수신측이 다운되어 있거나 블로킹되면 시스템 흐름에 영향을 줄 수 있음. | D29: ++ | E29: 메시지 큐(브로커)가 메시지를 버퍼링하므로, 수신자가 다운되거나 일시적인 장애가 발생해도 데이터가 유실되지 않아 가용성이 매우 높음.
A30: Deployability | B30: + | C30: 이벤트 발행자(Publisher)와 구독자(Subscriber)가 독립적이므로 개별 마이크로서비스나 모듈 단위 배포가 용이함. | D30: ++ | E30: 발행자와 구독자가 물리적으로도 완전히 분리(비동기)되므로 브로커를 매개로 한 독립적 배포가 극대화됨.
A31: Integrability | B31: + | C31: 이벤트를 발행하는 컴포넌트를 수정하지 않고도 새로운 리스너(구독자)를 등록하여 기능을 통합하기 쉬움. | D31: ++ | E31: 다양한 플랫폼과 언어로 작성된 이질적인 시스템이라도 메시지 브로커의 프로토콜(AMQP, MQTT 등)만 맞추면 완벽히 통합 가능함.
A32: Energy Efficiency | B32: 0 | C32: 시스템간 호출 방식 변경이 전체적인 전력 사용 최적화로 직결되지는 않음. | D32: + | E32: 비동기 처리 덕분에 컴포넌트들이 항상 활성화되어 대기할 필요 없이, 메시지가 큐에 쌓였을 때만 일괄 처리(Wake-up)하여 유휴 자원/에너지를 아낄 수 있음.
A33: Modifiability | B33: ++ | C33: 시스템 구성 요소 간의 결합도가 매우 낮아, 이벤트 처리 로직을 수정하거나 새로운 이벤트 핸들러를 추가하는 작업이 기존 코드에 영향을 주지 않음. | D33: ++ | E33: 송신자와 수신자가 서로의 존재조차 알 필요가 없는 극단적인 느슨한 결합(Loose Coupling)으로 유연한 수정 및 시스템 확장이 가능함.
A34: Performance | B34: + | C34: 중간에 브로커를 거치지 않아 이벤트 전달 지연(Latency)이 짧음. 단, 수신자가 많을 경우 발행자의 스레드가 차단될 수 있는 위험은 존재함. | D34: 0 | E34: 비동기 처리를 통해 시스템 전체의 Throughput(처리량)은 획기적으로 늘지만, 메시지가 큐를 거쳐가는 오버헤드로 인해 실시간성(Latency)은 다소 떨어짐.
A35: Safety | B35: 0 | C35: 상태 기반 물리적 제어보다는 소프트웨어 내부 상태 전파에 쓰이므로 안전성 요소는 없음. | D35: 0 | E35: 이벤트 전파 방식이므로 치명적인 물리적 안전 보장 기법과는 관련이 없음.
A36: Security | B36: - | C36: 버퍼나 브로커가 없으므로 악의적인 컴포넌트가 이벤트를 엿듣거나 가짜 이벤트를 발생시키는 것을 중앙에서 통제하기 어려움. | D36: + | E36: 메시지 브로커 단에서 토픽(Topic) 또는 큐(Queue) 단위의 엄격한 접근 제어 및 인증, 메시지 암호화를 적용하여 보안을 강화할 수 있음.
A37: Testability | B37: - | C37: 컴포넌트 간 호출이 암시적이고 흐름이 분산되어 있어, 디버깅 및 전체적인 이벤트 실행 추적(Traceability)이 까다로움. | D37: 0 | E37: 비동기 통신으로 전체 흐름 추적(Distributed Tracing)은 여전히 어렵지만, 메시지 큐에 테스트용 메시지를 주입(Inject)하여 개별 컴포넌트를 분리 테스트하기는 비교적 수월함.
A38: Usability | B38: 0 | C38: 백엔드 시스템 및 컴포넌트 간의 통신/호출 방식이므로 사용자 관점의 사용성(UI/UX)에는 직접적인 영향이 없음. | D38: 0 | E38: 백엔드 메시징 방식이므로 사용자 인터페이스나 조작성과는 관계가 없음.
A40: Interaction-Oriented | B40: MVC | D40: PAC
B41: Effects | C41: Justification | D41: Effects | E41: Justification
A42: Availability | B42: 0 | C42: Model, View, Controller 간 결합도가 높아 특정 레이어의 장애가 전체 서비스 중단으로 이어질 수 있음 | D42: + | E42: 에이전트(Agent) 단위로 격리(Fault Isolation)되어 있어 특정 에이전트에 장애가 발생해도 타 에이전트가 정상 작동하여 전체 시스템 가용성 유지.
A43: Deployability | B43: - | C43: 모듈 간 세로형/계층적 결합으로 인해 일부 로직 수정 시 전체 애플리케이션을 재배포해야 하는 경우가 많음. | D43: + | E43: 기능 단위의 독립적인 PAC 에이전트로 구성되어 있어 개별 모듈 단위의 핫 스왑(Hot-swap) 및 독립 배포가 쉬움.
A44: Integrability | B44: + | C44: 중앙 집중식 Model과 명확히 구분된 단일 Controller 구조 덕분에 외부 API/DB 연동 인터페이스 적용이 단순함. | D44: -- | E44: 에이전트 간 계층적 통신 프로토콜 및 컨트롤러 메시지 라우팅이 복잡하여 외부 서비스 및 데이터베이스와의 통합 난이도가 매우 높음.
A45: Energy Efficiency | B45: + | C45: 단일 흐름 형태의 가벼운 내부 메서드 호출로 CPU/메모리 오버헤드가 적음. | D45: - | E45: 트리 구조를 따르는 에이전트 간 상하 메시지 전달 및 이벤트 처리 비용으로 인해 리소스 및 에너지 소모가 큼.
A46: Modifiability | B46: + | C46: UI(View) 변경이나 데이터 구조(Model) 변경은 쉽지만, 새로운 대화형 기능 추가 시 컨트롤러가 거대해져 파급 효과가 큼 | D46: ++ | E46: 에이전트 단위로 완전히 독립되어 있어 기존 코드에 영향을 주지 않고 새로운 에이전트를 추가/수정하기가 훨씬 용이함.
A47: Performance | B47: + | C47: 직접적인 메서드 호출 및 단순한 레이어 통과 구조로 처리 속도와 응답성이 뛰어남. | D47: - | E47: 계층적 트리 구조에서 최상위-중간-하위 컨트롤러를 거치는 메시지 라우팅 오버헤드 때문에 응답 지연이 발생할 수 있음
A48: Safety | B48: 0 | C48: 오류 발생 시 전역 데이터(Model) 손상으로 이어져 시스템 전체가 불안정해질 위험이 존재함. | D48: + | E48: 에이전트 캡슐화를 통해 결함의 영향 범위를 한정 짓고 안전하게 예외 처리를 수행할 수 있음.
A49: Security | B49: + | C49: 데이터 접근(Model) 및 요청 제어(Controller) 경로가 일원화되어 있어 보안 정책(인증/인가/검증) 적용이 용이함. | D49: - | E49: 수많은 에이전트 간 독립적인 통신 채널이 생성되므로 데이터 유출 위험이 커지고 공격 접점(Attack Surface)이 확대됨.
A50: Testability | B50: + | C50: UI 없이 Model과 Controller를 독립적으로 단위 테스트(Unit Test)하기 매우 용이함. | D50: - | E50: 에이전트 간 비동기 메시지 교환 및 트리 구조의 상호작용 흐름을 추적하고 모킹(Mocking)하여 테스트하기 어려움.
A51: Usability | B51: + | C51: 단일 화면/표준적인 웹 UI를 처리하기에는 적합하나 multi-window 대화형 UI 지원에는 한계가 있음 | D51: ++ | E51: 각 에이전트가 자체 Presentation과 Controller를 가져 화면 단위별 독립적 상태 관리가 가능하며 복잡한 대화형 UI/UX 구현에 최적화됨.
A53: Hierarchical | B53: Main-subroutine | D53: Master-Slave
B54: Effects | C54: Justification | D54: Effects | E54: Justification
A55: Availability | B55: -- | C55: 단일 프로세스/스레드로 동작하므로 서브루틴 하나에서 에러 발생 시 전체 시스템이 중단됨 | D55: + | E55: 특정 Slave에 장애가 발생해도 타 Slave가 대신 처리하거나 Master가 해당 Slave만 재시작할 수 있어 가용성이 높음. (단, Master 단일 장애점(SPOF) 관리는 필요)
A56: Deployability | B56: - | C56: 전체 코드가 단일 바이너리/프로세스로 강하게 결합되어 일부 수정 시 전체 재배포가 필요함. | D56: + | E56: 노드/프로세스를 독립적으로 배포하거나 동적으로 노드를 추가/제거(Scale-out)할 수 있음.
A57: Integrability | B57: + | C57: 함수 호출 규격(API)이 명확하여 라이브러리 형태의 모듈 통합이 매우 쉬움. | D57: - | E57: Master와 Slave 간 메시지 프로토콜, 데이터 분할/합성 로직 정의가 필요하여 외부 통합 난이도가 존재함.
A58: Energy Efficiency | B58: + | C58: 프로세스 간 통신(IPC)이나 오버헤드 없이 메모리 스택 직접 접근만 수행하므로 CPU/메모리 자원 효율이 최상임. | D58: - | E58: 네트워크 통신, 데이터 분할 및 집계, 프로세스 동기화 오버헤드로 인해 소비 자원량이 큼.
A59: Modifiability | B59: 0 | C59: 모듈화는 잘 되어 있으나, 하위 서브루틴의 파라미터 변경이 상위호출부에 연쇄 영향(Ripple Effect)을 줌. | D59: + | E59: 처리 로직이나 알고리즘을 독립적으로 개편하기 용이하며, 병렬 처리 노드 확장이 자유로움.
A60: Performance | B60: - | C60: 단일 스레드/순차적 실행 구조이므로 대용량 데이터 처리나 멀티코어 활용에 한계가 있음. | D60: ++ | E60: 데이터를 병렬(Parallelism)로 동시에 처리하여 전체적인 작업 처리량(Throughput) 및 execution 시간을 획기적으로 단축함.
A61: Safety | B61: + | C61: 제어 흐름이 명시적이여서 실행 경로 분석과 검증이 쉽다. | D61: + | E61: Slave들이 서로 격리된 프로세스/노드 환경에서 실행되므로 결함의 확산이 차단됨.
A62: Security | B62: + | C62: 메모리 공간이 단순하고 통신 채널 노출이 없어 공격 접점이 적음. | D62: - | E62: Master와 Slave 간 네트워크 메시지 교환 시 데이터 탈취/위변조 위험 및 접근 제어 복잡성이 증가함.
A63: Testability | B63: ++ | C63: 입출력이 명확한 동기식 호출 구조이므로 단위 테스트(Unit Test) 및 스텁(Stub) 작성이 매우 용이함. | D63: - | E63: 비동기/병렬 실행, 타이밍 이슈(Race Condition), 분산 환경에서의 상태 추적이 어려워 테스트 난이도가 높음.
A64: Usability | B64: 0 | C64: 백엔드/알고리즘 처리 및 제어 구조 패턴이므로 최종 사용자의 UI/UX 사용성에는 직접적인 영향을 미치지 않음. | D64: 0 | E64: 백엔드/알고리즘 처리 및 제어 구조 패턴이므로 최종 사용자의 UI/UX 사용성에는 직접적인 영향을 미치지 않음.
A66: Hierarchical | B66: Layered | D66: Virtual Machine | F66: Microkernel
B67: Effects | C67: Justification | D67: Effects | E67: Justification | F67: Effects | G67: Justification
A68: Availability | B68: 0 | C68: 상위 계층이 하위 계층에 의존하므로 특정 계층 장애 시 전체 서비스 영향 가능. | D68: + | E68: 재해 상황 및 동작 모델 시뮬레이션을 지원하여 장애 대비 능력 향상. | F68: ++ | G68: 분산 구조에서 동일 Server를 여러 Machine에 실행하여 고가용성(HA) 확보 가능.
A69: Deployability | B69: + | C69: 각 Component를 서로 다른 일정으로 독립적으로 배포 및 갱신 가능. | D69: + | E69: 가상화 환경 덕분에 Platform 독립적인 이식·배포 용이. | F69: ++ | G69: 핵심 Kernel 변경 없이 External Server 단위의 독립적인 확장 및 배포 용이.
A70: Integrability | B70: + | C70: 하위 계층 인터페이스가 명확하여 외부 모듈/라이브러리 연동이 수월함. | D70: 0 | E70: 가상 플랫폼 규격에 맞춰 외부 요소 통합 가능. | F70: -- | G70: 서버 간 통신 프로토콜 및 커널 인터페이스 구성으로 인해 외부 시스템 연동 난이도가 높음.
A71: Energy Efficiency | B71: - | C71: 층 통과 시 발생하는 함수 호출 오버헤드로 에너지 소모 존재. | D71: -- | E71: 인터프리터 방식 및 추가 계층 레이어로 인해 CPU/메모리 자원 및 에너지 소모가 가장 큼. | F71: - | G71: 버 간 IPC(프로세스 간 통신) 오버헤드로 인해 에너지 효율이 낮음.
A72: Modifiability | B72: + | C72: 높은 응집도와 하위 계층에만 결합된 구조로 Layer 교체/대체가 쉬움 | D72: + | E72: 하드웨어 변경에 영향받지 않는 소프트웨어 개발 및 수정 단순화. | F72: ++ | G72: 새로운 View 필요 시 External Server, 기능 추가 시 Internal Server만 추가/확장하면 되어 가장 우수
A73: Performance | B73: - | C73: Layer가 너무 많아지면 요청 전달 시 호출 Overhead 발생 | D73: -- | E73: 인터프리터 방식 특성 및 새 계층 추가에 따른 Overhead로 실행 속도가 가장 느림. | F73: - | G73: 모놀리식 시스템(Monolithic) 대비 서버 간 IPC(통신) Overhead로 인해 성능 감소.
A74: Safety | B74: 0 | C74: 계층별 하부 구조 의존으로 오류 파급 제어는 제한적임. | D74: + | E74: 호스트 시스템과의 가상 격리를 통해 하드웨어/시스템 안전성 확보. | F74: + | G74: 핵심 커널과 서버 기능의 분리로 특정 서버의 결함이 전체 커널 시스템으로 전이되지 않음.
A75: Security | B75: + | C75: 계층 간 내부 정보 은닉(Information Hiding)을 통해 상위/하위 보안 유지. | D75: + | E75: 격리된 샌드박스 환경을 제공하여 외부 공격 및 이상 동작 차단. | F75: + | G75: 최소 권한의 커널 구동 및 서브시스템 격리로 보안 침범 범위 최소화.
A76: Testability | B76: + | C76: 각 계층 및 컴포넌트를 독립적으로 분리하여 테스트(Mocking)하기 쉬움. | D76: + | E76: 테스트 환경 시뮬레이션 및 가상 상태 캡처/복원이 용이함. | F76: 0 | G76: 서버 간 비동기 메시지 교환 및 복잡한 상호작용으로 인해 종합 테스트 난이도가 존재함.
A77: Usability | B77: 0 | C77: 아키텍처 구조가 사용자 인터페이스/경험(UI/UX)에 직접 미치는 영향은 적음. | D77: 0 | E77: 아키텍처 구조가 사용자 인터페이스/경험(UI/UX)에 직접 미치는 영향은 적음. | F77: + | G77: External Server 추가를 통해 다양한 사용자 View/인터페이스를 유연하게 제공 가능.
A79: Distributed | B79: Multi-tier | D79: Client-Server
B80: Effects | C80: Justification | D80: Effects | E80: Justification | F80: 품질 속성 (Quality Attribute) | G80: Multi-tier | H80: Client-Server | I80: 효과 발생 근거 및 원인 (Justification)
A81: Availability | B81: 0 | C81: 계층 증가로 관리 요소는 늘어나지만, Middle tier의 분산 및 이중화 구성을 통해 가용성 위험을 보완 가능함. | D81: - | E81: 서버가 단일 실패점(Single Point of Failure, SPOF)이 될 수 있어 서버 장애 시 전체 시스템 중단 위험이 큼. | F81: Availability (가용성) | G81: 0 | H81: - | I81: • Multi-tier: 계층 증가로 관리 요소는 늘어나지만, Middle tier의 분산 및 이중화 구성을 통해 가용성 위험을 보완 가능함. • Client-Server: 서버가 단일 실패점(Single Point of Failure, SPOF)이 될 수 있어 서버 장애 시 전체 시스템 중단 위험이 큼.
A82: Deployability | B82: + | C82: Business Logic이 포함된 Middle tier 중심으로 독립적 배포 및 스케일링이 수월함. | D82: + | E82: UI 표현과 Business Logic 처리가 분리되어 클라이언트와 서버를 각각 독립적으로 배포 가능함. | F82: Deployability (배포성) | G82: =+ -> #ERROR! | H82: =+ -> #ERROR! | I82: • Multi-tier: Business Logic이 포함된 Middle tier 중심으로 독립적 배포 및 스케일링이 수월함. • Client-Server: UI 표현과 Business Logic 처리가 분리되어 클라이언트와 서버를 각각 독립적으로 배포 가능함.
A83: Integrability | B83: + | C83: Presentation, Application, Data 계층이 명확히 분리되어 외부 서비스 및 DB 통합이 매우 용이함. | D83: + | E83: 클라이언트와 서버 간의 역할 분담 및 표준화된 요청-응답 구조로 연동이 용이함. | F83: Integrability (통합성) | G83: =+ -> #ERROR! | H83: =+ -> #ERROR! | I83: • Multi-tier: Presentation, Application, Data 계층이 명확히 분리되어 외부 서비스 및 DB 통합이 매우 용이함. • Client-Server: 클라이언트와 서버 간의 역할 분담 및 표준화된 요청-응답 구조로 연동이 용이함.
A84: Energy Efficiency | B84: - | C84: tier 간 request/reply 통신으로 복잡성과 오버헤드가 발생한다. | D84: 0 | E84: 이 아키텍처 스타일이 해당 품질속성을 직접 좌우하지 않음. | F84: Energy Efficiency (에너지 효율) | G84: - | H84: =+ -> #ERROR! | I84: • Multi-tier: 계층 간 통신 오버헤드 및 Middle tier의 멀티스레딩 유지 자원 소모가 발생함. • Client-Server: 고성능 서버 중심의 자원 집중 활용으로 불필요한 네트워크/프로세스 오버헤드가 적어 비교적 효율적임.
A85: Modifiability | B85: + | C85: 비즈니스 관련 변경은 중간 tier에만 적용되어 재사용성·수정 용이성이 높다(reusability and modifiability). | D85: + | E85: 책임이 분리되고(UI 표현 vs 비즈니스 로직) server 컴포넌트를 재사용할 수 있다. | F85: Modifiability (변경 용이성) | G85: =++ -> #ERROR! | H85: =+ -> #ERROR! | I85: • Multi-tier: 비즈니스 요구사항 변경 시 다른 계층에 영향을 주지 않고 Middle tier만 수정하면 되므로 변경 용이성이 극대화됨. • Client-Server: UI와 Business Logic이 분리되어 있어 관련 모듈 수정이 용이함.
A86: Performance | B86: 0 | C86: [+] 교안: 중간 tier가 확장성·성능을 위한 멀티스레딩을 지원한다. [-] 복잡성과 오버헤드가 있다. | D86: 0 | E86: [+] 교안: 동시성·확장성의 잠재력이 있고 다수 client가 고성능 server에 접근할 때 자원을 효과적으로 쓴다. [-] server가 성능 병목이 될 수 있다. | F86: Performance (성능/처리량) | G86: =+ -> #ERROR! | H86: - | I86: • Multi-tier: Middle tier가 Multithreading을 지원하여 동시성(Concurrency)과 전체 처리량을 향상시킴. • Client-Server: 클라이언트 접속 폭주 시 단일 서버가 성능 병목(Bottleneck) 지점이 됨.
A87: Safety | B87: 0 | C87: 이 아키텍처 스타일이 해당 품질속성을 직접 좌우하지 않음. | D87: 0 | E87: 이 아키텍처 스타일이 해당 품질속성을 직접 좌우하지 않음. | F87: Safety (안전성) | G87: =+ -> #ERROR! | H87: 0 | I87: • Multi-tier: Presentation, Application, Data 계층 격리로 데이터 손상 및 시스템 파급 효과를 예방함. • Client-Server: 단일 서버 구조로 인해 오류 발생 시 서버 전체 프로세스가 영향을 받아 오염될 수 있음.
A88: Security | B88: + | C88: presentation·application·data tier를 분리하여 민감한 비즈니스 로직·데이터를 최종 사용자의 직접 접근으로부터 보호한다(enhancement of security). | D88: - | E88: 보안 복잡성(security complications)이 약점으로 언급된다. | F88: Security (보안성) | G88: =++ -> #ERROR! | H88: - | I88: • Multi-tier: 계층 분리를 통해 민감한 비즈니스 로직과 데이터베이스를 최종 사용자의 직접 접근으로부터 완벽히 보호함. • Client-Server: 클라이언트와 서버 간 직접 통신으로 인해 데이터 검증 및 보안 정책 적용이 복잡함.
A89: Testability | B89: - | C89: 테스트 도구의 일반적 부족으로 테스트 용이성이 떨어진다. | D89: - | E89: 제한된 테스트 용이성(limited testability)이 약점으로 언급된다. | F89: Testability (테스트 용이성) | G89: - | H89: - | I89: • Multi-tier: 다계층 구조의 복잡성과 전용 테스트 도구의 부족으로 인해 테스트 작성 및 수행이 다소 어려움. • Client-Server: 네트워크 및 분산 환경 특성상 단위 테스트 및 시뮬레이션 환경 구축이 제한됨.
A90: Usability | B90: 0 | C90: 이 아키텍처 스타일이 해당 품질속성을 직접 좌우하지 않음. | D90: 0 | E90: 이 아키텍처 스타일이 해당 품질속성을 직접 좌우하지 않음. | F90: Usability (사용성) | G90: =+ -> #ERROR! | H90: =+ -> #ERROR! | I90: • Multi-tier: 비즈니스 처리와 화면 처리가 계층별로 독립되어 있어 사용자 인터페이스 반응성을 향상시킴. • Client-Server: 역할 분리를 통해 클라이언트 단에서 풍부한 UI/UX 구현이 가능함.
A92: Distributed | B92: Broker | D92: Dispatcher
B93: Effects | C93: Justification | D93: Effects | E93: Justification | F93: 품질 속성 (Quality Attribute) | G93: Broker | H93: Dispatcher | I93: 효과 발생 근거 및 원인 (Justification)
A94: Availability | B94: - | C94: Broker나 Server 장애 시 이에 의존하는 앱이 마비되어 Fault Tolerance가 낮음 (컴포넌트 복제 필요). | D94: + | E94: 장애 발생 시 다른 장비에서 새 Server를 동적으로 활성화할 수 있어 Fault Tolerance 및 가용성이 우수함. | F94: Availability (가용성) | G94: - | H94: =+ -> #ERROR! | I94: • Broker: Broker나 Server 장애 시 이에 의존하는 앱이 마비되어 Fault Tolerance가 낮음 (컴포넌트 복제 필요). • Dispatcher: 장애 발생 시 다른 장비에서 새 Server를 동적으로 활성화할 수 있어 Fault Tolerance 및 가용성이 우수함.
A95: Deployability | B95: ++ | C95: Location transparency 덕분에 런타임 중 Server Component 추가/제거 및 배포가 매우 용이함. | D95: + | E95: Dispatcher나 Client 변경 없이 Server를 자유롭게 추가·수정 및 재구성(Re-configuration) 가능함. | F95: Deployability (배포성) | G95: =++ -> #ERROR! | H95: =+ -> #ERROR! | I95: • Broker: Location transparency 덕분에 런타임 중 Server Component 추가/제거 및 배포가 매우 용이함. • Dispatcher: Dispatcher나 Client 변경 없이 Server를 자유롭게 추가·수정 및 재구성(Re-configuration) 가능함.
A96: Integrability | B96: ++ | C96: Broker bridge를 통해 서로 다른 이종 시스템 간 상호운용성(Interoperability) 및 기존 서비스 재사용성이 극대화됨. | D96: + | E96: Client 변경 없이 Server 교체(Exchangeability) 및 위치 연동이 수월하나 Bridge 수준의 이종 통합 기능은 미비함. | F96: Integrability (통합성) | G96: =++ -> #ERROR! | H96: =+ -> #ERROR! | I96: • Broker: Broker bridge를 통해 서로 다른 이종 시스템 간 상호운용성(Interoperability) 및 기존 서비스 재사용성이 극대화됨. • Dispatcher: Client 변경 없이 Server 교체(Exchangeability) 및 위치 연동이 수월하나 Bridge 수준의 이종 통합 기능은 미비함.
A97: Energy Efficiency | B97: -- | C97: Proxy 및 Broker를 거치는 간접 호출(Indirection) 단계가 많아 네트워크/CPU 리소스 및 에너지 소모가 큼. | D97: - | E97: Dispatcher 오버헤드가 존재하지만 Broker의 다단계 Proxy 구조보다는 간접 호출 비용이 작음. | F97: Energy Efficiency (에너지 효율) | G97: -- | H97: - | I97: • Broker: Proxy 및 Broker를 거치는 간접 호출(Indirection) 단계가 많아 네트워크/CPU 리소스 및 에너지 소모가 큼. • Dispatcher: Dispatcher 오버헤드가 존재하지만 Broker의 다단계 Proxy 구조보다는 간접 호출 비용이 작음.
A98: Modifiability | B98: ++ | C98: Component의 Changeability와 Extensibility가 뛰어나며 런타임 변경(Runtime changes)이 완벽히 지원됨. | D98: + | E98: Server 교체 및 위치·이동 투명성이 우수하나, Dispatcher 자체의 Interface 변경에는 민감하다는 제약이 있음. | F98: Modifiability (변경 용이성) | G98: =++ -> #ERROR! | H98: =+ -> #ERROR! | I98: • Broker: Component의 Changeability와 Extensibility가 뛰어나며 런타임 변경(Runtime changes)이 완벽히 지원됨. • Dispatcher: Server 교체 및 위치·이동 투명성이 우수하나, Dispatcher 자체의 Interface 변경에는 민감하다는 제약이 있음.
A99: Performance | B99: -- | C99: Client-Proxy-Broker-Server를 거치는 간접 호출 때문에 비효율성이 크고 응답 지연이 발생함. | D99: - | E99: Dispatcher 라우팅/중계에 따른 Overhead가 발생하나 Broker에 비해 경로가 비교적 단순함. | F99: Performance (성능/처리량) | G99: -- | H99: - | I99: • Broker: Client-Proxy-Broker-Server를 거치는 간접 호출 때문에 비효율성이 크고 응답 지연이 발생함. • Dispatcher: Dispatcher 라우팅/중계에 따른 Overhead가 발생하나 Broker에 비해 경로가 비교적 단순함.
A100: Safety | B100: - | C100: 분산 상호작용이 복잡하고 특정 Server/Broker 다운 시 연쇄 중단 위험이 존재함. | D100: + | E100: 장애 시 대체 Server 동적 활성화 및 이동 투명성을 통해 시스템 전체의 안전성을 유지하기 수월함. | F100: Safety (안전성) | G100: - | H100: =+ -> #ERROR! | I100: • Broker: 분산 상호작용이 복잡하고 특정 Server/Broker 다운 시 연쇄 중단 위험이 존재함. • Dispatcher: 장애 시 대체 Server 동적 활성화 및 이동 투명성을 통해 시스템 전체의 안전성을 유지하기 수월함.
A101: Security | B101: - | C101: 다중 컴포넌트 간 브릿지 및 분산 통신 경로로 인해 보안 검증 및 정책 적용이 복잡함. | D101: 0 | E101: 요청 라우팅 단일점 제어가 가능하나 Dispatcher 인터페이스 노출에 따른 관리 포인트가 존재함 | F101: Security (보안성) | G101: - | H101: 0 | I101: • Broker: 다중 컴포넌트 간 브릿지 및 분산 통신 경로로 인해 보안 검증 및 정책 적용이 복잡함. • Dispatcher: 요청 라우팅 단일점 제어가 가능하나 Dispatcher 인터페이스 노출에 따른 관리 포인트가 존재함.
A102: Testability | B102: -- | C102: 관여하는 Component 수가 많아 테스트와 디버깅이 매우 번거롭고 어려움. | D102: - | E102: Dispatcher 의존성 및 서버 동적 이동에 따른 시나리오 테스트 난이도가 존재하나 Broker보다는 단순 | F102: Testability (테스트 용이성) | G102: -- | H102: - | I102: • Broker: 관여하는 Component 수가 많아 테스트와 디버깅이 매우 번거롭고 어려움. • Dispatcher: Dispatcher 의존성 및 서버 동적 이동에 따른 시나리오 테스트 난이도가 존재하나 Broker보다는 단순함.
A103: Usability | B103: 0 | C103: 두 패턴 모두 백엔드 분산/라우팅 메커니즘을 다루므로 최종 사용자 UI/UX에 직접 미치는 영향은 적음. | D103: 0 | E103: 두 패턴 모두 백엔드 분산/라우팅 메커니즘을 다루므로 최종 사용자 UI/UX에 직접 미치는 영향은 적음. | F103: Usability (사용성) | G103: 0 | H103: 0 | I103: • 공통: 두 패턴 모두 백엔드 분산/라우팅 메커니즘을 다루므로 최종 사용자 UI/UX에 직접 미치는 영향은 적음.
A105: Distributed | B105: SOA | D105: Mico-Service
B106: Effects | C106: Justification | D106: Effects | E106: Justification
A107: Availability | B107: + | C107: SOA는 서비스 격리로 가용성이 높으나 ESB 등 중앙 구성요소가 Single Point of Failure(SPOF)가 될 수 있음. | D107: ++ | E107: Microservices는 완전 분산 및 격리로 한 서비스 장애가 전면 장애로 전이되지 않음.
A108: Deployability | B108: 0 | C108: SOA는 모놀리식과 분산의 중간 단계로 배포 의존성이 남아있음. | D108: ++ | E108: Microservices는 CI/CD 기반 독자 배포 단위(Independent Deployability)가 극대화됨.
...

Sheet Human
A1: Data Flow | B1: Batch Sequential | D1: Pipe and Filter | F1: Process Control
B2: Effects | C2: Justification | D2: Effects | E2: Justification | F2: Effects | G2: Justification
A3: Availability | B3: - | C3: 한 단계가 실패하면 중간부터 재시작 가능하다고 하더라도 뒤 단계가 모두 대기하거나 재시작 해야 하는 것이 치명적 | D3: - | E3: Filter별 독립적 행동이 보장되므로 문제가 발생하더라고, 전체 system에 영향이 있음. Pipe에 고장이 나면 뒤에 연결된 Filter도 사용할 수 없게 되므로 좋진 않음 | F3: + | G3: process unit or control unit 고장시, 오작동하여 시스템 전체에 문제가 발생할 수 있음
A4: Deployability | B4: + | C4: 구조가 단순한 것이 가장 큰 이점, 배포 시 개발자들에게 porting 등의 O/H가 적을 것으로 예상. | D4: + | E4: 필터는 서로 독립적인 개체이므로 개별 구성요소 별로 배포하기 쉬운 편이다. | F4: - | G4: 개별 구성요소를 독립 배포하기 어렵다.
A5: Integrability | B5: + | C5: 공통 데이터 포맷(주로 파일)만 맞추면 새로운 배치 단계를 시퀀스의 앞뒤에 쉽게 추가할 수 있음. | D5: ++ | E5: 표준화된 connector를 사용해서, 새로운 필터를 연결하기 매우 쉽다. | F5: - | G5: componenet에 따라 인터페이스가 달라(특정 환경에 맞춰져 있어서) 통합이 어렵다.
A6: Energy Efficiency | B6: 0 | C6: 1. 에너지, 혹은 처리량 총량의 차이가 있지, 총량 / Energy 값인 효율적 측면은 영향이 없다 | D6: 0 | E6: 데이터 처리 자체는 에너지 효율과 직접적인 연관성이 적다. | F6: + | G6: 필요한 시점에만 동작하므로 자원을 효율적으로 쓸 수 있다.
A7: Modifiability | B7: ++ | C7: 각 단계가 독립적으로, processing step간 대체가 용이하고 reusing이 가능한 것이 장점 | D7: ++ | E7: 필터는 서로 독립적인 개체이므로 개별 구성요소 별로 추가,삭체, 교체하기 쉬운 편이다. | F7: - | G7: Component가 변경 되면 시스템 전체에 영향을 주게 된다.
A8: Performance | B8: - | C8: 모든 단계가 sequential하게 되어 있으므로 단계마다 전체 데이터를 기다려야 하므로 latency가 좋지 않음 -> latency측면 영향성이 낮음 | D8: + | E8: Filter의 수가 많아질수록 Computational O/H가 증가하나, 병렬성이 존재하므로 장점이 더 큼 | F8: ++ | G8: 짧은 제어 주기와 즉각적인 피드백을 목표로 하므로 실시간 응답 성능에 매우 유리하다.
A9: Safety | B9: 0 | C9: 직렬로 이루어져 있으므로 단일 장애가 전체 안전에 영향이 큰 점도 있으나, 오류 분석이 쉬운 장점도 있음 | D9: 0 | E9: 단계별 검증과 오류 격리를 통해 안전성에 간접적으로 기여할 수 있지만, 물리적 위험을 직접 감지·제어하는 아키텍처는 아니므로 Safety에 대한 직접적인 영향은 제한적이다. | F9: ++ | G9: 짧은 제어 주기와 즉각적인 피드백을 목표로 하므로 실시간 응답 성능에 매우 유리하다.
A10: Security | B10: - | C10: 병렬로 동작하는 시스템 대비 중간 파일 등이 공격받기 쉬운 구조이기 때문에 영향성이 큼 | D10: 0 | E10: 필터별 보안 검증을 분리해 적용할 수 있다는 장점은 있지만, 다수의 데이터 전달 경로가 추가적인 공격면이 될 수 있음 | F10: - | G10: 공격받으면 전체적인 제어에 직접 영향을 준다.
A11: Testability | B11: ++ | C11: 각 컴포넌트의 역할이 매우 잘 정의되어 있으므로 Test하기에도 용이, 통합 test측면에서도 좋음 | D11: 0 | E11: 각 필터별 독립 테스트 용이, batch sequence보다는 떨어짐, 0이나 -까지도 | F11: + | G11: 물리적인 테스트 환경이 필요하여 테스트하기 어렵다. 변경점 발생에 따른 결과가 바로보이기 때문에 통합 test는 용이함
A12: Usability | B12: -- | C12: interactive한 UI 구성이 불가능하고, 병렬적이지 않으므로 Performance가 종합적으로 나빠 UX도 좋지 않다. | D12: 0 | E12: 처리 성능이나 응답 속도를 통해 사용자 경험에 간접적인 영향을 줄 수는 있지만, Pipe and Filter 자체는 사용자 인터페이스나 조작 방식을 결정하지 않으므로 Usability에 대한 직접 영향은 중립적이다. | F12: + | G12: 자동으로 타겟에 가까워지므로 사용자가 원하는 작업을 쉽게 완수할 수 있다./ 입력에 따른 출력이 바로 보이기 때문에 +
A14: Data Centered | B14: Shared Respository | D14: Blackboard
B15: Effects | C15: Justification | D15: Effects | E15: Justification
A16: Availability | B16: -- | C16: 공유 저장소 장애 시 의존하는 모든 Client에 영향 | D16: - | E16: 중앙 블랙보드와 컨트롤러가 다운되면 모든 KS가 동작을 멈추어 전체적인 영향가능
A17: Deployability | B17: - | C17: 스키마 변경 시 관련 Client의 배포 조율 필요 | D17: 0 | E17: KS는 쉽게 변경 가능하나, 중앙 블랙보드와 컨트롤러는 모든 KS와 맞물려있어 제한적이다.
A18: Integrability | B18: + | C18: 공통 스키마를 따르는 Client를 저장소에 연결하여 통합 가능 | D18: + | E18: 각각의 KS들이 중앙 블랙보드의 데이터만 바라보므로 중앙 블랙보드 형식만 맞추면 되어 통합하기 쉽다.
A19: Energy Efficiency | B19: - | C19: 중복 데이터 복제와 여러 저장소 운영을 줄여 자원 사용을 집중-> data쪽과의 동시성을 가지고 볼 경우 -로 볼 수 있음 | D19: - | E19: 컨트롤러가 지속적으로 블랙보드를 모니터링하고 KS를 제어하므로 오버헤드가 크다.
A20: Modifiability | B20: - | C20: 클라이언트, KS간 변경의 영향은 최소화 되지만 데이의 스키마 변경등은 모든 클라이언트에게 영향을 주는 점을 고려해보아야 합니다 | D20: + | E20: 블랙보드의 경우 Contrpller와 KS 간의 의존이 추가되는 점에도 수정용이성에는 문제 됩니다
A21: Performance | B21: - | C21: 공유 저장소에 동시 접근이 집중되면 병목 발생 가능 | D21: - | E21: 공유 상태 접근, 스케줄링 등 협업 오버헤드 때문에 단순 직접 호출보다 느리다.
A22: Safety | B22: - | C22: 중앙 저장소가 단일 장애 지점은 보안성에서도 문제지만 안정성에서 문제가 됨 | D22: - | E22: 클라이언트,KS 가 잘못된 정보를 등록하는 경우 다른 요소들의 오동작을 유발 할 수 있음
A23: Security | B23: - | C23: Data Store, Black Bd의 데이터가 모든 Data client, KS에 공개되어 있으므로, 보안에 취약 | D23: - | E23: Data Store, Black Bd의 데이터가 모든 Data client, KS에 공개되어 있으므로, 보안에 취약
A24: Testability | B24: - | C24: 공유 상태로 인해 Client 시험 간 간섭 발생 가능 | D24: -- | E24: 여러 지식 소스의 실행 순서와 공유 상태에 따라 결과가 달라질 수 있어 재현 및 테스트가 어렵다.
A25: Usability | B25: 0 | C25: 데이터 공유 구조 자체는 사용자 조작 편의성을 결정하지 않음 | D25: 0 | E25: 내부 구조이므로 최종 사용자에 영향이 없다. | G25: 사용자 상호 작용과는 관련된 부분이 없다/엔드유저의 입장에서 평가해야 함/데이터 접근 경로의 통일인 클ㄹ이넌트와 데이터 간의 동작문제는 개발자의 관심 영역임
A27: Implicit Invocation | B27: Non-Buffered Event Based | D27: Buffered Message Based
B28: Effects | C28: Justification | D28: Effects | E28: Justification
A29: Availability | B29: - | C29: 송신 혹은 수신측이 다운되어 있을 동안 발생한 이벤트가 손실될 가능성이 있다. | D29: ++ | E29: 수신 측이 다운되어 있더라도 메시지가 버퍼에 보존되기 때문에 이벤트 손실의 가능성이 적다.
A30: Deployability | B30: - | C30: 강한 결합으로 단일 배포에는 장점이 있으나 확장에 어려움이 있음 | D30: ++ | E30: 이벤트 발행자와 이벤트 구독자가 상호독립적이므로 배포에 서로 영향 받지 않는다.
A31: Integrability | B31: - | C31: 강한 결합으로 시스템 연동에 어려움이 있음 | D31: ++ | E31: 서로 다른 시스템일지라도 메시지 브로커의 프로토콜만 맞는다면 통합하기 용이하다.
A32: Energy Efficiency | B32: - | C32: Non-Buff는 빈번한 이벤트 발생시 자원소비가 증가하게 된다(소스와 리스너가 거의 동시에 구동) | D32: + | E32: 비동기 처리로 component가 항시 대기 필요없고, 메시지 queue도 일괄 처리 가능
A33: Modifiability | B33: - | C33: 이벤트 인터페이스가 유지되는 한 발행자와 소비자를 독립적으로 추가·수정·교체할 수 있어 변경 파급 범위가 작고 시스템 확장이 용이하다. -> sync방식이기 때문에 확장성이 떨어진다. 마이너스 [강한결합상태] | D33: ++ | E33: publisher와 subscriber가 서로에 영향을 주지 않는 구조이기 때문에 시스템 수정 및 확장이 용이하다.
A34: Performance | B34: ++ | C34: 이벤트를 직접 전달 가능하여 전달 지연이 짧음 | D34: + | E34: 버퍼링과 Consumer 병렬화를 통해 부하를 평준화하고 높은 처리량을 확보할 수 있어 전체적인 Performance +
A35: Safety | B35: - | C35: 중요 이벤트가 유실시 알수없음 | D35: - | E35: 중요 이벤트의 손실 방지와 재처리를 통해 안전성에 간접적으로 기여할 수 있지만, 시스템의 물리적 위험을 직접 제어하거나 Safety를 보장하는 구조는 아니므로 일반적인 영향은 중립적이다. buffer가 처리하는 지연 발생시, 실시간성에 부정적
A36: Security | B36: + | C36: Non-Buff의 간한 결합(동기)은 정보의 유출 가능성을 줄여 준다 | D36: - | E36: 중앙 Broker를 통해 인증·인가와 보안 정책을 일관되게 적용할 수 있다는 장점이 있지만, Broker 및 저장된 메시지가 추가적인 공격면과 중요한 보안 자산이 되므로 전체적인 영향은 구성에 따라 달라진다. 다양한 listener가 붙을수 있기에 security측면에서 불리하다. 메시지를 중간에 가로채는 사례가 있음
A37: Testability | B37: + | C37: 동기 결합으로 test에 좋음 | D37: - | E37: 전체 비동기 흐름의 추적은 별도 Tracing이 필요. 통합 test환경 구축에 어려움
A38: Usability | B38: + | C38: 이벤트, 메시지에 대한 즉각적 반응은 UX 개선에 도움이 된다 | D38: - | E38: Non-Buff의 경우 메시지 유실이 발생할 수 있는점 다소 부정적인 측면이다
A40: Interaction-Oriented | B40: MVC | D40: PAC
B41: Effects | C41: Justification | D41: Effects | E41: Justification
A42: Availability | C42: ="Human" & " - " & B$40 & " - " & $A42 -> Human - MVC - Availability | E42: ="Human" & " - " & D$40 & " - " & $A42 -> Human - PAC - Availability
A43: Deployability | C43: ="Human" & " - " & B$40 & " - " & $A43 -> Human - MVC - Deployability | E43: ="Human" & " - " & D$40 & " - " & $A43 -> Human - PAC - Deployability
A44: Integrability | C44: ="Human" & " - " & B$40 & " - " & $A44 -> Human - MVC - Integrability | E44: ="Human" & " - " & D$40 & " - " & $A44 -> Human - PAC - Integrability
A45: Energy Efficiency | C45: ="Human" & " - " & B$40 & " - " & $A45 -> Human - MVC - Energy Efficiency | E45: ="Human" & " - " & D$40 & " - " & $A45 -> Human - PAC - Energy Efficiency
A46: Modifiability | C46: ="Human" & " - " & B$40 & " - " & $A46 -> Human - MVC - Modifiability | E46: ="Human" & " - " & D$40 & " - " & $A46 -> Human - PAC - Modifiability
A47: Performance | C47: ="Human" & " - " & B$40 & " - " & $A47 -> Human - MVC - Performance | E47: ="Human" & " - " & D$40 & " - " & $A47 -> Human - PAC - Performance
A48: Safety | C48: ="Human" & " - " & B$40 & " - " & $A48 -> Human - MVC - Safety | E48: ="Human" & " - " & D$40 & " - " & $A48 -> Human - PAC - Safety
A49: Security | C49: ="Human" & " - " & B$40 & " - " & $A49 -> Human - MVC - Security | E49: ="Human" & " - " & D$40 & " - " & $A49 -> Human - PAC - Security
A50: Testability | C50: ="Human" & " - " & B$40 & " - " & $A50 -> Human - MVC - Testability | E50: ="Human" & " - " & D$40 & " - " & $A50 -> Human - PAC - Testability
A51: Usability | C51: ="Human" & " - " & B$40 & " - " & $A51 -> Human - MVC - Usability | E51: ="Human" & " - " & D$40 & " - " & $A51 -> Human - PAC - Usability
A53: Hierarchical | B53: Main-subroutine | D53: Master-Slave
B54: Effects | C54: Justification | D54: Effects | E54: Justification
A55: Availability | B55: - | C55: 중앙 main과 Subroutine간의 강한 coupling으로 인해 main의 장애가 전체 프로그램의 중단으로 이어질 수 있다. | D55: + | E55: 일부 Slave에 장애가 발생해도 다른 Slave가 대신 처리하거나 Master가 해당 Slave만 재시작할 수 있어 가용성이 높음
A56: Deployability | B56: - | C56: Procedure끼리의 tight coupling으로 인하여 작은 변경도 재배포가 필요한 경우가 생긴다. | D56: + | E56: 노드/프로세스를 독립적으로 배포하거나 동적으로 노드를 추가/제거할 수 있다
A57: Integrability | B57: - | C57: 강한 결합 기반으로 외부 시스템을 통합 할 때의 flexibility가 떨어진다. | D57: - | E57: Slave가 Master의 작업·결과 규약에 맞아야 함
A58: Energy Efficiency | B58: ++ | C58: 직접 호출되는 방식으로 procedure간 메시지 전송 등 추가 런타임 오버헤드가 매우 작다. | D58: - | E58: 작업 분배·결과 수집의 통신과 조정에 추가 에너지 소비
A59: Modifiability | B59: - | C59: 강한 결합으로 특정 procedure의 변경에 대한 연쇄 변경 side effect가 일어날 수 있다. | D59: + | E59: 작업·결과 계약 유지 시 Slave 내부 처리 방식 변경 용이
A60: Performance | B60: - | C60: 여러 서브루틴이 동일한 전역 데이터에 접근할 경우 데이터 동기화 및 경쟁 조건 처리 과정에서 처리 속도가 저하될 수 있습니다. | D60: ++ | E60: 분할 가능한 작업을 Slave가 병렬 처리하여 완료 시간 단축 가능
A61: Safety | B61: + | C61: 제어 흐름이 명시적이여서 실행 경로 분석과 검증이 쉽다. | D61: - | E61: Master가 종료될 시, 서비스 전체가 동작하지 않음
A62: Security | B62: + | C62: 컴포넌트간 직접 호출로 공격 접점이 적음. | D62: - | E62: Master, Slave간 통신 시 위험 존재
A63: Testability | B63: ++ | C63: 입출력이 명확하여 단위 테스트가 용이하다. | D63: - | E63: 여러 Slave가 병렬로 실행되므로 타이밍 문제, 레이스 조건(Race Condition), 데드락(Deadlock) 등 실행 시점마다 달라지는 비동기적 결함을 테스트하고 재현하기 어려움
A64: Usability | B64: 0 | C64: 프로그램 내부 제어 구조이므로 직접적인 영향은 거의 없다. | D64: 0 | E64: 내부 구조이므로 최종 사용자에 영향이 없다.
A66: Hierarchical | B66: Layered | D66: Virtual Machine | F66: Microkernel
B67: Effects | C67: Justification | D67: Effects | E67: Justification | F67: Effects | G67: Justification
A68: Availability | B68: - | C68: 특정 계층 장애가 전체 서비스에 부정적인 영향을 미칠 수 있다. | E68: ="Human" & " - " & D$66 & " - " & $A68 -> Human - Virtual Machine - Availability | G68: ="Human" & " - " & F$66 & " - " & $A68 -> Human - Microkernel - Availability
A69: Deployability | B69: + | C69: 계층이 분리되어있으므로 특정 계층 독립적으로 배포 가능하다. | E69: ="Human" & " - " & D$66 & " - " & $A69 -> Human - Virtual Machine - Deployability | G69: ="Human" & " - " & F$66 & " - " & $A69 -> Human - Microkernel - Deployability
A70: Integrability | B70: + | C70: 명확한 계층 인터페이스로 인하여 외부 모듈의 연동이 수월하다. | E70: ="Human" & " - " & D$66 & " - " & $A70 -> Human - Virtual Machine - Integrability | G70: ="Human" & " - " & F$66 & " - " & $A70 -> Human - Microkernel - Integrability
A71: Energy Efficiency | B71: - | C71: 여러 계층을 통과하는 과정에서 호출 및 데이터 변환에 의한 오버헤드가 발생한다. | E71: ="Human" & " - " & D$66 & " - " & $A71 -> Human - Virtual Machine - Energy Efficiency | G71: ="Human" & " - " & F$66 & " - " & $A71 -> Human - Microkernel - Energy Efficiency
A72: Modifiability | B72: + | C72: 특정 계층에 변경을 국소화할 수 있으므로 상위 계층에 대한 파급이 적을 수 있다. | E72: ="Human" & " - " & D$66 & " - " & $A72 -> Human - Virtual Machine - Modifiability | G72: ="Human" & " - " & F$66 & " - " & $A72 -> Human - Microkernel - Modifiability
A73: Performance | B73: - | C73: 계층 누적에 따른 오버헤드 발생 | E73: ="Human" & " - " & D$66 & " - " & $A73 -> Human - Virtual Machine - Performance | G73: ="Human" & " - " & F$66 & " - " & $A73 -> Human - Microkernel - Performance
A74: Safety | B74: 0 | C74: 하위 계층에만 결합되어 있어 변경/장애의 확산을 일부 제한할 수 있으나, 최하위 핵심 계층(예: DB/Infra Layer)에 오류가 발생하면 상위 계층 전체에 영향을 줄 수 있어 제어 범위가 제한적임. | E74: ="Human" & " - " & D$66 & " - " & $A74 -> Human - Virtual Machine - Safety | G74: ="Human" & " - " & F$66 & " - " & $A74 -> Human - Microkernel - Safety
A75: Security | B75: + | C75: layer별 private정보를 다른 layer에서 확인 어렵기 때문에 security 좋음 | E75: ="Human" & " - " & D$66 & " - " & $A75 -> Human - Virtual Machine - Security | G75: ="Human" & " - " & F$66 & " - " & $A75 -> Human - Microkernel - Security
A76: Testability | B76: + | C76: 독립된 layer별 test에 용이 | E76: ="Human" & " - " & D$66 & " - " & $A76 -> Human - Virtual Machine - Testability | G76: ="Human" & " - " & F$66 & " - " & $A76 -> Human - Microkernel - Testability
A77: Usability | B77: 0 | C77: Layered 패턴은 시스템의 내부 책임 분리와 소프트웨어 구조화에 초점을 맞추므로, 엔드 유저의 UI/UX 반응성이나 사용성에 직접적인 긍정/부정적 영향을 미치지 않음 | E77: ="Human" & " - " & D$66 & " - " & $A77 -> Human - Virtual Machine - Usability | G77: ="Human" & " - " & F$66 & " - " & $A77 -> Human - Microkernel - Usability
A79: Distributed | B79: Multi-tier | D79: Client-Server
B80: Effects | C80: Justification | D80: Effects | E80: Justification
A81: Availability | B81: - | C81: Tier가 증가할 수록 위험성이 증가하여 관리 요소가 늘어날 수 있음. | D81: - | E81: 서버가 단일 실패점이 될 수 있어 서버 장애 시 전체 시스템 중단될 수 있다.
A82: Deployability | B82: + | C82: 각 Tier별 기능이 나누어져 있으므로 Tier에 해당하는 시스템의 단독 배포가 용이하다. | D82: + | E82: 클라이언트와 서버를 각각 독립적으로 배포가 가능하다. | F82: Client–Server에서 클라이언트 업데이트가 필요해지는 순간, ‘사용자 디바이스 전체’로 확장되어 급격히 악화된다.(--) 서버 중심의 배포는 비교적 단순하다(+)
A83: Integrability | B83: + | C83: Tier마다 서로 다른 기능 및 책임을 부여하여 외부 서비스의 확장에 용이하다. | D83: + | E83: 서버가 API를 제공한다면 표준화된 요청-응답 구조로 클라이언트를 연결하기 쉽다.
A84: Energy Efficiency | B84: - | C84: 여러 서버 tier를 유지해야 하며, middle tier의 다중화가 적용된다면 Energy 소모량이 많아진다. | D84: + | E84: 많은 client가 고성능 server에 접근할 때 자원을 효과적으로 사용한다.
A85: Modifiability | B85: + | C85: 각 Tier간 책임이 분산되어 있으므로 재사용성이 높고 수정에 용이하다. | D85: + | E85: UI표현과 business logic 처리 같은 책임이 분리되어 있고 서버 컴포넌트 재사용할 수 있다.
A86: Performance | B86: 0 | C86: Multithread, 다중화를 시키는 것으로 Performance의 확장이 가능하나, tier간 통신에 의한 O/H, tier가 너무 많아지면 추가로 O/H가 증가할 위험성이 있다. | D86: 0 | E86: 동시성과 확정성의 가능성이 있으나 서버가 bottleneck이 될 수 있다.
A87: Safety | B87: 0 | C87: Tier 분리를 통해 오류를 검증·격리할 수 있어 Safety에 긍정적이지만, Tier가 많아지거나 계층 간 장애 전파 가능성이 존재할 경우 상쇄된다. | D87: + | E87: 서버와 클라이언트가 분리되어 있어 장애의 직접적인 전파 및 영향 범위를 제한할 수 있다.
A88: Security | B88: + | C88: Tier들 간 security 권한, data access를 따로 부여하는 것으로 보안 위험을 줄일 수 있다. | D88: - | E88: Network를 통한 통신이 필요하기 때문에 보안 취약점이 존재한다.
A89: Testability | B89: - | C89: 분산된 환경을 고려한 test도구가 필요하며, 각 물리적 tier의 특성을 고려해야 하기 때문에 통합 testability가 떨어짐 | D89: - | E89: 서버의 설정을 모두 고려해야 하기 때문에 test용이성이 떨어짐
A90: Usability | B90: 0 | C90: Presentation tier가 존재한다면, User experience 향상을 위한 다양한 지원 기능을 추가할 수 있다. 그러나 해당 tier가 없을 경우 아키텍쳐적인 이득은 없다. | D90: 0 | E90: 이 아키텍처 스타일이 해당 품질속성을 직접 좌우하지 않음.
A92: Distributed | B92: Broker | D92: Dispatcher
B93: Effects | C93: Justification | D93: Effects | E93: Justification
A94: Availability | B94: -- | C94: Server나 Broker에 장애가 발생하면 이에 의존하는 모든 application이 중단될 수 있다. | D94: + | E94: 네트워크나 서버 장애 시 다른 머신에서 새 서버를 활성화할 수 있다. | G94: Dispatcher의 장애는 전체 시스템이 정상적인 동작을 방해한다. (-) -> Broker 보다 이중화의 방식이 복잡하다(이미 연결된 세션의 복구가 필요해짐)
A95: Deployability | B95: ++ | C95: 간접 계층이 OS와 네트워크 세부 사항을 Client와 Server로부터 숨겨, 다른 운영 환경으로 시스템을 이식하고 배포하기 용이하다. | D95: + | E95: 어떤 서버를 어디에 둘지 시작 시점 또는 이후에 결정할 수 있고, 서버를 dispatcher·client 수정 없이 추가·변경할 수 있다.
A96: Integrability | B96: ++ | C96: Broker가 위치·통신 세부사항을 중개하여 이기종 서비스 연결이 용이하다. | D96: + | E96: 서버 교환성(exchangeability of servers), 위치·이관 투명성(location and migration transparency)으로 서버를 다른 머신으로 동적 이주할 수 있다.
A97: Energy Efficiency | B97: - | C97: Proxy 및 Broker를 거치는 간접 호출 단계가 많아 자원 소모가 크다. | D97: - | E97: dispatcher를 거치는 오버헤드(dispatcher overhead)가 있다.
A98: Modifiability | B98: ++ | C98: Component를 교체하거나 기능을 추가할 때 다른 컴포넌트에 미치는 영향이 적어 runtime changes가 가능하다. | D98: + | E98: 서버를 dispatcher나 client 수정 없이 추가·변경할 수 있지만, Dispatcher interface 변경은 어렵다
A99: Performance | B99: - | C99: Proxy와 Broker를 거치는 간접 호출 때문에 비효율성이 크고 응답 지연이 발생한다. | D99: - | E99: dispatcher 오버헤드가 있다.
A100: Safety | B100: - | C100: 특정 Server나 Broker 의 장애가 연쇄 중단으로 이어질 위험이 존재한다. | D100: + | E100: 장애 시 대체 Server 동적 활성화 및 이동 투명성을 통해 시스템 전체의 안전성을 유지하기 수월함.
A101: Security | B101: - | C101: Bridge 및 분산 통신 경로로 인해 Component의 보안 검증과 정책 적용이 복잡하다. | D101: 0 | E101: 단일 진입점에 인증/권한/라우팅 제한을 적용하기 쉬우나 Dispatcher 인터페이스 단일점에 대한 관리 포인트가 존재
A102: Testability | B102: - | C102: 여러 Component 간 상호작용을 확인해야 하므로 결함 발견과 원인 추적이 어렵다. | D102: - | E102: Dispatcher 의존성 및 서버 동적 이동에 따른 시나리오 테스트 난이도가 존재하나 Broker보다는 단순
A103: Usability | B103: 0 | C103: 서비스 중개 구조 자체는 사용자 조작 편의성을 결정하지 않는다. | D103: 0 | E103: 이 아키텍처 스타일이 해당 품질속성을 직접 좌우하지 않음.
A105: Distributed | B105: SOA | D105: Mico-Service
B106: Effects | C106: Justification | D106: Effects | E106: Justification
A107: Availability | B107: + | C107: 오케스트레이션 의존성은 추가되나 각 서비스를 격리하기 때문에 부하가 분산되어 availability가 높다. | D107: ++ | E107: 서비스가 독립적일 경우, 하나의 장애가 전체를 멈추지 않음
A108: Deployability | B108: 0 | C108: 서비스 단위 배포는 가능하나 Intermediary에 관한 영향을 고려해야 한다. | D108: + | E108: 독립배포로 bugfix,release,roll back이 쉬움
...
