Workbook

Sheet DF
B1: Batch Sequential | D1: Pipe and Filter | F1: Process Control
B2: Effects | C2: Justification | D2: Effects | E2: Justification | F2: Effects | G2: Justification
A3: Availability | B3: ='Detailed Reasoning'!B$3 | C3: ='Detailed Reasoning'!C$3 | D3: ='Detailed Reasoning'!D$3 | E3: ='Detailed Reasoning'!E$3 | F3: ='Detailed Reasoning'!F$3 | G3: ='Detailed Reasoning'!G$3
A4: 1조 | B4: ='1조'!B$3 -> -- | C4: ='1조'!C3 -> 각 컴포넌트에서 장애가 발생시 전체 data flow의 중단으로 이어질 수 있다 | D4: ='1조'!D$3 -> + | E4: ='1조'!E3 -> Pipe에 Buffer/Queue를 적용하면 장애 격리 및 재처리 가능 | F4: ='1조'!F$3 -> ++ | G4: ='1조'!G3 -> Controller가 Process의 상태를 지속적으로 확인하고 장애나 상태 변화에 동적으로 대응할 수 있음
A5: 2조 | B5: ='2조'!B$3 -> -- | C5: ='2조'!C$3 -> 앞에 단계가 끝나야 다음 단계이므로 한 단계 실패 시 전체 중단, 복구도 오래 걸림 | D5: ='2조'!D$3 | E5: ='2조'!E$3 | F5: ='2조'!F$3 -> 0 | G5: ='2조'!G$3 -> 장애시 피드백 루프 자체는 동작 가능하지만, 컨트롤러 장애 시 제어 불능 상태가 됨
A6: 3조 | B6: ='3조'!B$3 -> -- | C6: ='3조'!C$3 -> sequence 중 하나라도 에러가 발생하면 모든 시스템이 먹통이 된다 | D6: ='3조'!D$3 | E6: ='3조'!E$3 -> 3조 - Pipe and Filter - Availability | F6: ='3조'!F$3 | G6: ='3조'!G$3 -> 3조 - Process Control - Availability
A7: 4조 | B7: ='4조'!B$3 -> -- | C7: ='4조'!C$3 -> 하나의 processing step이 fault 발생시 의존하는 다른 step이 진행될 수가 없음 | D7: ='4조'!D$3 | E7: ='4조'!E$3 -> 4조 - Pipe and Filter - Availability | F7: ='4조'!F$3 | G7: ='4조'!G$3 -> 4조 - Process Control - Availability
A8: 5조숙 | B8: ='5조'!B$3 -> -- | C8: ='5조'!C$3 -> 한 단계에서 문제 발생시 모든 시퀀스가 기다려야 함 | D8: ='5조'!D$3 -> -- | E8: ='5조'!E$3 -> flow 일부가 망가지면 전체 동작 불가능해짐 | F8: ='5조'!F$3 | G8: ='5조'!G$3 -> 5조 - Process Control - Availability
A9: 6조 | B9: ='6조'!B$3 -> -- | C9: ='6조'!C$3 -> 순차적 파이프라인 구조상 특정 단계에서 장애나 에러가 발생하면 후속 단계가 진행되지 못하고 전체 데이터 흐름이 중단되며, 오류 복구 및 재수행에도 오랜 시간이 소요됨. | D9: ='6조'!D$3 -> + | E9: ='6조'!E$3 -> Pipe에 Buffer/Queue를 적용하면 장애 격리 및 재처리 가능 | F9: ='6조'!F$3 -> 0 | G9: ='6조'!G$3 -> 장애시 피드백 루프 자체는 동작 가능하지만, 컨트롤러 장애 시 제어 불능 상태가 됨
A10: 7조 | B10: ='7조'!B$3 | C10: ='7조'!C$3 -> 7조 - Batch Sequential - Availability | D10: ='7조'!D$3 | E10: ='7조'!E$3 -> 7조 - Pipe and Filter - Availability | F10: ='7조'!F$3 | G10: ='7조'!G$3 -> 7조 - Process Control - Availability
A11: 8조 | B11: ='8조'!B$3 | C11: ='8조'!C$3 -> 8조 - Batch Sequential - Availability | D11: ='8조'!D$3 | E11: ='8조'!E$3 -> 8조 - Pipe and Filter - Availability | F11: ='8조'!F$3 | G11: ='8조'!G$3 -> 8조 - Process Control - Availability
A12: 9조 | B12: ='9조'!B$3 | C12: ='9조'!C$3 -> 9조 - Batch Sequential - Availability | D12: ='9조'!D$3 | E12: ='9조'!E$3 -> 9조 - Pipe and Filter - Availability | F12: ='9조'!F$3 | G12: ='9조'!G$3 -> 9조 - Process Control - Availability
A14: Deployability | B14: ='Detailed Reasoning'!B$4 | C14: ='Detailed Reasoning'!C$4 | D14: ='Detailed Reasoning'!D$4 | E14: ='Detailed Reasoning'!E$4 | F14: ='Detailed Reasoning'!F$4 | G14: ='Detailed Reasoning'!G$4
A15: 1조 | B15: ='1조'!B$4 -> + | C15: ='1조'!C4 -> 단계별 독립 배포가 가능하다. 다만 단계간 결합도가 낮을수록 배포가 쉬워진다 | D15: ='1조'!D$4 -> ++ | E15: ='1조'!E4 -> 각 필터가 독립적인 컴포넌트로 분리되어 있고, 파이프의 표준 인터페이스를 준수하므로 특정 필터만 개별적으로 무중단 배포하기 용이함 | F15: ='1조'!F$4 -> - | G15: ='1조'!G4 -> 런타임 제어가 중단되면 물리적/시스템적 위험이 생길 수 있으므로, 제어 루프가 도는 도중에 무중단 배포를 적용하기가 까다로움. 또한 Controller의 제어 로직을 변경하면 Process의 동작에 영향
A16: 2조 | B16: ='2조'!B$4 -> -- | C16: ='2조'!C$4 -> 전체 파이프라인이 하나로 묶여 있어 부분 배포와 롤백이 어려움 | D16: ='2조'!D$4 | E16: ='2조'!E$4 -> 2조 - Pipe and Filter - Deployability | F16: ='2조'!F$4 -> - | G16: ='2조'!G$4 -> 하드웨어(센서/액추에이터)와 제어 로직이 긴밀히 결합되어 있어 독립 배포가 어려움
A17: 3조 | B17: ='3조'!B$4 -> ++ | C17: ='3조'!C$4 -> 항상 같은 sequence가 반복되기 때문에 input에 따른 동작, 시간, 비용 예측이 쉬울 것 같다 | D17: ='3조'!D$4 | E17: ='3조'!E$4 -> 3조 - Pipe and Filter - Deployability | F17: ='3조'!F$4 | G17: ='3조'!G$4 -> 3조 - Process Control - Deployability
A18: 4조 | B18: ='4조'!B$4 -> 0 | C18: ='4조'!C$4 -> 순차적으로 실행되기 때문에 전체 수행시간이 예측 가능함. 하지만 수행시간이 너무 긴 작업일 경우 제한된 운영 환경에서는 이식되기 어려울 수 있음. | D18: ='4조'!D$4 | E18: ='4조'!E$4 -> 4조 - Pipe and Filter - Deployability | F18: ='4조'!F$4 | G18: ='4조'!G$4 -> 4조 - Process Control - Deployability
A19: 5조 | B19: ='5조'!B$4 -> ++ | C19: ='5조'!C$4 -> 각 단계별 중간산출물을 명확히 파악 가능 | D19: ='5조'!D$4 -> + | E19: ='5조'!E$4 -> test 환경과 운영환경이 크게 달라질 일 없음 | F19: ='5조'!F$4 | G19: ='5조'!G$4 -> 5조 - Process Control - Deployability
A20: 6조 | B20: ='6조'!B$4 -> + | C20: ='6조'!C$4 -> 단계별 경계와 중간 산출물이 명확하여 결합도가 낮을 경우 개별 배치 프로그램을 독립적으로 배포·교체하기 용이함. 다만 전체 파이프라인이 하나로 묶여 관리되는 환경에서는 부분 배포 및 롤백이 어려울 수 있음. | D20: ='6조'!D$4 -> ++ | E20: ='6조'!E$4 -> 각 필터가 독립적인 컴포넌트로 분리되어 있고, 파이프의 표준 인터페이스를 준수하므로 특정 필터만 개별적으로 무중단 배포하기 용이함 | F20: ='6조'!F$4 -> - | G20: ='6조'!G$4 -> 하드웨어(센서/액추에이터)와 제어 로직이 긴밀히 결합되어 있어 독립 배포가 어려움
A21: 7조 | B21: ='7조'!B$4 | C21: ='7조'!C$4 -> 7조 - Batch Sequential - Deployability | D21: ='7조'!D$4 | E21: ='7조'!E$4 -> 7조 - Pipe and Filter - Deployability | F21: ='7조'!F$4 | G21: ='7조'!G$4 -> 7조 - Process Control - Deployability
A22: 8조 | B22: ='8조'!B$4 | C22: ='8조'!C$4 -> 8조 - Batch Sequential - Deployability | D22: ='8조'!D$4 | E22: ='8조'!E$4 -> 8조 - Pipe and Filter - Deployability | F22: ='8조'!F$4 | G22: ='8조'!G$4 -> 8조 - Process Control - Deployability
A23: 9조 | B23: ='9조'!B$4 | C23: ='9조'!C$4 -> 9조 - Batch Sequential - Deployability | D23: ='9조'!D$4 | E23: ='9조'!E$4 -> 9조 - Pipe and Filter - Deployability | F23: ='9조'!F$4 | G23: ='9조'!G$4 -> 9조 - Process Control - Deployability
A25: Integrability | B25: ='Detailed Reasoning'!B$5 | C25: ='Detailed Reasoning'!C$5 | D25: ='Detailed Reasoning'!D$5 | E25: ='Detailed Reasoning'!E$5 | F25: ='Detailed Reasoning'!F$5 | G25: ='Detailed Reasoning'!G$5
A26: 1조 | B26: ='1조'!B$5 -> + | C26: ='1조'!C5 -> interface가 잘 정의되어 있다면 입력->처리->출력 형태로 명확하게 나눌수있기에 integrability가 높다. | D26: ='1조'!D$5 -> ++ | E26: ='1조'!E5 -> 파이프를 흐르는 데이터의 인터페이스가 표준화되어 있어, 서로 다른 언어/기술로 작성된 새로운 필터나 외부 시스템을 파이프라인 중간에 쉽게 끼워 넣을 수 있음 | F26: ='1조'!F$5 -> 0 | G26: ='1조'!G5 -> sensor, Controller, Process, Actuator 간 명확한 Interface가 중요. 장치별 Protocol이나 데이터 형식에 강하게 의존하면 통합성이 떨어짐
A27: 2조 | B27: ='2조'!B$5 -> - | C27: ='2조'!C$5 -> 단계 간 강한 순서와 데이터 의존성으로 신규 컴포넌트 끼워넣기 어려움 | D27: ='2조'!D$5 | E27: ='2조'!E$5 -> 2조 - Pipe and Filter - Integrability | F27: ='2조'!F$5 -> 0 | G27: ='2조'!G$5 -> 하드웨어(센서/액추에이터)가 표준 인터페이스를 따르면 교체 가능하나, 제어 루프의 재구성은 쉽지 않음
A28: 3조 | B28: ='3조'!B$5 -> - | C28: ='3조'!C$5 -> sequence가 정해져 있어서 다른 시스템, 컴포넌트와 통합되기 힘들어 보인다 | D28: ='3조'!D$5 | E28: ='3조'!E$5 -> 3조 - Pipe and Filter - Integrability | F28: ='3조'!F$5 | G28: ='3조'!G$5 -> 3조 - Process Control - Integrability
A29: 4조 | B29: ='4조'!B$5 -> ++ | C29: ='4조'!C$7 -> 실행되는 step의 입력 데이터와 출력 데이터 간의 파일 형식만 맞추면 다른 형태로 쉽게 교체가 가능함 | D29: ='4조'!D$5 | E29: ='4조'!E$5 -> 4조 - Pipe and Filter - Integrability | F29: ='4조'!F$5 | G29: ='4조'!G$5 -> 4조 - Process Control - Integrability
A30: 5조 | B30: ='5조'!B$5 -> ++ | C30: ='5조'!C$5 -> sequence당 중간 산출물이 명확하여 모듈 구성이 용이 | D30: ='5조'!D$5 -> + | E30: ='5조'!E$5 -> 중간 산출물의 형태가 비교적 명확히 정의되어있음 | F30: ='5조'!F$5 | G30: ='5조'!G$5 -> 5조 - Process Control - Integrability
A31: 6조 | B31: ='6조'!B$5 -> + | C31: ='6조'!C$5 -> 각 단계 간 입력/출력 데이터 파일 포맷만 표준화되어 있으면 새로운 컴포넌트를 연계하거나 교체하기 용이함. 반면, 강한 실행 순서 및 데이터 의존성 때문에 파이프라인 중간에 임의의 컴포넌트를 동적으로 삽입하기는 까다롭다는 지적도 존재함. | D31: ='6조'!D$5 -> ++ | E31: ='6조'!E$5 -> 파이프를 흐르는 데이터의 인터페이스가 표준화되어 있어, 서로 다른 언어/기술로 작성된 새로운 필터나 외부 시스템을 파이프라인 중간에 쉽게 끼워 넣을 수 있음 | F31: ='6조'!F$5 -> 0 | G31: ='6조'!G$5 -> 하드웨어(센서/액추에이터)가 표준 인터페이스를 따르면 교체 가능하나, 제어 루프의 재구성은 쉽지 않음
A32: 7조 | B32: ='7조'!B$5 | C32: ='7조'!C$5 -> 7조 - Batch Sequential - Integrability | D32: ='7조'!D$5 | E32: ='7조'!E$5 -> 7조 - Pipe and Filter - Integrability | F32: ='7조'!F$5 | G32: ='7조'!G$5 -> 7조 - Process Control - Integrability
A33: 8조 | B33: ='8조'!B$5 | C33: ='8조'!C$5 -> 8조 - Batch Sequential - Integrability | D33: ='8조'!D$5 | E33: ='8조'!E$5 -> 8조 - Pipe and Filter - Integrability | F33: ='8조'!F$5 | G33: ='8조'!G$5 -> 8조 - Process Control - Integrability
A34: 9조 | B34: ='9조'!B$5 | C34: ='9조'!C$5 -> 9조 - Batch Sequential - Integrability | D34: ='9조'!D$5 | E34: ='9조'!E$5 -> 9조 - Pipe and Filter - Integrability | F34: ='9조'!F$5 | G34: ='9조'!G$5 -> 9조 - Process Control - Integrability
A36: Energy Efficiency | B36: ='Detailed Reasoning'!B$6 | C36: ='Detailed Reasoning'!C$6 | D36: ='Detailed Reasoning'!D$6 | E36: ='Detailed Reasoning'!E$6 | F36: ='Detailed Reasoning'!F$6 | G36: ='Detailed Reasoning'!G$6
A37: 1조 | B37: ='1조'!B$6 -> 0 | C37: ='1조'!C6 -> 동시 자원사용량을 낮출 수 있고 과도한 컴퓨팅 자원 사용을 줄일 수 있으나, sequential 구조로 처리시간이 길어지므로 소비된 총 에너지는 크게 유리하지 않음. | D37: ='1조'!D$6 -> 0 | E37: ='1조'!E6 -> Filter 병렬화로 처리시간 단축 가능하지만 동시 실행으로 자원 소비 증가 | F37: ='1조'!F$6 -> ++ | G37: ='1조'!G6 -> 시스템의 현재 상태를 보고 필요한 만큼만 자원을 사용할 수 있습니다.
A38: 2조 | B38: ='2조'!B$6 -> + | C38: ='2조'!C$6 -> 유휴 없이 몰아서 처리하므로 자원 활용률 높다 | D38: ='2조'!D$6 | E38: ='2조'!E$6 -> 2조 - Pipe and Filter - Energy Efficiency | F38: ='2조'!F$6 -> -- | G38: ='2조'!G$6 -> 지속적인 센싱과 연산이 필요한 구조라 유휴 상태 없이 상시 자원 소모함
A39: 3조 | B39: ='3조'!B$6 -> 0 | C39: ='3조'!C$6 -> 특별히 에너지와 관계 없어 보인다 | D39: ='3조'!D$6 | E39: ='3조'!E$6 -> 3조 - Pipe and Filter - Energy Efficiency | F39: ='3조'!F$6 | G39: ='3조'!G$6 -> 3조 - Process Control - Energy Efficiency
A40: 4조 | B40: ='4조'!B$6 -> - | C40: ='4조'!C$6 -> Utilization이라는 측면을 고려했을 때 시스템 자원 사용성이 순차실행이기 때문에 떨어질 수 있음. | D40: ='4조'!D$6 | E40: ='4조'!E$6 -> 4조 - Pipe and Filter - Energy Efficiency | F40: ='4조'!F$6 | G40: ='4조'!G$6 -> 4조 - Process Control - Energy Efficiency
A41: 5조 | B41: ='5조'!B$6 -> -- | C41: ='5조'!C$6 -> sequence 대기중 낭비되는 시간자원 큼 | D41: ='5조'!D$6 -> + | E41: ='5조'!E$6 -> 낭비자원 없이 pipeline가동할 것으로 예상 | F41: ='5조'!F$6 | G41: ='5조'!G$6 -> 5조 - Process Control - Energy Efficiency
A42: 6조 | B42: ='6조'!B$6 -> 0 | C42: ='6조'!C$6 -> 특정 시점에 대량 데이터를 한 번에 처리하므로 유휴 상태 없이 컴퓨팅 자원 활용률을 높일 수 있다는 긍정적 측면과, 선행 작업 종료 시까지 후속 작업이 대기하고 순차 실행으로 인해 전체 소요 시간이 늘어나 총 에너지 절감에는 불리하다는 관점이 상충함. | D42: ='6조'!D$6 -> 0 | E42: ='6조'!E$6 -> Filter 병렬화로 처리시간 단축 가능하지만 동시 실행으로 자원 소비 증가 | F42: ='6조'!F$6 -> -- | G42: ='6조'!G$6 -> 지속적인 센싱과 연산이 필요한 구조라 유휴 상태 없이 상시 자원 소모함
A43: 7조 | B43: ='7조'!B$6 | C43: ='7조'!C$6 -> 7조 - Batch Sequential - Energy Efficiency | D43: ='7조'!D$6 | E43: ='7조'!E$6 -> 7조 - Pipe and Filter - Energy Efficiency | F43: ='7조'!F$6 | G43: ='7조'!G$6 -> 7조 - Process Control - Energy Efficiency
A44: 8조 | B44: ='8조'!B$6 | C44: ='8조'!C$6 -> 8조 - Batch Sequential - Energy Efficiency | D44: ='8조'!D$6 | E44: ='8조'!E$6 -> 8조 - Pipe and Filter - Energy Efficiency | F44: ='8조'!F$6 | G44: ='8조'!G$6 -> 8조 - Process Control - Energy Efficiency
A45: 9조 | B45: ='9조'!B$6 | C45: ='9조'!C$6 -> 9조 - Batch Sequential - Energy Efficiency | D45: ='9조'!D$6 | E45: ='9조'!E$6 -> 9조 - Pipe and Filter - Energy Efficiency | F45: ='9조'!F$6 | G45: ='9조'!G$6 -> 9조 - Process Control - Energy Efficiency
A47: Modifiability | B47: ='Detailed Reasoning'!B$7 | C47: ='Detailed Reasoning'!C$7 | D47: ='Detailed Reasoning'!D$7 | E47: ='Detailed Reasoning'!E$7 | F47: ='Detailed Reasoning'!F$7 | G47: ='Detailed Reasoning'!G$7
A48: 1조 | B48: ='1조'!B$7 -> + | C48: ='1조'!C7 -> 데이터의 형식이 고정되어 있는상태에서 개별 단계 로직 변경은 쉬우나 데이터 구조(형태)가 바뀌는 경우엔 변경 용이성이 떨어짐 | D48: ='1조'!D$7 -> + | E48: ='1조'!E7 -> 필터 간 직접적인 의존성이 없고 오직 파이프와만 통신하므로, 파이프라인에 새로운 필터를 추가·제거·재배치하기가 매우 쉬우나 데이터 공통구조(형태)가 수정되는 경우 전체 필터에 영향이 있음 | F48: ='1조'!F$7 -> 0 | G48: ='1조'!G7 -> 제어기(Controller) 내부의 제어 로직을 교체하는 것은 독립 모듈로 가능하나 제어 변수나 목표 값(Set Point)을 변경할 경우, 피드백 루프 전체의 안정성(Stability)에 영향을 주기 때문에 시스템 전체의 응답 특성을 재조정하여야하는 문제가 있음.
A49: 2조 | B49: ='2조'!B$7 -> + | C49: ='2조'!C$7 -> 단계별로 분리돼 있어 특정 단계 로직 교체는 비교적 쉬움 | D49: ='2조'!D$7 | E49: ='2조'!E$7 -> 2조 - Pipe and Filter - Modifiability | F49: ='2조'!F$7 -> - | G49: ='2조'!G$7 -> 제어 로직 변경 시 전체 의존성 변경으로 변경 범위가 큼
A50: 3조 | B50: ='3조'!B$7 -> 0 | C50: ='3조'!C$7 -> 각 프로그램이 독립적이기 때문에 수정이 용이할 것 같지만 앞 시퀀스의 파일 변경이 뒤 시퀀스에 영향을 줄 수도 있을 것 같아 + - | D50: ='3조'!D$7 | E50: ='3조'!E$7 -> 3조 - Pipe and Filter - Modifiability | F50: ='3조'!F$7 | G50: ='3조'!G$7 -> 3조 - Process Control - Modifiability
A51: 4조 | B51: ='4조'!B$7 -> ++ | C51: =#REF! -> #REF! | D51: ='4조'!D$7 | E51: ='4조'!E$7 -> 4조 - Pipe and Filter - Modifiability | F51: ='4조'!F$7 | G51: ='4조'!G$7 -> 4조 - Process Control - Modifiability
A52: 5조 | B52: ='5조'!B$7 -> ++ | C52: ='5조'!C$7 -> 후속 sequence영향 범위 고려 필요 | D52: ='5조'!D$7 -> - | E52: ='5조'!E$7 -> 후속 pipeline영향범위 고려 필요 | F52: ='5조'!F$7 | G52: ='5조'!G$7 -> 5조 - Process Control - Modifiability
A53: 6조 | B53: ='6조'!B$7 -> + | C53: ='6조'!C$7 -> 프로그램이 단계별로 분리되어 있어 특정 단계의 알고리즘이나 내부 로직을 수정하는 것은 쉬움. 그러나 중간 파일의 데이터 구조(포맷)가 변경되면 이후의 모든 후속 시퀀스에 영향(Ripple effect)을 미침. | D53: ='6조'!D$7 -> + | E53: ='6조'!E$7 -> 필터 간 직접적인 의존성이 없고 오직 파이프와만 통신하므로, 파이프라인에 새로운 필터를 추가·제거·재배치하기가 매우 쉬우나 데이터 공통구조(형태)가 수정되는 경우 전체 필터에 영향이 있음 | F53: ='6조'!F$7 -> - | G53: ='6조'!G$7 -> 제어 로직 변경 시 전체 의존성 변경으로 변경 범위가 큼
A54: 7조 | B54: ='7조'!B$7 | C54: ='7조'!C$7 -> 7조 - Batch Sequential - Modifiability | D54: ='7조'!D$7 | E54: ='7조'!E$7 -> 7조 - Pipe and Filter - Modifiability | F54: ='7조'!F$7 | G54: ='7조'!G$7 -> 7조 - Process Control - Modifiability
A55: 8조 | B55: ='8조'!B$7 | C55: ='8조'!C$7 -> 8조 - Batch Sequential - Modifiability | D55: ='8조'!D$7 | E55: ='8조'!E$7 -> 8조 - Pipe and Filter - Modifiability | F55: ='8조'!F$7 | G55: ='8조'!G$7 -> 8조 - Process Control - Modifiability
A56: 9조 | B56: ='9조'!B$7 | C56: ='9조'!C$7 -> 9조 - Batch Sequential - Modifiability | D56: ='9조'!D$7 | E56: ='9조'!E$7 -> 9조 - Pipe and Filter - Modifiability | F56: ='9조'!F$7 | G56: ='9조'!G$7 -> 9조 - Process Control - Modifiability
A58: Performance | B58: ='Detailed Reasoning'!B$8 | C58: ='Detailed Reasoning'!C$8 | D58: ='Detailed Reasoning'!D$8 | E58: ='Detailed Reasoning'!E$8 | F58: ='Detailed Reasoning'!F$8 | G58: ='Detailed Reasoning'!G$8
A59: 1조 | B59: ='1조'!B$8 -> -- | C59: ='1조'!C8 -> 각 단계가 이전 단계가 완료가 되어야 실행이 되기 때문에 latency가 매우 높다 | D59: ='1조'!D$8 -> + | E59: ='1조'!E8 -> Filter 병렬화 및 Pipeline Processing 가능하지만 파이프간 데이터가 이동할 때 오버헤드가 많을 수도 있음. | F59: ='1조'!F$8 -> ++ | G59: ='1조'!G8 -> 실시간 상태를 기반으로 동적으로 제어할 수 있기 때문에 Performance에 유리합니다
A60: 2조 | B60: ='2조'!B$8 -> ++ | C60: ='2조'!C$8 -> 대용량 데이터 일괄 처리에 최적화된 구조 | D60: ='2조'!D$8 | E60: ='2조'!E$8 -> 2조 - Pipe and Filter - Performance | F60: ='2조'!F$8 -> ++ | G60: ='2조'!G$8 -> 실행 순서와 주기 제어로 빠른응답, 실시간 제어, 성능 예측 가능함
A61: 3조 | B61: ='3조'!B$8 -> -- | C61: ='3조'!C$8 -> 앞 동작이 끝나야 뒤 동작이 수행되기 때문에 성능이 안좋을 것 같다 | D61: ='3조'!D$8 | E61: ='3조'!E$8 -> 3조 - Pipe and Filter - Performance | F61: ='3조'!F$8 | G61: ='3조'!G$8 -> 3조 - Process Control - Performance
A62: 4조 | B62: ='4조'!B$8 -> - | C62: ='4조'!C$8 -> 병렬성이 떨어지기 때문에 성능상으로는 이점이 적음 | D62: ='4조'!D$8 | E62: ='4조'!E$8 -> 4조 - Pipe and Filter - Performance | F62: ='4조'!F$8 | G62: ='4조'!G$8 -> 4조 - Process Control - Performance
A63: 5조 | B63: ='5조'!B$8 -> 0 | C63: ='5조'!C$8 -> performance 영향성 미비 | D63: ='5조'!D$8 -> 0 | E63: ='5조'!E$8 -> 동작 자체의 behavior 는 영향성 미비 | F63: ='5조'!F$8 | G63: ='5조'!G$8 -> 5조 - Process Control - Performance
A64: 6조 | B64: ='6조'!B$8 -> - | C64: ='6조'!C$8 -> 이전 단계가 완전히 종료되어 디스크에 파일 저장이 끝나야 다음 단계가 시작되므로, 파이프라인 병렬 처리가 불가능하여 응답/대기 시간(Latency)이 매우 긺. 단, 실시간성이 필요 없는 대용량 데이터의 일괄 처리량(Throughput) 측면에서는 여전히 유효함. | D64: ='6조'!D$8 -> + | E64: ='6조'!E$8 -> Filter 병렬화 및 Pipeline Processing 가능하지만 파이프간 데이터가 이동할 때 오버헤드가 많을 수도 있음. | F64: ='6조'!F$8 -> ++ | G64: ='6조'!G$8 -> 실행 순서와 주기 제어로 빠른응답, 실시간 제어, 성능 예측 가능함
A65: 7조 | B65: ='7조'!B$8 | C65: ='7조'!C$8 -> 7조 - Batch Sequential - Performance | D65: ='7조'!D$8 | E65: ='7조'!E$8 -> 7조 - Pipe and Filter - Performance | F65: ='7조'!F$8 | G65: ='7조'!G$8 -> 7조 - Process Control - Performance
A66: 8조 | B66: ='8조'!B$8 | C66: ='8조'!C$8 -> 8조 - Batch Sequential - Performance | D66: ='8조'!D$8 | E66: ='8조'!E$8 -> 8조 - Pipe and Filter - Performance | F66: ='8조'!F$8 | G66: ='8조'!G$8 -> 8조 - Process Control - Performance
A67: 9조 | B67: ='9조'!B$8 | C67: ='9조'!C$8 -> 9조 - Batch Sequential - Performance | D67: ='9조'!D$8 | E67: ='9조'!E$8 -> 9조 - Pipe and Filter - Performance | F67: ='9조'!F$8 | G67: ='9조'!G$8 -> 9조 - Process Control - Performance
A69: Safety | B69: ='Detailed Reasoning'!B$9 | C69: ='Detailed Reasoning'!C$9 | D69: ='Detailed Reasoning'!D$9 | E69: ='Detailed Reasoning'!E$9 | F69: ='Detailed Reasoning'!F$9 | G69: ='Detailed Reasoning'!G$9
A70: 1조 | B70: ='1조'!B$9 -> ++ | C70: ='1조'!C9 -> 각 단계가 순차적으로 실행되기 때문에 각 단계에서 결과를 검증하고 문제가 있으면 다음 단계로 진행하지 않도록 제어하기 쉬움 | D70: ='1조'!D$9 -> 0 | E70: ='1조'!E9 -> Filter별 Validation 및 오류 격리가 가능하지만 잘못된 데이터가 Pipeline을 따라 전파될 수 있음 | F70: ='1조'!F$9 -> ++ | G70: ='1조'!G9 -> 시스템이 위험 범위(Critical Condition)를 벗어나지 않도록 감시하고 제어하는 것이 본래 목적이므로 안전성이 가장 뛰어난 아키텍처
A71: 2조 | B71: ='2조'!B$9 -> 0 | C71: ='2조'!C$9 -> 실행 흐름이 예측 가능해 오작동 추적은 쉽지만, 부분 실패 격리가 어려움 | D71: ='2조'!D$9 | E71: ='2조'!E$9 -> 2조 - Pipe and Filter - Safety | F71: ='2조'!F$9 -> ++ | G71: ='2조'!G$9 -> 상태 감시와 제한 조건 설정으로 위험한 동작 방지 가능함
A72: 3조 | B72: ='3조'!B$9 -> - | C72: ='3조'!C$9 -> Availability와 관련되어 한가지 component만 망가져도 피해가 클 것 같다. | D72: ='3조'!D$9 | E72: ='3조'!E$9 -> 3조 - Pipe and Filter - Safety | F72: ='3조'!F$9 | G72: ='3조'!G$9 -> 3조 - Process Control - Safety
A73: 4조 | B73: ='4조'!B$9 -> -- | C73: ='4조'!C$9 -> 전체 동작 중에 하나만 fault가 발생해도 전체의 fault로 이어짐 | D73: ='4조'!D$9 | E73: ='4조'!E$9 -> 4조 - Pipe and Filter - Safety | F73: ='4조'!F$9 | G73: ='4조'!G$9 -> 4조 - Process Control - Safety
A74: 5조 | B74: ='5조'!B$9 -> ++ | C74: ='5조'!C$9 -> 시스템 외부 outbound 모듈이 제일 마지막시퀀스 단 하나뿐임 | D74: ='5조'!D$9 | E74: ='5조'!E$9 | F74: ='5조'!F$9 | G74: ='5조'!G$9 -> 5조 - Process Control - Safety
A75: 6조 | B75: ='6조'!B$9 -> ++ | C75: ='6조'!C$9 -> 실행 흐름이 예측 가능하고 단계별로 중간 결과를 검증(Gate/Validation)하여 오류가 있을 경우 다음 단계로의 전파를 사전에 차단할 수 있음. 외부 연동(Outbound)이 마지막에 집중되어 통제가 수월함. | D75: ='6조'!D$9 -> 0 | E75: ='6조'!E$9 -> Filter별 Validation 및 오류 격리가 가능하지만 잘못된 데이터가 Pipeline을 따라 전파될 수 있음 | F75: ='6조'!F$9 -> ++ | G75: ='6조'!G$9 -> 상태 감시와 제한 조건 설정으로 위험한 동작 방지 가능함
A76: 7조 | B76: ='7조'!B$9 | C76: ='7조'!C$9 -> 7조 - Batch Sequential - Safety | D76: ='7조'!D$9 | E76: ='7조'!E$9 -> 7조 - Pipe and Filter - Safety | F76: ='7조'!F$9 | G76: ='7조'!G$9 -> 7조 - Process Control - Safety
A77: 8조 | B77: ='8조'!B$9 | C77: ='8조'!C$9 -> 8조 - Batch Sequential - Safety | D77: ='8조'!D$9 | E77: ='8조'!E$9 -> 8조 - Pipe and Filter - Safety | F77: ='8조'!F$9 | G77: ='8조'!G$9 -> 8조 - Process Control - Safety
A78: 9조 | B78: ='9조'!B$9 | C78: ='9조'!C$9 -> 9조 - Batch Sequential - Safety | D78: ='9조'!D$9 | E78: ='9조'!E$9 -> 9조 - Pipe and Filter - Safety | F78: ='9조'!F$9 | G78: ='9조'!G$9 -> 9조 - Process Control - Safety
A80: Security | B80: ='Detailed Reasoning'!B$10 | C80: ='Detailed Reasoning'!C$10 | D80: ='Detailed Reasoning'!D$10 | E80: ='Detailed Reasoning'!E$10 | F80: ='Detailed Reasoning'!F$10 | G80: ='Detailed Reasoning'!G$10
A81: 1조 | B81: ='1조'!B$10 -> - | C81: ='1조'!C10 -> 단순한 시퀀셜한 구조로 인해 권한 관리 및 감사 추적은 유리하나, 중간 저장 매체로 인한 데이터 유출 공격 포인트가 넓음 | D81: ='1조'!D$10 -> 0 | E81: ='1조'!E10 -> Filter별 접근통제 및 데이터 보호 가능하지만 Pipe 구간과 중간 데이터 보호 필요 | F81: ='1조'!F$10 -> - | G81: ='1조'!G10 -> 피드백 루프나 센서 데이터가 조작될 경우 물리적 파괴나 시스템 마비가 가능
A82: 2조 | B82: ='2조'!B$10 -> 0 | C82: ='2조'!C$10 -> 단계별 접근 통제는 가능하나, 보안 메커니즘을 내장하진 않고 있음 | D82: ='2조'!D$10 | E82: ='2조'!E$10 -> 2조 - Pipe and Filter - Security | F82: ='2조'!F$10 -> - | G82: ='2조'!G$10 -> Processing Unit, Control Unit으로의 보안 공격으로 시스템 전체가 위험해질 수 있음
A83: 3조 | B83: ='3조'!B$10 -> - | C83: ='3조'!C$10 -> 중간중간의 input/output file이 탈취가 쉬울 것 같다..(?) | D83: ='3조'!D$10 | E83: ='3조'!E$10 -> 3조 - Pipe and Filter - Security | F83: ='3조'!F$10 | G83: ='3조'!G$10 -> 3조 - Process Control - Security
A84: 4조 | B84: ='4조'!B$10 -> -- | C84: ='4조'!C$10 -> 시스템 구조가 단순하고 각 step이 강하게 결합되어 있고 각 정보를 담당하는 부분이 명확하게 식별 가능하기 때문에 target 분석이 쉬움 | D84: ='4조'!D$10 | E84: ='4조'!E$10 -> 4조 - Pipe and Filter - Security | F84: ='4조'!F$10 | G84: ='4조'!G$10 -> 4조 - Process Control - Security
A85: 5조 | B85: ='5조'!B$10 -> + | C85: ='5조'!C$10 -> sequence별 권한분리 가능 | D85: ='5조'!D$10 | E85: ='5조'!E$10 -> 5조 - Pipe and Filter - Security | F85: ='5조'!F$10 | G85: ='5조'!G$10 -> 5조 - Process Control - Security
A86: 6조 | B86: ='6조'!B$10 -> - | C86: ='6조'!C$10 -> 단계별/시퀀스별 권한 분리 및 감사 추적은 유리하지만, 단계 간 주고받는 중간 저장 파일(디스크/스토리지)이 공격에 노출되거나 탈취·변조될 위험(공격 표면 증가)이 상대적으로 큼. | D86: ='6조'!D$10 -> 0 | E86: ='6조'!E$10 -> Filter별 접근통제 및 데이터 보호 가능하지만 Pipe 구간과 중간 데이터 보호 필요 | F86: ='6조'!F$10 -> - | G86: ='6조'!G$10 -> Processing Unit, Control Unit으로의 보안 공격으로 시스템 전체가 위험해질 수 있음
A87: 7조 | B87: ='7조'!B$10 | C87: ='7조'!C$10 -> 7조 - Batch Sequential - Security | D87: ='7조'!D$10 | E87: ='7조'!E$10 -> 7조 - Pipe and Filter - Security | F87: ='7조'!F$10 | G87: ='7조'!G$10 -> 7조 - Process Control - Security
A88: 8조 | B88: ='8조'!B$10 | C88: ='8조'!C$10 -> 8조 - Batch Sequential - Security | D88: ='8조'!D$10 | E88: ='8조'!E$10 -> 8조 - Pipe and Filter - Security | F88: ='8조'!F$10 | G88: ='8조'!G$10 -> 8조 - Process Control - Security
A89: 9조 | B89: ='9조'!B$10 | C89: ='9조'!C$10 -> 9조 - Batch Sequential - Security | D89: ='9조'!D$10 | E89: ='9조'!E$10 -> 9조 - Pipe and Filter - Security | F89: ='9조'!F$10 | G89: ='9조'!G$10 -> 9조 - Process Control - Security
A91: Testability | B91: ='Detailed Reasoning'!B$11 | C91: ='Detailed Reasoning'!C$11 | D91: ='Detailed Reasoning'!D$11 | E91: ='Detailed Reasoning'!E$11 | F91: ='Detailed Reasoning'!F$11 | G91: ='Detailed Reasoning'!G$11
A92: 1조 | B92: ='1조'!B$11 -> ++ | C92: ='1조'!C11 -> 전체 Data Flow를 실행하지 않고 특정 Batch의 입력과 출력만 검증할 수 있기에 | D92: ='1조'!D$11 -> + | E92: ='1조'!E11 -> 표준 입출력을 가지므로 특정 필터만 떼어내어 Mock 데이터로 단위 테스트(Unit Test)를 수행하기가 쉬우나 비동기/동기가 섞여있으므로 전체 파이프라인 레이스 조건/타임아웃 테스트는 재현이 어려움 | F92: ='1조'!F$11 -> -- | G92: ='1조'!G11 -> 외부 환경의 오차(Noise, 외란)에 따른 피드백 반응을 모든 케이스별로 재현하기 까다롭습니다.
A93: 2조 | B93: ='2조'!B$11 -> ++ | C93: ='2조'!C$11 -> 각 단계를 독립적 입출력으로 분리 테스트 가능 | D93: ='2조'!D$11 | E93: ='2조'!E$11 -> 2조 - Pipe and Filter - Testability | F93: ='2조'!F$11 -> 0 | G93: ='2조'!G$11 -> Processing Unit, Control Unit의 단위테스트는 용이하나, 실시간 피드백과 타이밍 의존성 때문에 전체 통합테스트는 쉽지 않음
A94: 3조 | B94: ='3조'!B$11 -> ++ | C94: ='3조'!C$11 -> 각 component가 독립적이기 때문에 test가 쉬울 것 같고 알맞은 input만 구비되면 될 것 같다 | D94: ='3조'!D$11 | E94: ='3조'!E$11 -> 3조 - Pipe and Filter - Testability | F94: ='3조'!F$11 | G94: ='3조'!G$11 -> 3조 - Process Control - Testability
A95: 4조 | B95: ='4조'!B$11 | C95: ='4조'!C$11 -> 4조 - Batch Sequential - Testability | D95: ='4조'!D$11 | E95: ='4조'!E$11 -> 4조 - Pipe and Filter - Testability | F95: ='4조'!F$11 | G95: ='4조'!G$11 -> 4조 - Process Control - Testability
A96: 5조 | B96: ='5조'!B$11 -> + | C96: ='5조'!C$11 -> sequence별 test범위 분리 가능 | D96: ='5조'!D$11 | E96: ='5조'!E$11 -> 5조 - Pipe and Filter - Testability | F96: ='5조'!F$11 | G96: ='5조'!G$11 -> 5조 - Process Control - Testability
A97: 6조 | B97: ='6조'!B$11 -> ++ | C97: ='6조'!C$11 -> 각 컴포넌트의 입력과 출력이 명확한 파일/데이터셋 형태로 규격화되어 있어, 전체 시스템을 구동하지 않고도 독립적인 단위 테스트(Mock/Sample 입력 검증) 및 결과 재현이 매우 쉬움. | D97: ='6조'!D$11 -> + | E97: ='6조'!E$11 -> 표준 입출력을 가지므로 특정 필터만 떼어내어 Mock 데이터로 단위 테스트(Unit Test)를 수행하기가 쉬우나 비동기/동기가 섞여있으므로 전체 파이프라인 레이스 조건/타임아웃 테스트는 재현이 어려움 | F97: ='6조'!F$11 -> 0 | G97: ='6조'!G$11 -> Processing Unit, Control Unit의 단위테스트는 용이하나, 실시간 피드백과 타이밍 의존성 때문에 전체 통합테스트는 쉽지 않음
A98: 7조 | B98: ='7조'!B$11 | C98: ='7조'!C$11 -> 7조 - Batch Sequential - Testability | D98: ='7조'!D$11 | E98: ='7조'!E$11 -> 7조 - Pipe and Filter - Testability | F98: ='7조'!F$11 | G98: ='7조'!G$11 -> 7조 - Process Control - Testability
A99: 8조 | B99: ='8조'!B$11 | C99: ='8조'!C$11 -> 8조 - Batch Sequential - Testability | D99: ='8조'!D$11 | E99: ='8조'!E$11 -> 8조 - Pipe and Filter - Testability | F99: ='8조'!F$11 | G99: ='8조'!G$11 -> 8조 - Process Control - Testability
A100: 9조 | B100: ='9조'!B$11 | C100: ='9조'!C$11 -> 9조 - Batch Sequential - Testability | D100: ='9조'!D$11 | E100: ='9조'!E$11 -> 9조 - Pipe and Filter - Testability | F100: ='9조'!F$11 | G100: ='9조'!G$11 -> 9조 - Process Control - Testability
A102: Usability | B102: ='Detailed Reasoning'!B$12 | C102: ='Detailed Reasoning'!C$12 | D102: ='Detailed Reasoning'!D$12 | E102: ='Detailed Reasoning'!E$12 | F102: ='Detailed Reasoning'!F$12 | G102: ='Detailed Reasoning'!G$12
A103: 1조 | B103: ='1조'!B$12 -> 0 | C103: ='1조'!C12 -> 데이터 처리가 순차적으로 수행되므로 처리 완료까지의 대기시간이 증가할 수 있어 즉각적인 사용자 응답 측면에서는 불리. 그러나 처리 진행상태, 오류 발생시 오류 발생 단계를 제공할 수 있어 사용성을 향상시킬 수 있음 | D103: ='1조'!D$12 -> ++ | E103: ='1조'!E12 -> 입력이나 변경 발생 시 밀리초~초 단위로 결과가 대시보드나 화면에 반영되므로 대기 시간이 없어 최상의 사용자 경험을 제공 | F103: ='1조'!F$12 -> ++ | G103: ='1조'!G12 -> 환경 변화에 즉각 대응하므로 사용자가 느끼는 시스템의 반응성이 뛰어남
A104: 2조 | B104: ='2조'!B$12 -> -- | C104: ='2조'!C$12 -> 사용자와의 실시간 상호작용이 없는 구조, 사람이 개입할 여지 적음 | D104: ='2조'!D$12 | E104: ='2조'!E$12 -> 2조 - Pipe and Filter - Usability | F104: ='2조'!F$12 -> -- | G104: ='2조'!G$12 -> 사람이 직접 조작하는 구조가 아님
A105: 3조 | B105: ='3조'!B$12 -> + | C105: ='3조'!C$12 -> 모든 시퀀스를 거친 결과가 항상 예상범주 안에 있을 것이고 원하는 결과를 얻기 쉬울 것 같다 | D105: ='3조'!D$12 | E105: ='3조'!E$12 -> 3조 - Pipe and Filter - Usability | F105: ='3조'!F$12 | G105: ='3조'!G$12 -> 3조 - Process Control - Usability
A106: 4조 | B106: ='4조'!B$12 | C106: ='4조'!C$12 -> 4조 - Batch Sequential - Usability | D106: ='4조'!D$12 | E106: ='4조'!E$12 -> 4조 - Pipe and Filter - Usability | F106: ='4조'!F$12 | G106: ='4조'!G$12 -> 4조 - Process Control - Usability
A107: 5조 | B107: ='5조'!B$12 -> 0 | C107: ='5조'!C$12 -> usability 영향성 미비 | D107: ='5조'!D$12 | E107: ='5조'!E$12 -> 5조 - Pipe and Filter - Usability | F107: ='5조'!F$12 | G107: ='5조'!G$12 -> 5조 - Process Control - Usability
A108: 6조 | B108: ='6조'!B$12 -> 0 | C108: ='6조'!C$12 -> 사용자와의 실시간 상호작용(Interactive)이 없고 긴 대기 시간이 발생하여 최종 사용자 경험 측면에서는 불리함. 다만 순차적 실행 특성상 배치 진행 상태나 장애 단계 파악이 쉬워 시스템 운영자 관점의 사용성은 일부 충족됨. | D108: ='6조'!D$12 -> ++ | E108: ='6조'!E$12 -> 입력이나 변경 발생 시 밀리초~초 단위로 결과가 대시보드나 화면에 반영되므로 대기 시간이 없어 최상의 사용자 경험을 제공 | F108: ='6조'!F$12 -> -- | G108: ='6조'!G$12 -> 사람이 직접 조작하는 구조가 아님
A109: 7조 | B109: ='7조'!B$12 | C109: ='7조'!C$12 -> 7조 - Batch Sequential - Usability | D109: ='7조'!D$12 | E109: ='7조'!E$12 -> 7조 - Pipe and Filter - Usability | F109: ='7조'!F$12 | G109: ='7조'!G$12 -> 7조 - Process Control - Usability
...

Sheet DC
A1: Data Centered | B1: Shared Repository | D1: Blackboard
B2: Effects | C2: Justification | D2: Effects | E2: Justification
A3: Availability | B3: ='Detailed Reasoning'!B16 | C3: ='Detailed Reasoning'!C16 | D3: ='Detailed Reasoning'!D16 | E3: ='Detailed Reasoning'!E16
A4: 1조 | B4: ='1조'!B$16 | C4: ='1조'!C16 -> 1조 - Shared Respository - Availability | D4: ='1조'!D$16 | E4: ='1조'!E16 -> 1조 - Blackboard - Availability
A5: 2조 | B5: ='2조'!B$16 | C5: ='2조'!C$16 -> 2조 - Shared Respository - Availability | D5: ='2조'!D$16 | E5: ='2조'!E$16 -> 2조 - Blackboard - Availability
A6: 3조 | B6: ='3조'!B$16 -> - | C6: ='3조'!C$16 -> Repository에 문제가 생기면 모든 client의 동작이 마비된다. | D6: ='3조'!D$16 | E6: ='3조'!E$16 -> 3조 - Blackboard - Availability
A7: 4조 | B7: ='4조'!B$16 | C7: ='4조'!C$16 -> 4조 - Shared Respository - Availability | D7: ='4조'!D$16 -> -- | E7: ='4조'!E$16 -> 단일 공유 블랙보드가 단일 장애점
A8: 5조 | B8: ='5조'!B$16 | C8: ='5조'!C$16 -> 5조 - Shared Respository - Availability | D8: ='5조'!D$16 | E8: ='5조'!E$16 -> 5조 - Blackboard - Availability
A9: 6조 | B9: ='6조'!B$16 -> - | C9: ='6조'!C$16 -> Repository에 문제가 생기면 모든 client의 동작이 마비된다. | D9: ='6조'!D$16 -> -- | E9: ='6조'!E$16 -> 단일 공유 블랙보드가 단일 장애점
A10: 7조 | B10: ='7조'!B$16 | C10: ='7조'!C$16 -> 7조 - Shared Respository - Availability | D10: ='7조'!D$16 | E10: ='7조'!E$16 -> 7조 - Blackboard - Availability
A11: 8조 | B11: ='8조'!B$16 | C11: ='8조'!C$16 -> 8조 - Shared Respository - Availability | D11: ='8조'!D$16 | E11: ='8조'!E$16 -> 8조 - Blackboard - Availability
A12: 9조 | B12: ='9조'!B$16 | C12: ='9조'!C$16 -> 9조 - Shared Respository - Availability | D12: ='9조'!D$16 | E12: ='9조'!E$16 -> 9조 - Blackboard - Availability
A14: Deployability | B14: ='Detailed Reasoning'!B17 | C14: ='Detailed Reasoning'!C17 | D14: ='Detailed Reasoning'!D17 | E14: ='Detailed Reasoning'!E17
A15: 1조 | B15: ='1조'!B$17 | C15: ='1조'!C17 -> 1조 - Shared Respository - Deployability | D15: ='1조'!D$17 | E15: ='1조'!E17 -> 1조 - Blackboard - Deployability
A16: 2조 | B16: ='2조'!B$17 | C16: ='2조'!C$17 -> 2조 - Shared Respository - Deployability | D16: ='2조'!D$17 | E16: ='2조'!E$17 -> 2조 - Blackboard - Deployability
A17: 3조 | B17: ='3조'!B$17 -> - | C17: ='3조'!C$17 -> 한 component의 변경이 시스템 전체에 영향을 미칠 수 있고 배포 용이성에 영향을 미친다. | D17: ='3조'!D$17 | E17: ='3조'!E$17 -> 3조 - Blackboard - Deployability
A18: 4조 | B18: ='4조'!B$17 | C18: ='4조'!C$17 -> 4조 - Shared Respository - Deployability | D18: ='4조'!D$17 -> - | E18: ='4조'!E$17 -> 모든 지식원이 블랙보드/제어 컴포넌트에 강결합
A19: 5조 | B19: ='5조'!B$17 | C19: ='5조'!C$17 -> 5조 - Shared Respository - Deployability | D19: ='5조'!D$17 | E19: ='5조'!E$17 -> 5조 - Blackboard - Deployability
A20: 6조 | B20: ='6조'!B$17 -> - | C20: ='6조'!C$17 -> 한 component의 변경이 시스템 전체에 영향을 미칠 수 있고 배포 용이성에 영향을 미친다. | D20: ='6조'!D$17 -> - | E20: ='6조'!E$17 -> 모든 지식원이 블랙보드/제어 컴포넌트에 강결합
A21: 7조 | B21: ='7조'!B$17 | C21: ='7조'!C$17 -> 7조 - Shared Respository - Deployability | D21: ='7조'!D$17 | E21: ='7조'!E$17 -> 7조 - Blackboard - Deployability
A22: 8조 | B22: ='8조'!B$17 | C22: ='8조'!C$17 -> 8조 - Shared Respository - Deployability | D22: ='8조'!D$17 | E22: ='8조'!E$17 -> 8조 - Blackboard - Deployability
A23: 9조 | B23: ='9조'!B$17 | C23: ='9조'!C$17 -> 9조 - Shared Respository - Deployability | D23: ='9조'!D$17 | E23: ='9조'!E$17 -> 9조 - Blackboard - Deployability
A25: Integrability | B25: ='Detailed Reasoning'!B18 | C25: ='Detailed Reasoning'!C18 | D25: ='Detailed Reasoning'!D18 | E25: ='Detailed Reasoning'!E18
A26: 1조 | B26: ='1조'!B$18 | C26: ='1조'!C18 -> 1조 - Shared Respository - Integrability | D26: ='1조'!D$18 | E26: ='1조'!E18 -> 1조 - Blackboard - Integrability
A27: 2조 | B27: ='2조'!B$18 | C27: ='2조'!C$18 -> 2조 - Shared Respository - Integrability | D27: ='2조'!D$18 | E27: ='2조'!E$18 -> 2조 - Blackboard - Integrability
A28: 3조 | B28: ='3조'!B$18 -> - | C28: ='3조'!C$18 -> repository의 있는 그대로를 사용하는 client가 추가되는 것이 쉽기 때문에 통합 용이성은 좋다. | D28: ='3조'!D$18 | E28: ='3조'!E$18 -> 3조 - Blackboard - Integrability
A29: 4조 | B29: ='4조'!B$18 | C29: ='4조'!C$18 -> 4조 - Shared Respository - Integrability | D29: ='4조'!D$18 -> + | E29: ='4조'!E$18 -> 외부 컴포넌트도 또다른 Data Client로 추가하기 용이하다.
A30: 5조 | B30: ='5조'!B$18 | C30: ='5조'!C$18 -> 5조 - Shared Respository - Integrability | D30: ='5조'!D$18 | E30: ='5조'!E$18 -> 5조 - Blackboard - Integrability
A31: 6조 | B31: ='6조'!B$18 -> - | C31: ='6조'!C$18 -> repository의 있는 그대로를 사용하는 client가 추가되는 것이 쉽기 때문에 통합 용이성은 좋다. | D31: ='6조'!D$18 -> + | E31: ='6조'!E$18 -> 외부 컴포넌트도 또다른 Data Client로 추가하기 용이하다.
A32: 7조 | B32: ='7조'!B$18 | C32: ='7조'!C$18 -> 7조 - Shared Respository - Integrability | D32: ='7조'!D$18 | E32: ='7조'!E$18 -> 7조 - Blackboard - Integrability
A33: 8조 | B33: ='8조'!B$18 | C33: ='8조'!C$18 -> 8조 - Shared Respository - Integrability | D33: ='8조'!D$18 | E33: ='8조'!E$18 -> 8조 - Blackboard - Integrability
A34: 9조 | B34: ='9조'!B$18 | C34: ='9조'!C$18 -> 9조 - Shared Respository - Integrability | D34: ='9조'!D$18 | E34: ='9조'!E$18 -> 9조 - Blackboard - Integrability
A36: Energy Efficiency | B36: ='Detailed Reasoning'!B$19 | C36: ='Detailed Reasoning'!C$19 | D36: ='Detailed Reasoning'!D$19 | E36: ='Detailed Reasoning'!E$19
A37: 1조 | B37: ='1조'!B$19 | C37: ='1조'!C19 -> 1조 - Shared Respository - Energy Efficiency | D37: ='1조'!D$19 | E37: ='1조'!E19 -> 1조 - Blackboard - Energy Efficiency
A38: 2조 | B38: ='2조'!B$19 | C38: ='2조'!C$19 -> 2조 - Shared Respository - Energy Efficiency | D38: ='2조'!D$19 | E38: ='2조'!E$19 -> 2조 - Blackboard - Energy Efficiency
A39: 3조 | B39: ='3조'!B$19 -> + | C39: ='3조'!C$19 -> repository 하나를 공유하며 각 client가 독립적이기 때문에 낭비가 적어 에너지 효율성은 좋을 것 같다. | D39: ='3조'!D$19 | E39: ='3조'!E$19 -> 3조 - Blackboard - Energy Efficiency
A40: 4조 | B40: ='4조'!B$19 | C40: ='4조'!C$19 -> 4조 - Shared Respository - Energy Efficiency | D40: ='4조'!D$19 -> - | E40: ='4조'!E$19 -> 제어 컴포넌트의 지속적 폴링/모니터링 오버헤드
A41: 5조 | B41: ='5조'!B$19 | C41: ='5조'!C$19 -> 5조 - Shared Respository - Energy Efficiency | D41: ='5조'!D$19 | E41: ='5조'!E$19 -> 5조 - Blackboard - Energy Efficiency
A42: 6조 | B42: ='6조'!B$19 -> + | C42: ='6조'!C$19 -> repository 하나를 공유하며 각 client가 독립적이기 때문에 낭비가 적어 에너지 효율성은 좋을 것 같다. | D42: ='6조'!D$19 -> - | E42: ='6조'!E$19 -> 제어 컴포넌트의 지속적 폴링/모니터링 오버헤드
A43: 7조 | B43: ='7조'!B$19 | C43: ='7조'!C$19 -> 7조 - Shared Respository - Energy Efficiency | D43: ='7조'!D$19 | E43: ='7조'!E$19 -> 7조 - Blackboard - Energy Efficiency
A44: 8조 | B44: ='8조'!B$19 | C44: ='8조'!C$19 -> 8조 - Shared Respository - Energy Efficiency | D44: ='8조'!D$19 | E44: ='8조'!E$19 -> 8조 - Blackboard - Energy Efficiency
A45: 9조 | B45: ='9조'!B$19 | C45: ='9조'!C$19 -> 9조 - Shared Respository - Energy Efficiency | D45: ='9조'!D$19 | E45: ='9조'!E$19 -> 9조 - Blackboard - Energy Efficiency
A47: Modifiability | B47: ='Detailed Reasoning'!B$20 | C47: ='Detailed Reasoning'!C$20 | D47: ='Detailed Reasoning'!D$20 | E47: ='Detailed Reasoning'!E$20
A48: 1조 | B48: ='1조'!B$20 | C48: ='1조'!C20 -> 1조 - Shared Respository - Modifiability | D48: ='1조'!D$20 | E48: ='1조'!E20 -> 1조 - Blackboard - Modifiability
A49: 2조 | B49: ='2조'!B$20 | C49: ='2조'!C$20 -> 2조 - Shared Respository - Modifiability | D49: ='2조'!D$20 | E49: ='2조'!E$20 -> 2조 - Blackboard - Modifiability
A50: 3조 | B50: ='3조'!B$20 -> - | C50: ='3조'!C$20 -> deployability와 마찬가지로 한 component의 변경이 시스템 전체에 영향을 미칠 수 있음 | D50: ='3조'!D$20 | E50: ='3조'!E$20 -> 3조 - Blackboard - Modifiability
A51: 4조 | B51: ='4조'!B$20 | C51: ='4조'!C$20 -> 4조 - Shared Respository - Modifiability | D51: ='4조'!D$20 -> + | E51: ='4조'!E$20 -> 인터페이스만 맞추면 지식원 추가/제거 용이
A52: 5조 | B52: ='5조'!B$20 | C52: ='5조'!C$20 -> 5조 - Shared Respository - Modifiability | D52: ='5조'!D$20 | E52: ='5조'!E$20 -> 5조 - Blackboard - Modifiability
A53: 6조 | B53: ='6조'!B$20 -> - | C53: ='6조'!C$20 -> deployability와 마찬가지로 한 component의 변경이 시스템 전체에 영향을 미칠 수 있음 | D53: ='6조'!D$20 -> + | E53: ='6조'!E$20 -> 인터페이스만 맞추면 지식원 추가/제거 용이
A54: 7조 | B54: ='7조'!B$20 | C54: ='7조'!C$20 -> 7조 - Shared Respository - Modifiability | D54: ='7조'!D$20 | E54: ='7조'!E$20 -> 7조 - Blackboard - Modifiability
A55: 8조 | B55: ='8조'!B$20 | C55: ='8조'!C$20 -> 8조 - Shared Respository - Modifiability | D55: ='8조'!D$20 | E55: ='8조'!E$20 -> 8조 - Blackboard - Modifiability
A56: 9조 | B56: ='9조'!B$20 | C56: ='9조'!C$20 -> 9조 - Shared Respository - Modifiability | D56: ='9조'!D$20 | E56: ='9조'!E$20 -> 9조 - Blackboard - Modifiability
A58: Performance | B58: ='Detailed Reasoning'!B$21 | C58: ='Detailed Reasoning'!C$21 | D58: ='Detailed Reasoning'!D$21 | E58: ='Detailed Reasoning'!E$21
A59: 1조 | B59: ='1조'!B$21 | C59: ='1조'!C21 -> 1조 - Shared Respository - Performance | D59: ='1조'!D$21 | E59: ='1조'!E21 -> 1조 - Blackboard - Performance
A60: 2조 | B60: ='2조'!B$21 | C60: ='2조'!C$21 -> 2조 - Shared Respository - Performance | D60: ='2조'!D$21 | E60: ='2조'!E$21 -> 2조 - Blackboard - Performance
A61: 3조 | B61: ='3조'!B$21 -> + | C61: ='3조'!C$21 -> component간의 호출 없이 repo와만 소통하기 때문에 성능에서 장점을 취할 수 있다. 하지만 repo가 병목인 상황이라면 좋지 않을 수 있다 | D61: ='3조'!D$21 | E61: ='3조'!E$21 -> 3조 - Blackboard - Performance
A62: 4조 | B62: ='4조'!B$21 | C62: ='4조'!C$21 -> 4조 - Shared Respository - Performance | D62: ='4조'!D$21 -> -- | E62: ='4조'!E$21 -> 공유 자원 접근 경합 + 스케줄링 오버헤드로 병목
A63: 5조 | B63: ='5조'!B$21 | C63: ='5조'!C$21 -> 5조 - Shared Respository - Performance | D63: ='5조'!D$21 | E63: ='5조'!E$21 -> 5조 - Blackboard - Performance
A64: 6조 | B64: ='6조'!B$21 -> + | C64: ='6조'!C$21 -> component간의 호출 없이 repo와만 소통하기 때문에 성능에서 장점을 취할 수 있다. 하지만 repo가 병목인 상황이라면 좋지 않을 수 있다 | D64: ='6조'!D$21 -> -- | E64: ='6조'!E$21 -> 공유 자원 접근 경합 + 스케줄링 오버헤드로 병목
A65: 7조 | B65: ='7조'!B$21 | C65: ='7조'!C$21 -> 7조 - Shared Respository - Performance | D65: ='7조'!D$21 | E65: ='7조'!E$21 -> 7조 - Blackboard - Performance
A66: 8조 | B66: ='8조'!B$21 | C66: ='8조'!C$21 -> 8조 - Shared Respository - Performance | D66: ='8조'!D$21 | E66: ='8조'!E$21 -> 8조 - Blackboard - Performance
A67: 9조 | B67: ='9조'!B$21 | C67: ='9조'!C$21 -> 9조 - Shared Respository - Performance | D67: ='9조'!D$21 | E67: ='9조'!E$21 -> 9조 - Blackboard - Performance
A69: Safety | B69: ='Detailed Reasoning'!B$22 | C69: ='Detailed Reasoning'!C$22 | D69: ='Detailed Reasoning'!D$22 | E69: ='Detailed Reasoning'!E$22
A70: 1조 | B70: ='1조'!B$22 | C70: ='1조'!C22 -> 1조 - Shared Respository - Safety | D70: ='1조'!D$22 | E70: ='1조'!E22 -> 1조 - Blackboard - Safety
A71: 2조 | B71: ='2조'!B$22 | C71: ='2조'!C$22 -> 2조 - Shared Respository - Safety | D71: ='2조'!D$22 | E71: ='2조'!E$22 -> 2조 - Blackboard - Safety
A72: 3조 | B72: ='3조'!B$22 -> -- | C72: ='3조'!C$22 -> repo의 오류가 전체 시스템에 영향을 미치고 데이터 유실 가능성이 있기 때문에 safety 측면에서 안좋을 것 같음 | D72: ='3조'!D$22 | E72: ='3조'!E$22 -> 3조 - Blackboard - Safety
A73: 4조 | B73: ='4조'!B$22 | C73: ='4조'!C$22 -> 4조 - Shared Respository - Safety | D73: ='4조'!D$22 -> - | E73: ='4조'!E$22 -> Data store / Orchestrator의 fault가 시스템 전체 fault로 이어지기 쉽다.
A74: 5조 | B74: ='5조'!B$22 | C74: ='5조'!C$22 -> 5조 - Shared Respository - Safety | D74: ='5조'!D$22 | E74: ='5조'!E$22 -> 5조 - Blackboard - Safety
A75: 6조 | B75: ='6조'!B$22 -> -- | C75: ='6조'!C$22 -> repo의 오류가 전체 시스템에 영향을 미치고 데이터 유실 가능성이 있기 때문에 safety 측면에서 안좋을 것 같음 | D75: ='6조'!D$22 -> - | E75: ='6조'!E$22 -> Data store / Orchestrator의 fault가 시스템 전체 fault로 이어지기 쉽다.
A76: 7조 | B76: ='7조'!B$22 | C76: ='7조'!C$22 -> 7조 - Shared Respository - Safety | D76: ='7조'!D$22 | E76: ='7조'!E$22 -> 7조 - Blackboard - Safety
A77: 8조 | B77: ='8조'!B$22 | C77: ='8조'!C$22 -> 8조 - Shared Respository - Safety | D77: ='8조'!D$22 | E77: ='8조'!E$22 -> 8조 - Blackboard - Safety
A78: 9조 | B78: ='9조'!B$22 | C78: ='9조'!C$22 -> 9조 - Shared Respository - Safety | D78: ='9조'!D$22 | E78: ='9조'!E$22 -> 9조 - Blackboard - Safety
A80: Security | B80: ='Detailed Reasoning'!B$23 | C80: ='Detailed Reasoning'!C$23 | D80: ='Detailed Reasoning'!D$23 | E80: ='Detailed Reasoning'!E$23
A81: 1조 | B81: ='1조'!B$23 | C81: ='1조'!C23 -> 1조 - Shared Respository - Security | D81: ='1조'!D$23 | E81: ='1조'!E23 -> 1조 - Blackboard - Security
A82: 2조 | B82: ='2조'!B$23 | C82: ='2조'!C$23 -> 2조 - Shared Respository - Security | D82: ='2조'!D$23 | E82: ='2조'!E$23 -> 2조 - Blackboard - Security
A83: 3조 | B83: ='3조'!B$23 -> - | C83: ='3조'!C$23 -> repository의 수정이 여러 client에 의해 가능하다는 점에서 보안 측면에서 안좋을 것 같음(권한 관리 문제 등) | D83: ='3조'!D$23 | E83: ='3조'!E$23 -> 3조 - Blackboard - Security
A84: 4조 | B84: ='4조'!B$23 | C84: ='4조'!C$23 -> 4조 - Shared Respository - Security | D84: ='4조'!D$23 -> -- | E84: ='4조'!E$23 -> Data Store / Orchestrator가 공격당할 경우 시스템 전체를 마비시키기 쉽다.
A85: 5조 | B85: ='5조'!B$23 | C85: ='5조'!C$23 -> 5조 - Shared Respository - Security | D85: ='5조'!D$23 | E85: ='5조'!E$23 -> 5조 - Blackboard - Security
A86: 6조 | B86: ='6조'!B$23 -> - | C86: ='6조'!C$23 -> repository의 수정이 여러 client에 의해 가능하다는 점에서 보안 측면에서 안좋을 것 같음(권한 관리 문제 등) | D86: ='6조'!D$23 -> -- | E86: ='6조'!E$23 -> Data Store / Orchestrator가 공격당할 경우 시스템 전체를 마비시키기 쉽다.
A87: 7조 | B87: ='7조'!B$23 | C87: ='7조'!C$23 -> 7조 - Shared Respository - Security | D87: ='7조'!D$23 | E87: ='7조'!E$23 -> 7조 - Blackboard - Security
A88: 8조 | B88: ='8조'!B$23 | C88: ='8조'!C$23 -> 8조 - Shared Respository - Security | D88: ='8조'!D$23 | E88: ='8조'!E$23 -> 8조 - Blackboard - Security
A89: 9조 | B89: ='9조'!B$23 | C89: ='9조'!C$23 -> 9조 - Shared Respository - Security | D89: ='9조'!D$23 | E89: ='9조'!E$23 -> 9조 - Blackboard - Security
A91: Testability | B91: ='Detailed Reasoning'!B$24 | C91: ='Detailed Reasoning'!C$24 | D91: ='Detailed Reasoning'!D$24 | E91: ='Detailed Reasoning'!E$24
A92: 1조 | B92: ='1조'!B$24 | C92: ='1조'!C24 -> 1조 - Shared Respository - Testability | D92: ='1조'!D$24 | E92: ='1조'!E24 -> 1조 - Blackboard - Testability
A93: 2조 | B93: ='2조'!B$24 | C93: ='2조'!C$24 -> 2조 - Shared Respository - Testability | D93: ='2조'!D$24 | E93: ='2조'!E$24 -> 2조 - Blackboard - Testability
A94: 3조 | B94: ='3조'!B$24 -> - | C94: ='3조'!C$24 -> 각 client의 테스트 시 repository가 포함되어야 하기 때문에 test가 어려움 | D94: ='3조'!D$24 | E94: ='3조'!E$24 -> 3조 - Blackboard - Testability
A95: 4조 | B95: ='4조'!B$24 | C95: ='4조'!C$24 -> 4조 - Shared Respository - Testability | D95: ='4조'!D$24 -> + | E95: ='4조'!E$24 -> 단위테스트를 만들기에 용이함
A96: 5조 | B96: ='5조'!B$24 | C96: ='5조'!C$24 -> 5조 - Shared Respository - Testability | D96: ='5조'!D$24 | E96: ='5조'!E$24 -> 5조 - Blackboard - Testability
A97: 6조 | B97: ='6조'!B$24 -> - | C97: ='6조'!C$24 -> 각 client의 테스트 시 repository가 포함되어야 하기 때문에 test가 어려움 | D97: ='6조'!D$24 -> + | E97: ='6조'!E$24 -> 단위테스트를 만들기에 용이함
A98: 7조 | B98: ='7조'!B$24 | C98: ='7조'!C$24 -> 7조 - Shared Respository - Testability | D98: ='7조'!D$24 | E98: ='7조'!E$24 -> 7조 - Blackboard - Testability
A99: 8조 | B99: ='8조'!B$24 | C99: ='8조'!C$24 -> 8조 - Shared Respository - Testability | D99: ='8조'!D$24 | E99: ='8조'!E$24 -> 8조 - Blackboard - Testability
A100: 9조 | B100: ='9조'!B$24 | C100: ='9조'!C$24 -> 9조 - Shared Respository - Testability | D100: ='9조'!D$24 | E100: ='9조'!E$24 -> 9조 - Blackboard - Testability
A102: Usability | B102: ='Detailed Reasoning'!B$25 | C102: ='Detailed Reasoning'!C$25 | D102: ='Detailed Reasoning'!D$25 | E102: ='Detailed Reasoning'!E$25
A103: 1조 | B103: ='1조'!B$25 | C103: ='1조'!C25 -> 1조 - Shared Respository - Usability | D103: ='1조'!D$25 | E103: ='1조'!E25 -> 1조 - Blackboard - Usability
A104: 2조 | B104: ='2조'!B$25 | C104: ='2조'!C$25 -> 2조 - Shared Respository - Usability | D104: ='2조'!D$25 | E104: ='2조'!E$25 -> 2조 - Blackboard - Usability
A105: 3조 | B105: ='3조'!B$25 -> + | C105: ='3조'!C$25 -> client가 원하는 동작을 repo 대상으로 그냥 하면 되기 때문에 사용성이 좋다 | D105: ='3조'!D$25 | E105: ='3조'!E$25 -> 3조 - Blackboard - Usability
A106: 4조 | B106: ='4조'!B$25 | C106: ='4조'!C$25 -> 4조 - Shared Respository - Usability | D106: ='4조'!D$25 -> 0 | E106: ='4조'!E$25 -> 내부 구조 스타일이라 사용자 인터페이스와 무관
A107: 5조 | B107: ='5조'!B$25 | C107: ='5조'!C$25 -> 5조 - Shared Respository - Usability | D107: ='5조'!D$25 | E107: ='5조'!E$25 -> 5조 - Blackboard - Usability
A108: 6조 | B108: ='6조'!B$25 -> + | C108: ='6조'!C$25 -> client가 원하는 동작을 repo 대상으로 그냥 하면 되기 때문에 사용성이 좋다 | D108: ='6조'!D$25 -> 0 | E108: ='6조'!E$25 -> 내부 구조 스타일이라 사용자 인터페이스와 무관
A109: 7조 | B109: ='7조'!B$25 | C109: ='7조'!C$25 -> 7조 - Shared Respository - Usability | D109: ='7조'!D$25 | E109: ='7조'!E$25 -> 7조 - Blackboard - Usability
...

Sheet II
A1: Implicit Invocation | B1: Non-Buffered Event Based | D1: Buffered Message Based
B2: Effects | C2: Justification | D2: Effects | E2: Justification
A3: Availability | B3: ='Detailed Reasoning'!B$29 | C3: ='Detailed Reasoning'!C$29 | D3: ='Detailed Reasoning'!D$29 | E3: ='Detailed Reasoning'!E$29
A4: 1조 | B4: ='1조'!B$29 | C4: ='1조'!C29 -> 1조 - Non-Buffered Event Based - Availability | D4: ='1조'!D$29 | E4: ='1조'!E29 -> 1조 - Buffered Message Based - Availability
A5: 2조 | B5: ='2조'!B$29 | C5: ='2조'!C$29 -> 2조 - Non-Buffered Event Based - Availability | D5: ='2조'!D$29 | E5: ='2조'!E$29 -> 2조 - Buffered Message Based - Availability
A6: 3조 | B6: ='3조'!B$29 | C6: ='3조'!C$29 -> 3조 - Non-Buffered Event Based - Availability | D6: ='3조'!D$29 | E6: ='3조'!E$29 -> 3조 - Buffered Message Based - Availability
A7: 4조 | B7: ='4조'!B$29 | C7: ='4조'!C$29 -> 4조 - Non-Buffered Event Based - Availability | D7: ='4조'!D$29 | E7: ='4조'!E$29 -> 4조 - Buffered Message Based - Availability
A8: 5조 | B8: ='5조'!B$29 -> -- | C8: ='5조'!C$29 -> producer가 어느 한 custormer에 잡혀있을 경우 producer 가 블로킹된다. | D8: ='5조'!D$29 | E8: ='5조'!E$29 -> 5조 - Buffered Message Based - Availability
A9: 6조 | B9: ='6조'!B$29 -> -- | C9: ='6조'!C$29 -> producer가 어느 한 custormer에 잡혀있을 경우 producer 가 블로킹된다. | D9: ='6조'!D$29 -> + | E9: ='6조'!E$29 -> 메시지가 버퍼에 저장되므로 Consumer가 일시적으로 중단되어도 복구 후 처리를 계속할 수 있다.
A10: 7조 | B10: ='7조'!B$29 | C10: ='7조'!C$29 -> 7조 - Non-Buffered Event Based - Availability | D10: ='7조'!D$29 | E10: ='7조'!E$29 -> 7조 - Buffered Message Based - Availability
A11: 8조 | B11: ='8조'!B$29 | C11: ='8조'!C$29 -> 8조 - Non-Buffered Event Based - Availability | D11: ='8조'!D$29 | E11: ='8조'!E$29 -> 8조 - Buffered Message Based - Availability
A12: 9조 | B12: ='9조'!B$29 | C12: ='9조'!C$29 -> 9조 - Non-Buffered Event Based - Availability | D12: ='9조'!D$29 | E12: ='9조'!E$29 -> 9조 - Buffered Message Based - Availability
A14: Deployability | B14: ='Detailed Reasoning'!B$30 | C14: ='Detailed Reasoning'!C$30 | D14: ='Detailed Reasoning'!D$30 | E14: ='Detailed Reasoning'!E$30
A15: 1조 | B15: ='1조'!B$30 | C15: ='1조'!C30 -> 1조 - Non-Buffered Event Based - Deployability | D15: ='1조'!D$30 | E15: ='1조'!E30 -> 1조 - Buffered Message Based - Deployability
A16: 2조 | B16: ='2조'!B$30 | C16: ='2조'!C$30 -> 2조 - Non-Buffered Event Based - Deployability | D16: ='2조'!D$30 | E16: ='2조'!E$30 -> 2조 - Buffered Message Based - Deployability
A17: 3조 | B17: ='3조'!B$30 | C17: ='3조'!C$30 -> 3조 - Non-Buffered Event Based - Deployability | D17: ='3조'!D$30 | E17: ='3조'!E$30 -> 3조 - Buffered Message Based - Deployability
A18: 4조 | B18: ='4조'!B$30 | C18: ='4조'!C$30 -> 4조 - Non-Buffered Event Based - Deployability | D18: ='4조'!D$30 | E18: ='4조'!E$30 -> 4조 - Buffered Message Based - Deployability
A19: 5조 | B19: ='5조'!B$30 -> + | C19: ='5조'!C$30 -> customer 확장이 자유롭다 | D19: ='5조'!D$30 | E19: ='5조'!E$30 -> 5조 - Buffered Message Based - Deployability
A20: 6조 | B20: ='6조'!B$30 -> + | C20: ='6조'!C$30 -> customer 확장이 자유롭다 | D20: ='6조'!D$30 -> ++ | E20: ='6조'!E$30 -> Producer와 Consumer를 독립적으로 배포·교체할 수 있다.
A21: 7조 | B21: ='7조'!B$30 | C21: ='7조'!C$30 -> 7조 - Non-Buffered Event Based - Deployability | D21: ='7조'!D$30 | E21: ='7조'!E$30 -> 7조 - Buffered Message Based - Deployability
A22: 8조 | B22: ='8조'!B$30 | C22: ='8조'!C$30 -> 8조 - Non-Buffered Event Based - Deployability | D22: ='8조'!D$30 | E22: ='8조'!E$30 -> 8조 - Buffered Message Based - Deployability
A23: 9조 | B23: ='9조'!B$30 | C23: ='9조'!C$30 -> 9조 - Non-Buffered Event Based - Deployability | D23: ='9조'!D$30 | E23: ='9조'!E$30 -> 9조 - Buffered Message Based - Deployability
A25: Integrability | B25: ='Detailed Reasoning'!B$31 | C25: ='Detailed Reasoning'!C$31 | D25: ='Detailed Reasoning'!D$31 | E25: ='Detailed Reasoning'!E$31
A26: 1조 | B26: ='1조'!B$31 | C26: ='1조'!C31 -> 1조 - Non-Buffered Event Based - Integrability | D26: ='1조'!D$31 | E26: ='1조'!E31 -> 1조 - Buffered Message Based - Integrability
A27: 2조 | B27: ='2조'!B$31 | C27: ='2조'!C$31 -> 2조 - Non-Buffered Event Based - Integrability | D27: ='2조'!D$31 | E27: ='2조'!E$31 -> 2조 - Buffered Message Based - Integrability
A28: 3조 | B28: ='3조'!B$31 | C28: ='3조'!C$31 -> 3조 - Non-Buffered Event Based - Integrability | D28: ='3조'!D$31 | E28: ='3조'!E$31 -> 3조 - Buffered Message Based - Integrability
A29: 4조 | B29: ='4조'!B$31 | C29: ='4조'!C$31 -> 4조 - Non-Buffered Event Based - Integrability | D29: ='4조'!D$31 | E29: ='4조'!E$31 -> 4조 - Buffered Message Based - Integrability
A30: 5조 | B30: ='5조'!B$31 -> + | C30: ='5조'!C$31 -> customer 확장이 자유롭다 | D30: ='5조'!D$31 | E30: ='5조'!E$31 -> 5조 - Buffered Message Based - Integrability
A31: 6조 | B31: ='6조'!B$31 -> + | C31: ='6조'!C$31 -> customer 확장이 자유롭다 | D31: ='6조'!D$31 -> + | E31: ='6조'!E$31 -> producer/consumer가 서로의 신원을 몰라도 되는 익명성 덕분에 새로운 서비스를 붙이기 쉽다
A32: 7조 | B32: ='7조'!B$31 | C32: ='7조'!C$31 -> 7조 - Non-Buffered Event Based - Integrability | D32: ='7조'!D$31 | E32: ='7조'!E$31 -> 7조 - Buffered Message Based - Integrability
A33: 8조 | B33: ='8조'!B$31 | C33: ='8조'!C$31 -> 8조 - Non-Buffered Event Based - Integrability | D33: ='8조'!D$31 | E33: ='8조'!E$31 -> 8조 - Buffered Message Based - Integrability
A34: 9조 | B34: ='9조'!B$31 | C34: ='9조'!C$31 -> 9조 - Non-Buffered Event Based - Integrability | D34: ='9조'!D$31 | E34: ='9조'!E$31 -> 9조 - Buffered Message Based - Integrability
A36: Energy Efficiency | B36: ='Detailed Reasoning'!B$32 | C36: ='Detailed Reasoning'!C$32 | D36: ='Detailed Reasoning'!D$32 | E36: ='Detailed Reasoning'!E$32
A37: 1조 | B37: ='1조'!B$32 | C37: ='1조'!C32 -> 1조 - Non-Buffered Event Based - Energy Efficiency | D37: ='1조'!D$32 | E37: ='1조'!E32 -> 1조 - Buffered Message Based - Energy Efficiency
A38: 2조 | B38: ='2조'!B$32 | C38: ='2조'!C$32 -> 2조 - Non-Buffered Event Based - Energy Efficiency | D38: ='2조'!D$32 | E38: ='2조'!E$32 -> 2조 - Buffered Message Based - Energy Efficiency
A39: 3조 | B39: ='3조'!B$32 | C39: ='3조'!C$32 -> 3조 - Non-Buffered Event Based - Energy Efficiency | D39: ='3조'!D$32 | E39: ='3조'!E$32 -> 3조 - Buffered Message Based - Energy Efficiency
A40: 4조 | B40: ='4조'!B$32 | C40: ='4조'!C$32 -> 4조 - Non-Buffered Event Based - Energy Efficiency | D40: ='4조'!D$32 | E40: ='4조'!E$32 -> 4조 - Buffered Message Based - Energy Efficiency
A41: 5조 | B41: ='5조'!B$32 -> -- | C41: ='5조'!C$32 -> prooducer 동작 시 customer 가 통신을 받지 않는 이상은 이벤트가 낭비된다. | D41: ='5조'!D$32 | E41: ='5조'!E$32 -> 5조 - Buffered Message Based - Energy Efficiency
A42: 6조 | B42: ='6조'!B$32 -> -- | C42: ='6조'!C$32 -> prooducer 동작 시 customer 가 통신을 받지 않는 이상은 이벤트가 낭비된다. | D42: ='6조'!D$32 -> - | E42: ='6조'!E$32 -> 메시지 저장과 전달, 직렬화·역직렬화, Broker 운영 및 재시도 처리에 추가적인 계산·저장·통신 자원이 필요하다.
A43: 7조 | B43: ='7조'!B$32 | C43: ='7조'!C$32 -> 7조 - Non-Buffered Event Based - Energy Efficiency | D43: ='7조'!D$32 | E43: ='7조'!E$32 -> 7조 - Buffered Message Based - Energy Efficiency
A44: 8조 | B44: ='8조'!B$32 | C44: ='8조'!C$32 -> 8조 - Non-Buffered Event Based - Energy Efficiency | D44: ='8조'!D$32 | E44: ='8조'!E$32 -> 8조 - Buffered Message Based - Energy Efficiency
A45: 9조 | B45: ='9조'!B$32 | C45: ='9조'!C$32 -> 9조 - Non-Buffered Event Based - Energy Efficiency | D45: ='9조'!D$32 | E45: ='9조'!E$32 -> 9조 - Buffered Message Based - Energy Efficiency
A47: Modifiability | B47: ='Detailed Reasoning'!B$33 | C47: ='Detailed Reasoning'!C$33 | D47: ='Detailed Reasoning'!D$33 | E47: ='Detailed Reasoning'!E$33
A48: 1조 | B48: ='1조'!B$33 | C48: ='1조'!C33 -> 1조 - Non-Buffered Event Based - Modifiability | D48: ='1조'!D$33 | E48: ='1조'!E33 -> 1조 - Buffered Message Based - Modifiability
A49: 2조 | B49: ='2조'!B$33 | C49: ='2조'!C$33 -> 2조 - Non-Buffered Event Based - Modifiability | D49: ='2조'!D$33 | E49: ='2조'!E$33 -> 2조 - Buffered Message Based - Modifiability
A50: 3조 | B50: ='3조'!B$33 | C50: ='3조'!C$33 -> 3조 - Non-Buffered Event Based - Modifiability | D50: ='3조'!D$33 | E50: ='3조'!E$33 -> 3조 - Buffered Message Based - Modifiability
A51: 4조 | B51: ='4조'!B$33 | C51: ='4조'!C$33 -> 4조 - Non-Buffered Event Based - Modifiability | D51: ='4조'!D$33 | E51: ='4조'!E$33 -> 4조 - Buffered Message Based - Modifiability
A52: 5조 | B52: ='5조'!B$33 -> + | C52: ='5조'!C$33 -> producer및 customer 확장이 자유롭다 | D52: ='5조'!D$33 | E52: ='5조'!E$33 -> 5조 - Buffered Message Based - Modifiability
A53: 6조 | B53: ='6조'!B$33 -> + | C53: ='6조'!C$33 -> producer및 customer 확장이 자유롭다 | D53: ='6조'!D$33 -> + | E53: ='6조'!E$33 -> Producer와 Consumer가 서로의 구현을 알지 않는 약한 결합 구조이므로 한쪽의 변경이 다른 쪽에 미치는 영향이 작다.
A54: 7조 | B54: ='7조'!B$33 | C54: ='7조'!C$33 -> 7조 - Non-Buffered Event Based - Modifiability | D54: ='7조'!D$33 | E54: ='7조'!E$33 -> 7조 - Buffered Message Based - Modifiability
A55: 8조 | B55: ='8조'!B$33 | C55: ='8조'!C$33 -> 8조 - Non-Buffered Event Based - Modifiability | D55: ='8조'!D$33 | E55: ='8조'!E$33 -> 8조 - Buffered Message Based - Modifiability
A56: 9조 | B56: ='9조'!B$33 | C56: ='9조'!C$33 -> 9조 - Non-Buffered Event Based - Modifiability | D56: ='9조'!D$33 | E56: ='9조'!E$33 -> 9조 - Buffered Message Based - Modifiability
A58: Performance | B58: ='Detailed Reasoning'!B$34 | C58: ='Detailed Reasoning'!C$34 | D58: ='Detailed Reasoning'!D$34 | E58: ='Detailed Reasoning'!E$34
A59: 1조 | B59: ='1조'!B$34 | C59: ='1조'!C34 -> 1조 - Non-Buffered Event Based - Performance | D59: ='1조'!D$34 | E59: ='1조'!E34 -> 1조 - Buffered Message Based - Performance
A60: 2조 | B60: ='2조'!B$34 | C60: ='2조'!C$34 -> 2조 - Non-Buffered Event Based - Performance | D60: ='2조'!D$34 | E60: ='2조'!E$34 -> 2조 - Buffered Message Based - Performance
A61: 3조 | B61: ='3조'!B$34 | C61: ='3조'!C$34 -> 3조 - Non-Buffered Event Based - Performance | D61: ='3조'!D$34 | E61: ='3조'!E$34 -> 3조 - Buffered Message Based - Performance
A62: 4조 | B62: ='4조'!B$34 | C62: ='4조'!C$34 -> 4조 - Non-Buffered Event Based - Performance | D62: ='4조'!D$34 | E62: ='4조'!E$34 -> 4조 - Buffered Message Based - Performance
A63: 5조 | B63: ='5조'!B$34 -> - | C63: ='5조'!C$34 -> 동기 실행이라 producer의 응답 시간이 모든 consumer 처리 시간의 합이 되어 고빈도·저지연 상황에서 병목이 된다. | D63: ='5조'!D$34 | E63: ='5조'!E$34 -> 5조 - Buffered Message Based - Performance
A64: 6조 | B64: ='6조'!B$34 -> - | C64: ='6조'!C$34 -> 동기 실행이라 producer의 응답 시간이 모든 consumer 처리 시간의 합이 되어 고빈도·저지연 상황에서 병목이 된다. | D64: ='6조'!D$34 -> 0 | E64: ='6조'!E$34 -> 비동기 처리로 동시성은 높지만 큐를 거치는 간접 전달이라 즉시 응답이 필요한 요청엔 지연이 생길 수 있다.
A65: 7조 | B65: ='7조'!B$34 | C65: ='7조'!C$34 -> 7조 - Non-Buffered Event Based - Performance | D65: ='7조'!D$34 | E65: ='7조'!E$34 -> 7조 - Buffered Message Based - Performance
A66: 8조 | B66: ='8조'!B$34 | C66: ='8조'!C$34 -> 8조 - Non-Buffered Event Based - Performance | D66: ='8조'!D$34 | E66: ='8조'!E$34 -> 8조 - Buffered Message Based - Performance
A67: 9조 | B67: ='9조'!B$34 | C67: ='9조'!C$34 -> 9조 - Non-Buffered Event Based - Performance | D67: ='9조'!D$34 | E67: ='9조'!E$34 -> 9조 - Buffered Message Based - Performance
A69: Safety | B69: ='Detailed Reasoning'!B$35 | C69: ='Detailed Reasoning'!C$35 | D69: ='Detailed Reasoning'!D$35 | E69: ='Detailed Reasoning'!E$35
A70: 1조 | B70: ='1조'!B$35 | C70: ='1조'!C35 -> 1조 - Non-Buffered Event Based - Safety | D70: ='1조'!D$35 | E70: ='1조'!E35 -> 1조 - Buffered Message Based - Safety
A71: 2조 | B71: ='2조'!B$35 | C71: ='2조'!C$35 -> 2조 - Non-Buffered Event Based - Safety | D71: ='2조'!D$35 | E71: ='2조'!E$35 -> 2조 - Buffered Message Based - Safety
A72: 3조 | B72: ='3조'!B$35 | C72: ='3조'!C$35 -> 3조 - Non-Buffered Event Based - Safety | D72: ='3조'!D$35 | E72: ='3조'!E$35 -> 3조 - Buffered Message Based - Safety
A73: 4조 | B73: ='4조'!B$35 | C73: ='4조'!C$35 -> 4조 - Non-Buffered Event Based - Safety | D73: ='4조'!D$35 | E73: ='4조'!E$35 -> 4조 - Buffered Message Based - Safety
A74: 5조 | B74: ='5조'!B$35 -> - | C74: ='5조'!C$35 -> 이벤트가 저장되지 않고 실행 순서도 보장되지 않아, 유실·중복·순서 역전이 조용히 발생하며 검출 수단이 없다. | D74: ='5조'!D$35 | E74: ='5조'!E$35 -> 5조 - Buffered Message Based - Safety
A75: 6조 | B75: ='6조'!B$35 -> - | C75: ='6조'!C$35 -> 이벤트가 저장되지 않고 실행 순서도 보장되지 않아, 유실·중복·순서 역전이 조용히 발생하며 검출 수단이 없다. | D75: ='6조'!D$35 -> 0 | E75: ='6조'!E$35 -> 메시지 저장과 재처리는 오류 전파를 줄이지만, 메시지의 중복·순서 변경·지연 처리로 인해 잘못된 상태가 발생할 수도 있다.
A76: 7조 | B76: ='7조'!B$35 | C76: ='7조'!C$35 -> 7조 - Non-Buffered Event Based - Safety | D76: ='7조'!D$35 | E76: ='7조'!E$35 -> 7조 - Buffered Message Based - Safety
A77: 8조 | B77: ='8조'!B$35 | C77: ='8조'!C$35 -> 8조 - Non-Buffered Event Based - Safety | D77: ='8조'!D$35 | E77: ='8조'!E$35 -> 8조 - Buffered Message Based - Safety
A78: 9조 | B78: ='9조'!B$35 | C78: ='9조'!C$35 -> 9조 - Non-Buffered Event Based - Safety | D78: ='9조'!D$35 | E78: ='9조'!E$35 -> 9조 - Buffered Message Based - Safety
A80: Security | B80: ='Detailed Reasoning'!B$36 | C80: ='Detailed Reasoning'!C$36 | D80: ='Detailed Reasoning'!D$36 | E80: ='Detailed Reasoning'!E$36
A81: 1조 | B81: ='1조'!B$36 | C81: ='1조'!C36 -> 1조 - Non-Buffered Event Based - Security | D81: ='1조'!D$36 | E81: ='1조'!E36 -> 1조 - Buffered Message Based - Security
A82: 2조 | B82: ='2조'!B$36 | C82: ='2조'!C$36 -> 2조 - Non-Buffered Event Based - Security | D82: ='2조'!D$36 | E82: ='2조'!E$36 -> 2조 - Buffered Message Based - Security
A83: 3조 | B83: ='3조'!B$36 | C83: ='3조'!C$36 -> 3조 - Non-Buffered Event Based - Security | D83: ='3조'!D$36 | E83: ='3조'!E$36 -> 3조 - Buffered Message Based - Security
A84: 4조 | B84: ='4조'!B$36 | C84: ='4조'!C$36 -> 4조 - Non-Buffered Event Based - Security | D84: ='4조'!D$36 | E84: ='4조'!E$36 -> 4조 - Buffered Message Based - Security
A85: 5조 | B85: ='5조'!B$36 -> - | C85: ='5조'!C$36 -> producer 가 타겟 전송 범위를 지정하기 힘들다. | D85: ='5조'!D$36 | E85: ='5조'!E$36 -> 5조 - Buffered Message Based - Security
A86: 6조 | B86: ='6조'!B$36 -> - | C86: ='6조'!C$36 -> producer 가 타겟 전송 범위를 지정하기 힘들다. | D86: ='6조'!D$36 -> 0 | E86: ='6조'!E$36 -> 익명성이 오히려 인가되지 않은 구독자를 걸러내기 어렵게 만들 수 있으면서도 Broker가 인증·인가·감사와 메시지 접근 통제를 집중적으로 적용할 수 있다.
A87: 7조 | B87: ='7조'!B$36 | C87: ='7조'!C$36 -> 7조 - Non-Buffered Event Based - Security | D87: ='7조'!D$36 | E87: ='7조'!E$36 -> 7조 - Buffered Message Based - Security
A88: 8조 | B88: ='8조'!B$36 | C88: ='8조'!C$36 -> 8조 - Non-Buffered Event Based - Security | D88: ='8조'!D$36 | E88: ='8조'!E$36 -> 8조 - Buffered Message Based - Security
A89: 9조 | B89: ='9조'!B$36 | C89: ='9조'!C$36 -> 9조 - Non-Buffered Event Based - Security | D89: ='9조'!D$36 | E89: ='9조'!E$36 -> 9조 - Buffered Message Based - Security
A91: Testability | B91: ='Detailed Reasoning'!B$37 | C91: ='Detailed Reasoning'!C$37 | D91: ='Detailed Reasoning'!D$37 | E91: ='Detailed Reasoning'!E$37
A92: 1조 | B92: ='1조'!B$37 | C92: ='1조'!C37 -> 1조 - Non-Buffered Event Based - Testability | D92: ='1조'!D$37 | E92: ='1조'!E37 -> 1조 - Buffered Message Based - Testability
A93: 2조 | B93: ='2조'!B$37 | C93: ='2조'!C$37 -> 2조 - Non-Buffered Event Based - Testability | D93: ='2조'!D$37 | E93: ='2조'!E$37 -> 2조 - Buffered Message Based - Testability
A94: 3조 | B94: ='3조'!B$37 | C94: ='3조'!C$37 -> 3조 - Non-Buffered Event Based - Testability | D94: ='3조'!D$37 | E94: ='3조'!E$37 -> 3조 - Buffered Message Based - Testability
A95: 4조 | B95: ='4조'!B$37 | C95: ='4조'!C$37 -> 4조 - Non-Buffered Event Based - Testability | D95: ='4조'!D$37 | E95: ='4조'!E$37 -> 4조 - Buffered Message Based - Testability
A96: 5조 | B96: ='5조'!B$37 -> - | C96: ='5조'!C$37 -> 관계성이 명시되어있지 않아 파악이 힘들다 | D96: ='5조'!D$37 | E96: ='5조'!E$37 -> 5조 - Buffered Message Based - Testability
A97: 6조 | B97: ='6조'!B$37 -> - | C97: ='6조'!C$37 -> 관계성이 명시되어있지 않아 파악이 힘들다 | D97: ='6조'!D$37 -> - | E97: ='6조'!E$37 -> 메시지가 비동기로 큐를 거쳐 도착하는 타이밍에 의존해 시나리오 재현이 어렵다.
A98: 7조 | B98: ='7조'!B$37 | C98: ='7조'!C$37 -> 7조 - Non-Buffered Event Based - Testability | D98: ='7조'!D$37 | E98: ='7조'!E$37 -> 7조 - Buffered Message Based - Testability
A99: 8조 | B99: ='8조'!B$37 | C99: ='8조'!C$37 -> 8조 - Non-Buffered Event Based - Testability | D99: ='8조'!D$37 | E99: ='8조'!E$37 -> 8조 - Buffered Message Based - Testability
A100: 9조 | B100: ='9조'!B$37 | C100: ='9조'!C$37 -> 9조 - Non-Buffered Event Based - Testability | D100: ='9조'!D$37 | E100: ='9조'!E$37 -> 9조 - Buffered Message Based - Testability
A102: Usability | B102: ='Detailed Reasoning'!B$38 | C102: ='Detailed Reasoning'!C$38 | D102: ='Detailed Reasoning'!D$38 | E102: ='Detailed Reasoning'!E$38
A103: 1조 | B103: ='1조'!B$38 | C103: ='1조'!C38 -> 1조 - Non-Buffered Event Based - Usability | D103: ='1조'!D$38 | E103: ='1조'!E38 -> 1조 - Buffered Message Based - Usability
A104: 2조 | B104: ='2조'!B$38 | C104: ='2조'!C$38 -> 2조 - Non-Buffered Event Based - Usability | D104: ='2조'!D$38 | E104: ='2조'!E$38 -> 2조 - Buffered Message Based - Usability
A105: 3조 | B105: ='3조'!B$38 | C105: ='3조'!C$38 -> 3조 - Non-Buffered Event Based - Usability | D105: ='3조'!D$38 | E105: ='3조'!E$38 -> 3조 - Buffered Message Based - Usability
A106: 4조 | B106: ='4조'!B$38 | C106: ='4조'!C$38 -> 4조 - Non-Buffered Event Based - Usability | D106: ='4조'!D$38 | E106: ='4조'!E$38 -> 4조 - Buffered Message Based - Usability
A107: 5조 | B107: ='5조'!B$38 -> - | C107: ='5조'!C$38 -> sync 관계이며, customer 가 producer 를 잡고있으면 그동안은 불가용상태이다. | D107: ='5조'!D$38 | E107: ='5조'!E$38 -> 5조 - Buffered Message Based - Usability
A108: 6조 | B108: ='6조'!B$38 -> - | C108: ='6조'!C$38 -> sync 관계이며, customer 가 producer 를 잡고있으면 그동안은 불가용상태이다. | D108: ='6조'!D$38 -> + | E108: ='6조'!E$38 -> 긴 작업을 비동기로 처리할 수 있어 사용자 요청을 차단하지 않고 화면의 응답성을 유지할 수 있다.
A109: 7조 | B109: ='7조'!B$38 | C109: ='7조'!C$38 -> 7조 - Non-Buffered Event Based - Usability | D109: ='7조'!D$38 | E109: ='7조'!E$38 -> 7조 - Buffered Message Based - Usability
...

Sheet IO
A1: Interaction-Oriented | B1: MVC | D1: PAC
B2: Effects | C2: Justification | D2: Effects | E2: Justification
A3: Availability | B3: ='Detailed Reasoning'!B$42 | C3: ='Detailed Reasoning'!C$42 | D3: ='Detailed Reasoning'!D$42 | E3: ='Detailed Reasoning'!E$42
A4: 1조 | B4: ='1조'!B$42 | C4: ='1조'!C42 -> 1조 - MVC - Availability | D4: ='1조'!D$42 | E4: ='1조'!E42 -> 1조 - PAC - Availability
A5: 2조 | B5: ='2조'!B$42 | C5: ='2조'!C$42 -> 2조 - MVC - Availability | D5: ='2조'!D$42 | E5: ='2조'!E$42 -> 2조 - PAC - Availability
A6: 3조 | B6: ='3조'!B$42 | C6: ='3조'!C$42 -> 3조 - MVC - Availability | D6: ='3조'!D$42 | E6: ='3조'!E$42 -> 3조 - PAC - Availability
A7: 4조 | B7: ='4조'!B$42 | C7: ='4조'!C$42 -> 4조 - MVC - Availability | D7: ='4조'!D$42 | E7: ='4조'!E$42 -> 4조 - PAC - Availability
A8: 5조 | B8: ='5조'!B$42 | C8: ='5조'!C$42 -> 5조 - MVC - Availability | D8: ='5조'!D$42 | E8: ='5조'!E$42 -> 5조 - PAC - Availability
A9: 6조 | B9: ='6조'!B$42 | C9: ='6조'!C$42 -> 6조 - MVC - Availability | D9: ='6조'!D$42 | E9: ='6조'!E$42 -> 6조 - PAC - Availability
A10: 7조 | B10: ='7조'!B$42 | C10: ='7조'!C$42 -> 7조 - MVC - Availability | D10: ='7조'!D$42 | E10: ='7조'!E$42 -> 7조 - PAC - Availability
A11: 8조 | B11: ='8조'!B$42 | C11: ='8조'!C$42 -> 8조 - MVC - Availability | D11: ='8조'!D$42 | E11: ='8조'!E$42 -> 8조 - PAC - Availability
A12: 9조 | B12: ='9조'!B$42 | C12: ='9조'!C$42 -> 9조 - MVC - Availability | D12: ='9조'!D$42 | E12: ='9조'!E$42 -> 9조 - PAC - Availability
A14: Deployability | B14: ='Detailed Reasoning'!B$43 | C14: ='Detailed Reasoning'!C$43 | D14: ='Detailed Reasoning'!D$43 | E14: ='Detailed Reasoning'!E$43
A15: 1조 | B15: ='1조'!B$43 | C15: ='1조'!C43 -> 1조 - MVC - Deployability | D15: ='1조'!D$43 | E15: ='1조'!E43 -> 1조 - PAC - Deployability
A16: 2조 | B16: ='2조'!B$43 | C16: ='2조'!C$43 -> 2조 - MVC - Deployability | D16: ='2조'!D$43 | E16: ='2조'!E$43 -> 2조 - PAC - Deployability
A17: 3조 | B17: ='3조'!B$43 | C17: ='3조'!C$43 -> 3조 - MVC - Deployability | D17: ='3조'!D$43 | E17: ='3조'!E$43 -> 3조 - PAC - Deployability
A18: 4조 | B18: ='4조'!B$43 | C18: ='4조'!C$43 -> 4조 - MVC - Deployability | D18: ='4조'!D$43 | E18: ='4조'!E$43 -> 4조 - PAC - Deployability
A19: 5조 | B19: ='5조'!B$43 | C19: ='5조'!C$43 -> 5조 - MVC - Deployability | D19: ='5조'!D$43 | E19: ='5조'!E$43 -> 5조 - PAC - Deployability
A20: 6조 | B20: ='6조'!B$43 -> + | C20: ='6조'!C$43 -> 비즈니스 로직은 그대로 유지하고 룩앤필만 유지할 수 있게 구현만 하면 된다. | D20: ='6조'!D$43 | E20: ='6조'!E$43 -> 6조 - PAC - Deployability
A21: 7조 | B21: ='7조'!B$43 | C21: ='7조'!C$43 -> 7조 - MVC - Deployability | D21: ='7조'!D$43 | E21: ='7조'!E$43 -> 7조 - PAC - Deployability
A22: 8조 | B22: ='8조'!B$43 | C22: ='8조'!C$43 -> 8조 - MVC - Deployability | D22: ='8조'!D$43 | E22: ='8조'!E$43 -> 8조 - PAC - Deployability
A23: 9조 | B23: ='9조'!B$43 | C23: ='9조'!C$43 -> 9조 - MVC - Deployability | D23: ='9조'!D$43 | E23: ='9조'!E$43 -> 9조 - PAC - Deployability
A25: Integrability | B25: ='Detailed Reasoning'!B$44 | C25: ='Detailed Reasoning'!C$44 | D25: ='Detailed Reasoning'!D$44 | E25: ='Detailed Reasoning'!E$44
A26: 1조 | B26: ='1조'!B$44 | C26: ='1조'!C44 -> 1조 - MVC - Integrability | D26: ='1조'!D$44 | E26: ='1조'!E44 -> 1조 - PAC - Integrability
A27: 2조 | B27: ='2조'!B$44 | C27: ='2조'!C$44 -> 2조 - MVC - Integrability | D27: ='2조'!D$44 | E27: ='2조'!E$44 -> 2조 - PAC - Integrability
A28: 3조 | B28: ='3조'!B$44 | C28: ='3조'!C$44 -> 3조 - MVC - Integrability | D28: ='3조'!D$44 | E28: ='3조'!E$44 -> 3조 - PAC - Integrability
A29: 4조 | B29: ='4조'!B$44 | C29: ='4조'!C$44 -> 4조 - MVC - Integrability | D29: ='4조'!D$44 | E29: ='4조'!E$44 -> 4조 - PAC - Integrability
A30: 5조 | B30: ='5조'!B$44 | C30: ='5조'!C$44 -> 5조 - MVC - Integrability | D30: ='5조'!D$44 | E30: ='5조'!E$44 -> 5조 - PAC - Integrability
A31: 6조 | B31: ='6조'!B$44 | C31: ='6조'!C$44 -> 6조 - MVC - Integrability | D31: ='6조'!D$44 | E31: ='6조'!E$44 -> 6조 - PAC - Integrability
A32: 7조 | B32: ='7조'!B$44 | C32: ='7조'!C$44 -> 7조 - MVC - Integrability | D32: ='7조'!D$44 | E32: ='7조'!E$44 -> 7조 - PAC - Integrability
A33: 8조 | B33: ='8조'!B$44 | C33: ='8조'!C$44 -> 8조 - MVC - Integrability | D33: ='8조'!D$44 | E33: ='8조'!E$44 -> 8조 - PAC - Integrability
A34: 9조 | B34: ='9조'!B$44 | C34: ='9조'!C$44 -> 9조 - MVC - Integrability | D34: ='9조'!D$44 | E34: ='9조'!E$44 -> 9조 - PAC - Integrability
A36: Energy Efficiency | B36: ='Detailed Reasoning'!B$45 | C36: ='Detailed Reasoning'!C$45 | D36: ='Detailed Reasoning'!D$45 | E36: ='Detailed Reasoning'!E$45
A37: 1조 | B37: ='1조'!B$45 | C37: ='1조'!C45 -> 1조 - MVC - Energy Efficiency | D37: ='1조'!D$45 | E37: ='1조'!E45 -> 1조 - PAC - Energy Efficiency
A38: 2조 | B38: ='2조'!B$45 | C38: ='2조'!C$45 -> 2조 - MVC - Energy Efficiency | D38: ='2조'!D$45 | E38: ='2조'!E$45 -> 2조 - PAC - Energy Efficiency
A39: 3조 | B39: ='3조'!B$45 | C39: ='3조'!C$45 -> 3조 - MVC - Energy Efficiency | D39: ='3조'!D$45 | E39: ='3조'!E$45 -> 3조 - PAC - Energy Efficiency
A40: 4조 | B40: ='4조'!B$45 | C40: ='4조'!C$45 -> 4조 - MVC - Energy Efficiency | D40: ='4조'!D$45 | E40: ='4조'!E$45 -> 4조 - PAC - Energy Efficiency
A41: 5조 | B41: ='5조'!B$45 | C41: ='5조'!C$45 -> 5조 - MVC - Energy Efficiency | D41: ='5조'!D$45 | E41: ='5조'!E$45 -> 5조 - PAC - Energy Efficiency
A42: 6조 | B42: ='6조'!B$45 | C42: ='6조'!C$45 -> 6조 - MVC - Energy Efficiency | D42: ='6조'!D$45 | E42: ='6조'!E$45 -> 6조 - PAC - Energy Efficiency
A43: 7조 | B43: ='7조'!B$45 | C43: ='7조'!C$45 -> 7조 - MVC - Energy Efficiency | D43: ='7조'!D$45 | E43: ='7조'!E$45 -> 7조 - PAC - Energy Efficiency
A44: 8조 | B44: ='8조'!B$45 | C44: ='8조'!C$45 -> 8조 - MVC - Energy Efficiency | D44: ='8조'!D$45 | E44: ='8조'!E$45 -> 8조 - PAC - Energy Efficiency
A45: 9조 | B45: ='9조'!B$45 | C45: ='9조'!C$45 -> 9조 - MVC - Energy Efficiency | D45: ='9조'!D$45 | E45: ='9조'!E$45 -> 9조 - PAC - Energy Efficiency
A47: Modifiability | B47: ='Detailed Reasoning'!B$46 | C47: ='Detailed Reasoning'!C$46 | D47: ='Detailed Reasoning'!D$46 | E47: ='Detailed Reasoning'!E$46
A48: 1조 | B48: ='1조'!B$46 | C48: ='1조'!C46 -> 1조 - MVC - Modifiability | D48: ='1조'!D$46 | E48: ='1조'!E46 -> 1조 - PAC - Modifiability
A49: 2조 | B49: ='2조'!B$46 | C49: ='2조'!C$46 -> 2조 - MVC - Modifiability | D49: ='2조'!D$46 | E49: ='2조'!E$46 -> 2조 - PAC - Modifiability
A50: 3조 | B50: ='3조'!B$46 | C50: ='3조'!C$46 -> 3조 - MVC - Modifiability | D50: ='3조'!D$46 | E50: ='3조'!E$46 -> 3조 - PAC - Modifiability
A51: 4조 | B51: ='4조'!B$46 | C51: ='4조'!C$46 -> 4조 - MVC - Modifiability | D51: ='4조'!D$46 | E51: ='4조'!E$46 -> 4조 - PAC - Modifiability
A52: 5조 | B52: ='5조'!B$46 | C52: ='5조'!C$46 -> 5조 - MVC - Modifiability | D52: ='5조'!D$46 | E52: ='5조'!E$46 -> 5조 - PAC - Modifiability
A53: 6조 | B53: ='6조'!B$46 -> ++ | C53: ='6조'!C$46 -> 각 기능별 분리된 부분을 독립적으로 변경하고 교체하기 쉬워진다. | D53: ='6조'!D$46 | E53: ='6조'!E$46 -> 6조 - PAC - Modifiability
A54: 7조 | B54: ='7조'!B$46 | C54: ='7조'!C$46 -> 7조 - MVC - Modifiability | D54: ='7조'!D$46 | E54: ='7조'!E$46 -> 7조 - PAC - Modifiability
A55: 8조 | B55: ='8조'!B$46 | C55: ='8조'!C$46 -> 8조 - MVC - Modifiability | D55: ='8조'!D$46 | E55: ='8조'!E$46 -> 8조 - PAC - Modifiability
A56: 9조 | B56: ='9조'!B$46 | C56: ='9조'!C$46 -> 9조 - MVC - Modifiability | D56: ='9조'!D$46 | E56: ='9조'!E$46 -> 9조 - PAC - Modifiability
A58: Performance | B58: ='Detailed Reasoning'!B$47 | C58: ='Detailed Reasoning'!C$47 | D58: ='Detailed Reasoning'!D$47 | E58: ='Detailed Reasoning'!E$47
A59: 1조 | B59: ='1조'!B$47 | C59: ='1조'!C47 -> 1조 - MVC - Performance | D59: ='1조'!D$47 | E59: ='1조'!E47 -> 1조 - PAC - Performance
A60: 2조 | B60: ='2조'!B$47 | C60: ='2조'!C$47 -> 2조 - MVC - Performance | D60: ='2조'!D$47 | E60: ='2조'!E$47 -> 2조 - PAC - Performance
A61: 3조 | B61: ='3조'!B$47 | C61: ='3조'!C$47 -> 3조 - MVC - Performance | D61: ='3조'!D$47 | E61: ='3조'!E$47 -> 3조 - PAC - Performance
A62: 4조 | B62: ='4조'!B$47 | C62: ='4조'!C$47 -> 4조 - MVC - Performance | D62: ='4조'!D$47 | E62: ='4조'!E$47 -> 4조 - PAC - Performance
A63: 5조 | B63: ='5조'!B$47 | C63: ='5조'!C$47 -> 5조 - MVC - Performance | D63: ='5조'!D$47 | E63: ='5조'!E$47 -> 5조 - PAC - Performance
A64: 6조 | B64: ='6조'!B$47 | C64: ='6조'!C$47 -> 6조 - MVC - Performance | D64: ='6조'!D$47 | E64: ='6조'!E$47 -> 6조 - PAC - Performance
A65: 7조 | B65: ='7조'!B$47 | C65: ='7조'!C$47 -> 7조 - MVC - Performance | D65: ='7조'!D$47 | E65: ='7조'!E$47 -> 7조 - PAC - Performance
A66: 8조 | B66: ='8조'!B$47 | C66: ='8조'!C$47 -> 8조 - MVC - Performance | D66: ='8조'!D$47 | E66: ='8조'!E$47 -> 8조 - PAC - Performance
A67: 9조 | B67: ='9조'!B$47 | C67: ='9조'!C$47 -> 9조 - MVC - Performance | D67: ='9조'!D$47 | E67: ='9조'!E$47 -> 9조 - PAC - Performance
A69: Safety | B69: ='Detailed Reasoning'!B$48 | C69: ='Detailed Reasoning'!C$48 | D69: ='Detailed Reasoning'!D$48 | E69: ='Detailed Reasoning'!E$48
A70: 1조 | B70: ='1조'!B$48 | C70: ='1조'!C48 -> 1조 - MVC - Safety | D70: ='1조'!D$48 | E70: ='1조'!E48 -> 1조 - PAC - Safety
A71: 2조 | B71: ='2조'!B$48 | C71: ='2조'!C$48 -> 2조 - MVC - Safety | D71: ='2조'!D$48 | E71: ='2조'!E$48 -> 2조 - PAC - Safety
A72: 3조 | B72: ='3조'!B$48 | C72: ='3조'!C$48 -> 3조 - MVC - Safety | D72: ='3조'!D$48 | E72: ='3조'!E$48 -> 3조 - PAC - Safety
A73: 4조 | B73: ='4조'!B$48 | C73: ='4조'!C$48 -> 4조 - MVC - Safety | D73: ='4조'!D$48 | E73: ='4조'!E$48 -> 4조 - PAC - Safety
A74: 5조 | B74: ='5조'!B$48 | C74: ='5조'!C$48 -> 5조 - MVC - Safety | D74: ='5조'!D$48 | E74: ='5조'!E$48 -> 5조 - PAC - Safety
A75: 6조 | B75: ='6조'!B$48 | C75: ='6조'!C$48 -> 6조 - MVC - Safety | D75: ='6조'!D$48 | E75: ='6조'!E$48 -> 6조 - PAC - Safety
A76: 7조 | B76: ='7조'!B$48 | C76: ='7조'!C$48 -> 7조 - MVC - Safety | D76: ='7조'!D$48 | E76: ='7조'!E$48 -> 7조 - PAC - Safety
A77: 8조 | B77: ='8조'!B$48 | C77: ='8조'!C$48 -> 8조 - MVC - Safety | D77: ='8조'!D$48 | E77: ='8조'!E$48 -> 8조 - PAC - Safety
A78: 9조 | B78: ='9조'!B$48 | C78: ='9조'!C$48 -> 9조 - MVC - Safety | D78: ='9조'!D$48 | E78: ='9조'!E$48 -> 9조 - PAC - Safety
A80: Security | B80: ='Detailed Reasoning'!B$49 | C80: ='Detailed Reasoning'!C$49 | D80: ='Detailed Reasoning'!D$49 | E80: ='Detailed Reasoning'!E$49
A81: 1조 | B81: ='1조'!B$49 | C81: ='1조'!C49 -> 1조 - MVC - Security | D81: ='1조'!D$49 | E81: ='1조'!E49 -> 1조 - PAC - Security
A82: 2조 | B82: ='2조'!B$49 | C82: ='2조'!C$49 -> 2조 - MVC - Security | D82: ='2조'!D$49 | E82: ='2조'!E$49 -> 2조 - PAC - Security
A83: 3조 | B83: ='3조'!B$49 | C83: ='3조'!C$49 -> 3조 - MVC - Security | D83: ='3조'!D$49 | E83: ='3조'!E$49 -> 3조 - PAC - Security
A84: 4조 | B84: ='4조'!B$49 | C84: ='4조'!C$49 -> 4조 - MVC - Security | D84: ='4조'!D$49 | E84: ='4조'!E$49 -> 4조 - PAC - Security
A85: 5조 | B85: ='5조'!B$49 | C85: ='5조'!C$49 -> 5조 - MVC - Security | D85: ='5조'!D$49 | E85: ='5조'!E$49 -> 5조 - PAC - Security
A86: 6조 | B86: ='6조'!B$49 | C86: ='6조'!C$49 -> 6조 - MVC - Security | D86: ='6조'!D$49 | E86: ='6조'!E$49 -> 6조 - PAC - Security
A87: 7조 | B87: ='7조'!B$49 | C87: ='7조'!C$49 -> 7조 - MVC - Security | D87: ='7조'!D$49 | E87: ='7조'!E$49 -> 7조 - PAC - Security
A88: 8조 | B88: ='8조'!B$49 | C88: ='8조'!C$49 -> 8조 - MVC - Security | D88: ='8조'!D$49 | E88: ='8조'!E$49 -> 8조 - PAC - Security
A89: 9조 | B89: ='9조'!B$49 | C89: ='9조'!C$49 -> 9조 - MVC - Security | D89: ='9조'!D$49 | E89: ='9조'!E$49 -> 9조 - PAC - Security
A91: Testability | B91: ='Detailed Reasoning'!B$50 | C91: ='Detailed Reasoning'!C$50 | D91: ='Detailed Reasoning'!D$50 | E91: ='Detailed Reasoning'!E$50
A92: 1조 | B92: ='1조'!B$50 | C92: ='1조'!C50 -> 1조 - MVC - Testability | D92: ='1조'!D$50 | E92: ='1조'!E50 -> 1조 - PAC - Testability
A93: 2조 | B93: ='2조'!B$50 | C93: ='2조'!C$50 -> 2조 - MVC - Testability | D93: ='2조'!D$50 | E93: ='2조'!E$50 -> 2조 - PAC - Testability
A94: 3조 | B94: ='3조'!B$50 | C94: ='3조'!C$50 -> 3조 - MVC - Testability | D94: ='3조'!D$50 | E94: ='3조'!E$50 -> 3조 - PAC - Testability
A95: 4조 | B95: ='4조'!B$50 | C95: ='4조'!C$50 -> 4조 - MVC - Testability | D95: ='4조'!D$50 | E95: ='4조'!E$50 -> 4조 - PAC - Testability
A96: 5조 | B96: ='5조'!B$50 | C96: ='5조'!C$50 -> 5조 - MVC - Testability | D96: ='5조'!D$50 | E96: ='5조'!E$50 -> 5조 - PAC - Testability
A97: 6조 | B97: ='6조'!B$50 | C97: ='6조'!C$50 -> 6조 - MVC - Testability | D97: ='6조'!D$50 -> -- | E97: ='6조'!E$50 -> 테스트 결과를 확인하기 어렵다.
A98: 7조 | B98: ='7조'!B$50 | C98: ='7조'!C$50 -> 7조 - MVC - Testability | D98: ='7조'!D$50 | E98: ='7조'!E$50 -> 7조 - PAC - Testability
A99: 8조 | B99: ='8조'!B$50 | C99: ='8조'!C$50 -> 8조 - MVC - Testability | D99: ='8조'!D$50 | E99: ='8조'!E$50 -> 8조 - PAC - Testability
A100: 9조 | B100: ='9조'!B$50 | C100: ='9조'!C$50 -> 9조 - MVC - Testability | D100: ='9조'!D$50 | E100: ='9조'!E$50 -> 9조 - PAC - Testability
A102: Usability | B102: ='Detailed Reasoning'!B$51 | C102: ='Detailed Reasoning'!C$51 | D102: ='Detailed Reasoning'!D$51 | E102: ='Detailed Reasoning'!E$51
A103: 1조 | B103: ='1조'!B$51 | C103: ='1조'!C51 -> 1조 - MVC - Usability | D103: ='1조'!D$51 | E103: ='1조'!E51 -> 1조 - PAC - Usability
A104: 2조 | B104: ='2조'!B$51 | C104: ='2조'!C$51 -> 2조 - MVC - Usability | D104: ='2조'!D$51 | E104: ='2조'!E$51 -> 2조 - PAC - Usability
A105: 3조 | B105: ='3조'!B$51 | C105: ='3조'!C$51 -> 3조 - MVC - Usability | D105: ='3조'!D$51 | E105: ='3조'!E$51 -> 3조 - PAC - Usability
A106: 4조 | B106: ='4조'!B$51 | C106: ='4조'!C$51 -> 4조 - MVC - Usability | D106: ='4조'!D$51 | E106: ='4조'!E$51 -> 4조 - PAC - Usability
A107: 5조 | B107: ='5조'!B$51 | C107: ='5조'!C$51 -> 5조 - MVC - Usability | D107: ='5조'!D$51 | E107: ='5조'!E$51 -> 5조 - PAC - Usability
A108: 6조 | B108: ='6조'!B$51 | C108: ='6조'!C$51 -> 6조 - MVC - Usability | D108: ='6조'!D$51 | E108: ='6조'!E$51 -> 6조 - PAC - Usability
A109: 7조 | B109: ='7조'!B$51 | C109: ='7조'!C$51 -> 7조 - MVC - Usability | D109: ='7조'!D$51 | E109: ='7조'!E$51 -> 7조 - PAC - Usability
...

Sheet H1
A1: Hierarchical | B1: Main-subroutine | D1: Master-Slave
B2: Effects | C2: Justification | D2: Effects | E2: Justification
A3: Availability | B3: ='Detailed Reasoning'!B$55 | C3: ='Detailed Reasoning'!C$55 | D3: ='Detailed Reasoning'!D$55 | E3: ='Detailed Reasoning'!E$55
A4: 1조 | B4: ='1조'!B$55 | C4: ='1조'!C55 | D4: ='1조'!D$55 | E4: ='1조'!E55
A5: 2조 | B5: ='2조'!B$55 | C5: ='2조'!C$55 -> 2조 - Main-subroutine - Availability | D5: ='2조'!D$55 | E5: ='2조'!E$55 -> 2조 - Master-Slave - Availability
A6: 3조 | B6: ='3조'!B$55 | C6: ='3조'!C$55 -> 3조 - Main-subroutine - Availability | D6: ='3조'!D$55 | E6: ='3조'!E$55 -> 3조 - Master-Slave - Availability
A7: 4조 | B7: ='4조'!B$55 | C7: ='4조'!C$55 -> 4조 - Main-subroutine - Availability | D7: ='4조'!D$55 | E7: ='4조'!E$55 -> 4조 - Master-Slave - Availability
A8: 5조 | B8: ='5조'!B$55 | C8: ='5조'!C$55 -> 5조 - Main-subroutine - Availability | D8: ='5조'!D$55 | E8: ='5조'!E$55 -> 5조 - Master-Slave - Availability
A9: 6조 | B9: ='6조'!B$55 -> - | C9: ='6조'!C$55 -> Main이 여러 subroutine을 순차적으로 호출하는 구조라서 한 subroutine에 장애가 발생하면 전체 실행 흐름에 영향을 줄 가능성이 높음 | D9: ='6조'!D$55 -> 0 | E9: ='6조'!E$55 -> Fault Tolerence 특징이 있지만 Master 단일 포인트 Fail 시 가용성이 훼손될 수 있다.
A10: 7조 | B10: ='7조'!B$55 | C10: ='7조'!C$55 -> 7조 - Main-subroutine - Availability | D10: ='7조'!D$55 | E10: ='7조'!E$55 -> 7조 - Master-Slave - Availability
A11: 8조 | B11: ='8조'!B$55 | C11: ='8조'!C$55 -> 8조 - Main-subroutine - Availability | D11: ='8조'!D$55 | E11: ='8조'!E$55 -> 8조 - Master-Slave - Availability
A12: 9조 | B12: ='9조'!B$55 | C12: ='9조'!C$55 -> 9조 - Main-subroutine - Availability | D12: ='9조'!D$55 | E12: ='9조'!E$55 -> 9조 - Master-Slave - Availability
A14: Deployability | B14: ='Detailed Reasoning'!B$56 | C14: ='Detailed Reasoning'!C$56 | D14: ='Detailed Reasoning'!D$56 | E14: ='Detailed Reasoning'!E$56
A15: 1조 | B15: ='1조'!B$56 | C15: ='1조'!C56 | D15: ='1조'!D$56 | E15: ='1조'!E56
A16: 2조 | B16: ='2조'!B$56 | C16: ='2조'!C$56 -> 2조 - Main-subroutine - Deployability | D16: ='2조'!D$56 | E16: ='2조'!E$56 -> 2조 - Master-Slave - Deployability
A17: 3조 | B17: ='3조'!B$56 | C17: ='3조'!C$56 -> 3조 - Main-subroutine - Deployability | D17: ='3조'!D$56 | E17: ='3조'!E$56 -> 3조 - Master-Slave - Deployability
A18: 4조 | B18: ='4조'!B$56 | C18: ='4조'!C$56 -> 4조 - Main-subroutine - Deployability | D18: ='4조'!D$56 | E18: ='4조'!E$56 -> 4조 - Master-Slave - Deployability
A19: 5조 | B19: ='5조'!B$56 | C19: ='5조'!C$56 -> 5조 - Main-subroutine - Deployability | D19: ='5조'!D$56 | E19: ='5조'!E$56 -> 5조 - Master-Slave - Deployability
A20: 6조 | B20: ='6조'!B$56 -> - | C20: ='6조'!C$56 -> Main과 subroutine이 하나의 바이너리로 강하게 묶여있어 특정 서브루틴만 독립적 배포 불가. 특정 서브루틴 고치면 전체 시스템 재빌드 및 재배포 필요. 배포시 무중단 배포가 불가능하다. | D20: ='6조'!D$56 -> 0 | E20: ='6조'!E$56 -> Slave를 교체할 때는 배포에 장점이 있지만, Slave-Master와의 호환성 문제가 생길 시 혹은 Master 교체 시 배포용이성이 떨어진다.
A21: 7조 | B21: ='7조'!B$56 | C21: ='7조'!C$56 -> 7조 - Main-subroutine - Deployability | D21: ='7조'!D$56 | E21: ='7조'!E$56 -> 7조 - Master-Slave - Deployability
A22: 8조 | B22: ='8조'!B$56 | C22: ='8조'!C$56 -> 8조 - Main-subroutine - Deployability | D22: ='8조'!D$56 | E22: ='8조'!E$56 -> 8조 - Master-Slave - Deployability
A23: 9조 | B23: ='9조'!B$56 | C23: ='9조'!C$56 -> 9조 - Main-subroutine - Deployability | D23: ='9조'!D$56 | E23: ='9조'!E$56 -> 9조 - Master-Slave - Deployability
A25: Integrability | B25: ='Detailed Reasoning'!B$57 | C25: ='Detailed Reasoning'!C$57 | D25: ='Detailed Reasoning'!D$57 | E25: ='Detailed Reasoning'!E$57
A26: 1조 | B26: ='1조'!B$57 | C26: ='1조'!C57 | D26: ='1조'!D$57 | E26: ='1조'!E57
A27: 2조 | B27: ='2조'!B$57 | C27: ='2조'!C$57 -> 2조 - Main-subroutine - Integrability | D27: ='2조'!D$57 | E27: ='2조'!E$57 -> 2조 - Master-Slave - Integrability
A28: 3조 | B28: ='3조'!B$57 | C28: ='3조'!C$57 -> 3조 - Main-subroutine - Integrability | D28: ='3조'!D$57 | E28: ='3조'!E$57 -> 3조 - Master-Slave - Integrability
A29: 4조 | B29: ='4조'!B$57 | C29: ='4조'!C$57 -> 4조 - Main-subroutine - Integrability | D29: ='4조'!D$57 | E29: ='4조'!E$57 -> 4조 - Master-Slave - Integrability
A30: 5조 | B30: ='5조'!B$57 | C30: ='5조'!C$57 -> 5조 - Main-subroutine - Integrability | D30: ='5조'!D$57 | E30: ='5조'!E$57 -> 5조 - Master-Slave - Integrability
A31: 6조 | B31: ='6조'!B$57 -> - | C31: ='6조'!C$57 -> Subroutine 간 interface를 통해 통합할 수 있지만, 기본적으로 호출 관계가 강하게 결합되어 있다. 새로운 외부 시스템이나 component를 추가하려면 기존 main/subroutine 구조를 수정해야 할 가능성이 있다. | D31: ='6조'!D$57 -> 0 | E31: ='6조'!E$57 -> 다른 component를 slave로 추가할 componet의 인터페이스, 프로토콜 호환성이 중요하게 작용한다. 같은 규약을 가진 componet의 경우 통합용이성이 좋다.
A32: 7조 | B32: ='7조'!B$57 | C32: ='7조'!C$57 -> 7조 - Main-subroutine - Integrability | D32: ='7조'!D$57 | E32: ='7조'!E$57 -> 7조 - Master-Slave - Integrability
A33: 8조 | B33: ='8조'!B$57 | C33: ='8조'!C$57 -> 8조 - Main-subroutine - Integrability | D33: ='8조'!D$57 | E33: ='8조'!E$57 -> 8조 - Master-Slave - Integrability
A34: 9조 | B34: ='9조'!B$57 | C34: ='9조'!C$57 -> 9조 - Main-subroutine - Integrability | D34: ='9조'!D$57 | E34: ='9조'!E$57 -> 9조 - Master-Slave - Integrability
A36: Energy Efficiency | B36: ='Detailed Reasoning'!B$58 | C36: ='Detailed Reasoning'!C$58 | D36: ='Detailed Reasoning'!D$58 | E36: ='Detailed Reasoning'!E$58
A37: 1조 | B37: ='1조'!B$58 | C37: ='1조'!C58 | D37: ='1조'!D$58 | E37: ='1조'!E58
A38: 2조 | B38: ='2조'!B$58 | C38: ='2조'!C$58 -> 2조 - Main-subroutine - Energy Efficiency | D38: ='2조'!D$58 | E38: ='2조'!E$58 -> 2조 - Master-Slave - Energy Efficiency
A39: 3조 | B39: ='3조'!B$58 | C39: ='3조'!C$58 -> 3조 - Main-subroutine - Energy Efficiency | D39: ='3조'!D$58 | E39: ='3조'!E$58 -> 3조 - Master-Slave - Energy Efficiency
A40: 4조 | B40: ='4조'!B$58 | C40: ='4조'!C$58 -> 4조 - Main-subroutine - Energy Efficiency | D40: ='4조'!D$58 | E40: ='4조'!E$58 -> 4조 - Master-Slave - Energy Efficiency
A41: 5조 | B41: ='5조'!B$58 | C41: ='5조'!C$58 -> 5조 - Main-subroutine - Energy Efficiency | D41: ='5조'!D$58 | E41: ='5조'!E$58 -> 5조 - Master-Slave - Energy Efficiency
A42: 6조 | B42: ='6조'!B$58 -> ++ | C42: ='6조'!C$58 -> 불필요한 communication이나 middleware layer가 거의 없기 때문에 효율적 | D42: ='6조'!D$58 -> - | E42: ='6조'!E$58 -> master-slave간 통신에서 overhead가 발생하여 추가적인 에너지 소모가 있을 수 있다.
A43: 7조 | B43: ='7조'!B$58 | C43: ='7조'!C$58 -> 7조 - Main-subroutine - Energy Efficiency | D43: ='7조'!D$58 | E43: ='7조'!E$58 -> 7조 - Master-Slave - Energy Efficiency
A44: 8조 | B44: ='8조'!B$58 | C44: ='8조'!C$58 -> 8조 - Main-subroutine - Energy Efficiency | D44: ='8조'!D$58 | E44: ='8조'!E$58 -> 8조 - Master-Slave - Energy Efficiency
A45: 9조 | B45: ='9조'!B$58 | C45: ='9조'!C$58 -> 9조 - Main-subroutine - Energy Efficiency | D45: ='9조'!D$58 | E45: ='9조'!E$58 -> 9조 - Master-Slave - Energy Efficiency
A47: Modifiability | B47: ='Detailed Reasoning'!B$59 | C47: ='Detailed Reasoning'!C$59 | D47: ='Detailed Reasoning'!D$59 | E47: ='Detailed Reasoning'!E$59
A48: 1조 | B48: ='1조'!B$59 | C48: ='1조'!C59 | D48: ='1조'!D$59 | E48: ='1조'!E59
A49: 2조 | B49: ='2조'!B$59 | C49: ='2조'!C$59 -> 2조 - Main-subroutine - Modifiability | D49: ='2조'!D$59 | E49: ='2조'!E$59 -> 2조 - Master-Slave - Modifiability
A50: 3조 | B50: ='3조'!B$59 | C50: ='3조'!C$59 -> 3조 - Main-subroutine - Modifiability | D50: ='3조'!D$59 | E50: ='3조'!E$59 -> 3조 - Master-Slave - Modifiability
A51: 4조 | B51: ='4조'!B$59 | C51: ='4조'!C$59 -> 4조 - Main-subroutine - Modifiability | D51: ='4조'!D$59 | E51: ='4조'!E$59 -> 4조 - Master-Slave - Modifiability
A52: 5조 | B52: ='5조'!B$59 | C52: ='5조'!C$59 -> 5조 - Main-subroutine - Modifiability | D52: ='5조'!D$59 | E52: ='5조'!E$59 -> 5조 - Master-Slave - Modifiability
A53: 6조 | B53: ='6조'!B$59 -> -- | C53: ='6조'!C$59 -> Main이 subroutine의 구조와 호출 순서를 강하게 알고 있기 때문에 변경의 영향이 상위 구조까지 전파될 수 있다. | D53: ='6조'!D$59 -> + | E53: ='6조'!E$59 -> component의 수정이 master에 영향을 주지 않는 한 다른 component에 영향을 미치지 않기 때문에 변경 용이성이 좋다.
A54: 7조 | B54: ='7조'!B$59 | C54: ='7조'!C$59 -> 7조 - Main-subroutine - Modifiability | D54: ='7조'!D$59 | E54: ='7조'!E$59 -> 7조 - Master-Slave - Modifiability
A55: 8조 | B55: ='8조'!B$59 | C55: ='8조'!C$59 -> 8조 - Main-subroutine - Modifiability | D55: ='8조'!D$59 | E55: ='8조'!E$59 -> 8조 - Master-Slave - Modifiability
A56: 9조 | B56: ='9조'!B$59 | C56: ='9조'!C$59 -> 9조 - Main-subroutine - Modifiability | D56: ='9조'!D$59 | E56: ='9조'!E$59 -> 9조 - Master-Slave - Modifiability
A58: Performance | B58: ='Detailed Reasoning'!B$60 | C58: ='Detailed Reasoning'!C$60 | D58: ='Detailed Reasoning'!D$60 | E58: ='Detailed Reasoning'!E$60
A59: 1조 | B59: ='1조'!B$60 | C59: ='1조'!C60 | D59: ='1조'!D$60 | E59: ='1조'!E60
A60: 2조 | B60: ='2조'!B$60 | C60: ='2조'!C$60 -> 2조 - Main-subroutine - Performance | D60: ='2조'!D$60 | E60: ='2조'!E$60 -> 2조 - Master-Slave - Performance
A61: 3조 | B61: ='3조'!B$60 | C61: ='3조'!C$60 -> 3조 - Main-subroutine - Performance | D61: ='3조'!D$60 | E61: ='3조'!E$60 -> 3조 - Master-Slave - Performance
A62: 4조 | B62: ='4조'!B$60 | C62: ='4조'!C$60 -> 4조 - Main-subroutine - Performance | D62: ='4조'!D$60 | E62: ='4조'!E$60 -> 4조 - Master-Slave - Performance
A63: 5조 | B63: ='5조'!B$60 | C63: ='5조'!C$60 -> 5조 - Main-subroutine - Performance | D63: ='5조'!D$60 | E63: ='5조'!E$60 -> 5조 - Master-Slave - Performance
A64: 6조 | B64: ='6조'!B$60 -> ++ | C64: ='6조'!C$60 -> Main이 Subroutime을 함수 호출하므로 네트워크, IPC보다 처리속도가 매우 빠름 | D64: ='6조'!D$60 -> + | E64: ='6조'!E$60 -> Slave를 늘리면 읽기 작업에 대한 시스템 응답시간을 줄임으로 인해 퍼포먼스를 증가시킬 수 있다. 단 쓰기 작업의 경우에는 마스터 업데이트 및 슬레이브 업데이트까지 데이터 무결성을 위한 동시성 작업이 요구되기 때문에 쓰기 작업에 대한 응답시간은 지연될 수 있다.
A65: 7조 | B65: ='7조'!B$60 | C65: ='7조'!C$60 -> 7조 - Main-subroutine - Performance | D65: ='7조'!D$60 | E65: ='7조'!E$60 -> 7조 - Master-Slave - Performance
A66: 8조 | B66: ='8조'!B$60 | C66: ='8조'!C$60 -> 8조 - Main-subroutine - Performance | D66: ='8조'!D$60 | E66: ='8조'!E$60 -> 8조 - Master-Slave - Performance
A67: 9조 | B67: ='9조'!B$60 | C67: ='9조'!C$60 -> 9조 - Main-subroutine - Performance | D67: ='9조'!D$60 | E67: ='9조'!E$60 -> 9조 - Master-Slave - Performance
A69: Safety | B69: ='Detailed Reasoning'!B$61 | C69: ='Detailed Reasoning'!C$61 | D69: ='Detailed Reasoning'!D$61 | E69: ='Detailed Reasoning'!E$61
A70: 1조 | B70: ='1조'!B$61 | C70: ='1조'!C61 | D70: ='1조'!D$61 | E70: ='1조'!E61
A71: 2조 | B71: ='2조'!B$61 | C71: ='2조'!C$61 -> 2조 - Main-subroutine - Safety | D71: ='2조'!D$61 | E71: ='2조'!E$61 -> 2조 - Master-Slave - Safety
A72: 3조 | B72: ='3조'!B$61 | C72: ='3조'!C$61 -> 3조 - Main-subroutine - Safety | D72: ='3조'!D$61 | E72: ='3조'!E$61 -> 3조 - Master-Slave - Safety
A73: 4조 | B73: ='4조'!B$61 | C73: ='4조'!C$61 -> 4조 - Main-subroutine - Safety | D73: ='4조'!D$61 | E73: ='4조'!E$61 -> 4조 - Master-Slave - Safety
A74: 5조 | B74: ='5조'!B$61 | C74: ='5조'!C$61 -> 5조 - Main-subroutine - Safety | D74: ='5조'!D$61 | E74: ='5조'!E$61 -> 5조 - Master-Slave - Safety
A75: 6조 | B75: ='6조'!B$61 -> - | C75: ='6조'!C$61 -> 예외 처리가 호출 스택을 타고 상위로 전파되는 구조라 발생한 오류가 상위로 쉽게 전파됨 | D75: ='6조'!D$61 -> ++ | E75: ='6조'!E$61 -> 하나의 Slave에서 fault가 발생하더라도 다른 Slave에서 응답하면 되기 때문에 전체 시스템 fault를 야기하지 않을 수 있다.
A76: 7조 | B76: ='7조'!B$61 | C76: ='7조'!C$61 -> 7조 - Main-subroutine - Safety | D76: ='7조'!D$61 | E76: ='7조'!E$61 -> 7조 - Master-Slave - Safety
A77: 8조 | B77: ='8조'!B$61 | C77: ='8조'!C$61 -> 8조 - Main-subroutine - Safety | D77: ='8조'!D$61 | E77: ='8조'!E$61 -> 8조 - Master-Slave - Safety
A78: 9조 | B78: ='9조'!B$61 | C78: ='9조'!C$61 -> 9조 - Main-subroutine - Safety | D78: ='9조'!D$61 | E78: ='9조'!E$61 -> 9조 - Master-Slave - Safety
A80: Security | B80: ='Detailed Reasoning'!B$62 | C80: ='Detailed Reasoning'!C$62 | D80: ='Detailed Reasoning'!D$62 | E80: ='Detailed Reasoning'!E$62
A81: 1조 | B81: ='1조'!B$62 | C81: ='1조'!C62 | D81: ='1조'!D$62 | E81: ='1조'!E62
A82: 2조 | B82: ='2조'!B$62 | C82: ='2조'!C$62 -> 2조 - Main-subroutine - Security | D82: ='2조'!D$62 | E82: ='2조'!E$62 -> 2조 - Master-Slave - Security
A83: 3조 | B83: ='3조'!B$62 | C83: ='3조'!C$62 -> 3조 - Main-subroutine - Security | D83: ='3조'!D$62 | E83: ='3조'!E$62 -> 3조 - Master-Slave - Security
A84: 4조 | B84: ='4조'!B$62 | C84: ='4조'!C$62 -> 4조 - Main-subroutine - Security | D84: ='4조'!D$62 | E84: ='4조'!E$62 -> 4조 - Master-Slave - Security
A85: 5조 | B85: ='5조'!B$62 | C85: ='5조'!C$62 -> 5조 - Main-subroutine - Security | D85: ='5조'!D$62 | E85: ='5조'!E$62 -> 5조 - Master-Slave - Security
A86: 6조 | B86: ='6조'!B$62 -> - | C86: ='6조'!C$62 -> 프로세스 내부에 보안 경계가 없어 한 Subroutine이 다른 메모리와 자원에 접근 가능 | D86: ='6조'!D$62 -> - | E86: ='6조'!E$62 -> Master가 공격당할 경우 시스템 failure를 야기시킬 수 있다. (a single point of failure)
A87: 7조 | B87: ='7조'!B$62 | C87: ='7조'!C$62 -> 7조 - Main-subroutine - Security | D87: ='7조'!D$62 | E87: ='7조'!E$62 -> 7조 - Master-Slave - Security
A88: 8조 | B88: ='8조'!B$62 | C88: ='8조'!C$62 -> 8조 - Main-subroutine - Security | D88: ='8조'!D$62 | E88: ='8조'!E$62 -> 8조 - Master-Slave - Security
A89: 9조 | B89: ='9조'!B$62 | C89: ='9조'!C$62 -> 9조 - Main-subroutine - Security | D89: ='9조'!D$62 | E89: ='9조'!E$62 -> 9조 - Master-Slave - Security
A91: Testability | B91: ='Detailed Reasoning'!B$63 | C91: ='Detailed Reasoning'!C$63 | D91: ='Detailed Reasoning'!D$63 | E91: ='Detailed Reasoning'!E$63
A92: 1조 | B92: ='1조'!B$63 | C92: ='1조'!C63 | D92: ='1조'!D$63 | E92: ='1조'!E63
A93: 2조 | B93: ='2조'!B$63 | C93: ='2조'!C$63 -> 2조 - Main-subroutine - Testability | D93: ='2조'!D$63 | E93: ='2조'!E$63 -> 2조 - Master-Slave - Testability
A94: 3조 | B94: ='3조'!B$63 | C94: ='3조'!C$63 -> 3조 - Main-subroutine - Testability | D94: ='3조'!D$63 | E94: ='3조'!E$63 -> 3조 - Master-Slave - Testability
A95: 4조 | B95: ='4조'!B$63 | C95: ='4조'!C$63 -> 4조 - Main-subroutine - Testability | D95: ='4조'!D$63 | E95: ='4조'!E$63 -> 4조 - Master-Slave - Testability
A96: 5조 | B96: ='5조'!B$63 | C96: ='5조'!C$63 -> 5조 - Main-subroutine - Testability | D96: ='5조'!D$63 | E96: ='5조'!E$63 -> 5조 - Master-Slave - Testability
A97: 6조 | B97: ='6조'!B$63 -> 0 | C97: ='6조'!C$63 -> Subroutine 단위테스트는 쉬우나, 통합테스트의 어려움이 있음 | D97: ='6조'!D$63 -> - | E97: ='6조'!E$63 -> 분산된 환경에 대한 통합 테스트가 어려워진다.
A98: 7조 | B98: ='7조'!B$63 | C98: ='7조'!C$63 -> 7조 - Main-subroutine - Testability | D98: ='7조'!D$63 | E98: ='7조'!E$63 -> 7조 - Master-Slave - Testability
A99: 8조 | B99: ='8조'!B$63 | C99: ='8조'!C$63 -> 8조 - Main-subroutine - Testability | D99: ='8조'!D$63 | E99: ='8조'!E$63 -> 8조 - Master-Slave - Testability
A100: 9조 | B100: ='9조'!B$63 | C100: ='9조'!C$63 -> 9조 - Main-subroutine - Testability | D100: ='9조'!D$63 | E100: ='9조'!E$63 -> 9조 - Master-Slave - Testability
A102: Usability | B102: ='Detailed Reasoning'!B$64 | C102: ='Detailed Reasoning'!C$64 | D102: ='Detailed Reasoning'!D$64 | E102: ='Detailed Reasoning'!E$64
A103: 1조 | B103: ='1조'!B$64 | C103: ='1조'!C64 | D103: ='1조'!D$64 | E103: ='1조'!E64
A104: 2조 | B104: ='2조'!B$64 | C104: ='2조'!C$64 -> 2조 - Main-subroutine - Usability | D104: ='2조'!D$64 | E104: ='2조'!E$64 -> 2조 - Master-Slave - Usability
A105: 3조 | B105: ='3조'!B$64 | C105: ='3조'!C$64 -> 3조 - Main-subroutine - Usability | D105: ='3조'!D$64 | E105: ='3조'!E$64 -> 3조 - Master-Slave - Usability
A106: 4조 | B106: ='4조'!B$64 | C106: ='4조'!C$64 -> 4조 - Main-subroutine - Usability | D106: ='4조'!D$64 | E106: ='4조'!E$64 -> 4조 - Master-Slave - Usability
A107: 5조 | B107: ='5조'!B$64 | C107: ='5조'!C$64 -> 5조 - Main-subroutine - Usability | D107: ='5조'!D$64 | E107: ='5조'!E$64 -> 5조 - Master-Slave - Usability
A108: 6조 | B108: ='6조'!B$64 -> 0 | C108: ='6조'!C$64 -> 구조 자체가 사용자 경험을 직접 결정하지 않음 | D108: ='6조'!D$64 -> + | E108: ='6조'!E$64 -> 대부분의 경우 쓰기 작업보다 읽기 작업이 일반적으로 더 많이 발생하기 때문에 읽기 작업에 대한 응답시간 향상은 사용자 경험을 증대시킬 수 있다.
A109: 7조 | B109: ='7조'!B$64 | C109: ='7조'!C$64 -> 7조 - Main-subroutine - Usability | D109: ='7조'!D$64 | E109: ='7조'!E$64 -> 7조 - Master-Slave - Usability
...

Sheet H2
A1: Hierarchical | B1: Layered | D1: Virtual Machine | F1: Microkernel
B2: Effects | C2: Justification | D2: Effects | E2: Justification | F2: Effects | G2: Justification
A3: Availability | B3: ='Detailed Reasoning'!B$68 | C3: ='Detailed Reasoning'!C$68 | D3: ='Detailed Reasoning'!D$68 | E3: ='Detailed Reasoning'!E$68 | F3: ='Detailed Reasoning'!F$68 | G3: ='Detailed Reasoning'!G$68
A4: 1조 | B4: ='1조'!B$68 | C4: ='1조'!C68 | D4: ='1조'!D$68 | E4: ='1조'!E68 | F4: ='1조'!F$68 | G4: ='1조'!G68
A5: 2조 | B5: ='2조'!B$68 | C5: ='2조'!C$68 -> 2조 - Layered - Availability | D5: ='2조'!D$68 | E5: ='2조'!E$68 -> 2조 - Virtual Machine - Availability | F5: ='2조'!F$68 | G5: ='2조'!G$68 -> 2조 - Microkernel - Availability
A6: 3조 | B6: ='3조'!B$68 | C6: ='3조'!C$68 -> 3조 - Layered - Availability | D6: ='3조'!D$68 | E6: ='3조'!E$68 -> 3조 - Virtual Machine - Availability | F6: ='3조'!F$68 | G6: ='3조'!G$68 -> 3조 - Microkernel - Availability
A7: 4조 | B7: ='4조'!B$68 | C7: ='4조'!C$68 -> 4조 - Layered - Availability | D7: ='4조'!D$68 | E7: ='4조'!E$68 -> 4조 - Virtual Machine - Availability | F7: ='4조'!F$68 | G7: ='4조'!G$68 -> 4조 - Microkernel - Availability
A8: 5조 | B8: ='5조'!B$68 | C8: ='5조'!C$68 -> 5조 - Layered - Availability | D8: ='5조'!D$68 | E8: ='5조'!E$68 -> 5조 - Virtual Machine - Availability | F8: ='5조'!F$68 | G8: ='5조'!G$68 -> 5조 - Microkernel - Availability
A9: 6조 | B9: ='6조'!B$68 -> 0 | C9: ='6조'!C$68 -> 계층 분리는 결함의 위치 파악과 복구에 도움이 되지만, 하위 Layer에 장애가 발생하면 이를 사용하는 모든 상위 Layer가 영향을 받는다. | D9: ='6조'!D$68 | E9: ='6조'!E$68 -> 6조 - Virtual Machine - Availability | F9: ='6조'!F$68 | G9: ='6조'!G$68 -> 6조 - Microkernel - Availability
A10: 7조 | B10: ='7조'!B$68 | C10: ='7조'!C$68 -> 7조 - Layered - Availability | D10: ='7조'!D$68 | E10: ='7조'!E$68 -> 7조 - Virtual Machine - Availability | F10: ='7조'!F$68 | G10: ='7조'!G$68 -> 7조 - Microkernel - Availability
A11: 8조 | B11: ='8조'!B$68 | C11: ='8조'!C$68 -> 8조 - Layered - Availability | D11: ='8조'!D$68 | E11: ='8조'!E$68 -> 8조 - Virtual Machine - Availability | F11: ='8조'!F$68 | G11: ='8조'!G$68 -> 8조 - Microkernel - Availability
A12: 9조 | B12: ='9조'!B$68 | C12: ='9조'!C$68 -> 9조 - Layered - Availability | D12: ='9조'!D$68 | E12: ='9조'!E$68 -> 9조 - Virtual Machine - Availability | F12: ='9조'!F$68 | G12: ='9조'!G$68 -> 9조 - Microkernel - Availability
A14: Deployability | B14: ='Detailed Reasoning'!B$69 | C14: ='Detailed Reasoning'!C$69 | D14: ='Detailed Reasoning'!D$69 | E14: ='Detailed Reasoning'!E$69 | F14: ='Detailed Reasoning'!F$69 | G14: ='Detailed Reasoning'!G$69
A15: 1조 | B15: ='1조'!B$69 | C15: ='1조'!C69 | D15: ='1조'!D$69 | E15: ='1조'!E69 | F15: ='1조'!F$69 | G15: ='1조'!G69
A16: 2조 | B16: ='2조'!B$69 | C16: ='2조'!C$69 -> 2조 - Layered - Deployability | D16: ='2조'!D$69 | E16: ='2조'!E$69 -> 2조 - Virtual Machine - Deployability | F16: ='2조'!F$69 | G16: ='2조'!G$69 -> 2조 - Microkernel - Deployability
A17: 3조 | B17: ='3조'!B$69 | C17: ='3조'!C$69 -> 3조 - Layered - Deployability | D17: ='3조'!D$69 | E17: ='3조'!E$69 -> 3조 - Virtual Machine - Deployability | F17: ='3조'!F$69 | G17: ='3조'!G$69 -> 3조 - Microkernel - Deployability
A18: 4조 | B18: ='4조'!B$69 | C18: ='4조'!C$69 -> 4조 - Layered - Deployability | D18: ='4조'!D$69 | E18: ='4조'!E$69 -> 4조 - Virtual Machine - Deployability | F18: ='4조'!F$69 | G18: ='4조'!G$69 -> 4조 - Microkernel - Deployability
A19: 5조 | B19: ='5조'!B$69 | C19: ='5조'!C$69 -> 5조 - Layered - Deployability | D19: ='5조'!D$69 | E19: ='5조'!E$69 -> 5조 - Virtual Machine - Deployability | F19: ='5조'!F$69 | G19: ='5조'!G$69 -> 5조 - Microkernel - Deployability
A20: 6조 | B20: ='6조'!B$69 -> + | C20: ='6조'!C$69 -> 계층별 책임과 인터페이스가 분리되어 있어 변경된 Layer를 비교적 독립적으로 배포·교체할 수 있다. 다만 하위 인터페이스 변경 시 상위 Layer도 함께 배포해야 할 수 있다. | D20: ='6조'!D$69 | E20: ='6조'!E$69 -> 6조 - Virtual Machine - Deployability | F20: ='6조'!F$69 | G20: ='6조'!G$69 -> 6조 - Microkernel - Deployability
A21: 7조 | B21: ='7조'!B$69 | C21: ='7조'!C$69 -> 7조 - Layered - Deployability | D21: ='7조'!D$69 | E21: ='7조'!E$69 -> 7조 - Virtual Machine - Deployability | F21: ='7조'!F$69 | G21: ='7조'!G$69 -> 7조 - Microkernel - Deployability
A22: 8조 | B22: ='8조'!B$69 | C22: ='8조'!C$69 -> 8조 - Layered - Deployability | D22: ='8조'!D$69 | E22: ='8조'!E$69 -> 8조 - Virtual Machine - Deployability | F22: ='8조'!F$69 | G22: ='8조'!G$69 -> 8조 - Microkernel - Deployability
A23: 9조 | B23: ='9조'!B$69 | C23: ='9조'!C$69 -> 9조 - Layered - Deployability | D23: ='9조'!D$69 | E23: ='9조'!E$69 -> 9조 - Virtual Machine - Deployability | F23: ='9조'!F$69 | G23: ='9조'!G$69 -> 9조 - Microkernel - Deployability
A25: Integrability | B25: ='Detailed Reasoning'!B$70 | C25: ='Detailed Reasoning'!C$70 | D25: ='Detailed Reasoning'!D$70 | E25: ='Detailed Reasoning'!E$70 | F25: ='Detailed Reasoning'!F$70 | G25: ='Detailed Reasoning'!G$70
A26: 1조 | B26: ='1조'!B$70 | C26: ='1조'!C70 | D26: ='1조'!D$70 | E26: ='1조'!E70 | F26: ='1조'!F$70 | G26: ='1조'!G70
A27: 2조 | B27: ='2조'!B$70 | C27: ='2조'!C$70 -> 2조 - Layered - Integrability | D27: ='2조'!D$70 | E27: ='2조'!E$70 -> 2조 - Virtual Machine - Integrability | F27: ='2조'!F$70 | G27: ='2조'!G$70 -> 2조 - Microkernel - Integrability
A28: 3조 | B28: ='3조'!B$70 | C28: ='3조'!C$70 -> 3조 - Layered - Integrability | D28: ='3조'!D$70 | E28: ='3조'!E$70 -> 3조 - Virtual Machine - Integrability | F28: ='3조'!F$70 | G28: ='3조'!G$70 -> 3조 - Microkernel - Integrability
A29: 4조 | B29: ='4조'!B$70 | C29: ='4조'!C$70 -> 4조 - Layered - Integrability | D29: ='4조'!D$70 | E29: ='4조'!E$70 -> 4조 - Virtual Machine - Integrability | F29: ='4조'!F$70 | G29: ='4조'!G$70 -> 4조 - Microkernel - Integrability
A30: 5조 | B30: ='5조'!B$70 | C30: ='5조'!C$70 -> 5조 - Layered - Integrability | D30: ='5조'!D$70 | E30: ='5조'!E$70 -> 5조 - Virtual Machine - Integrability | F30: ='5조'!F$70 | G30: ='5조'!G$70 -> 5조 - Microkernel - Integrability
A31: 6조 | B31: ='6조'!B$70 -> + | C31: ='6조'!C$70 -> 각 layer가 정의된 인터페이스로 서비스를 제공하므로(약한 결합), 그 인터페이스만 유지되면 아래 구현을 새 컴포넌트로 교체하거나 다른 시스템과 연동하기 쉽다 | D31: ='6조'!D$70 | E31: ='6조'!E$70 -> 6조 - Virtual Machine - Integrability | F31: ='6조'!F$70 | G31: ='6조'!G$70 -> 6조 - Microkernel - Integrability
A32: 7조 | B32: ='7조'!B$70 | C32: ='7조'!C$70 -> 7조 - Layered - Integrability | D32: ='7조'!D$70 | E32: ='7조'!E$70 -> 7조 - Virtual Machine - Integrability | F32: ='7조'!F$70 | G32: ='7조'!G$70 -> 7조 - Microkernel - Integrability
A33: 8조 | B33: ='8조'!B$70 | C33: ='8조'!C$70 -> 8조 - Layered - Integrability | D33: ='8조'!D$70 | E33: ='8조'!E$70 -> 8조 - Virtual Machine - Integrability | F33: ='8조'!F$70 | G33: ='8조'!G$70 -> 8조 - Microkernel - Integrability
A34: 9조 | B34: ='9조'!B$70 | C34: ='9조'!C$70 -> 9조 - Layered - Integrability | D34: ='9조'!D$70 | E34: ='9조'!E$70 -> 9조 - Virtual Machine - Integrability | F34: ='9조'!F$70 | G34: ='9조'!G$70 -> 9조 - Microkernel - Integrability
A36: Energy Efficiency | B36: ='Detailed Reasoning'!B$71 | C36: ='Detailed Reasoning'!C$71 | D36: ='Detailed Reasoning'!D$71 | E36: ='Detailed Reasoning'!E$71 | F36: ='Detailed Reasoning'!F$71 | G36: ='Detailed Reasoning'!G$71
A37: 1조 | B37: ='1조'!B$71 | C37: ='1조'!C71 | D37: ='1조'!D$71 | E37: ='1조'!E71 | F37: ='1조'!F$71 | G37: ='1조'!G71
A38: 2조 | B38: ='2조'!B$71 | C38: ='2조'!C$71 -> 2조 - Layered - Energy Efficiency | D38: ='2조'!D$71 | E38: ='2조'!E$71 -> 2조 - Virtual Machine - Energy Efficiency | F38: ='2조'!F$71 | G38: ='2조'!G$71 -> 2조 - Microkernel - Energy Efficiency
A39: 3조 | B39: ='3조'!B$71 | C39: ='3조'!C$71 -> 3조 - Layered - Energy Efficiency | D39: ='3조'!D$71 | E39: ='3조'!E$71 -> 3조 - Virtual Machine - Energy Efficiency | F39: ='3조'!F$71 | G39: ='3조'!G$71 -> 3조 - Microkernel - Energy Efficiency
A40: 4조 | B40: ='4조'!B$71 | C40: ='4조'!C$71 -> 4조 - Layered - Energy Efficiency | D40: ='4조'!D$71 | E40: ='4조'!E$71 -> 4조 - Virtual Machine - Energy Efficiency | F40: ='4조'!F$71 | G40: ='4조'!G$71 -> 4조 - Microkernel - Energy Efficiency
A41: 5조 | B41: ='5조'!B$71 | C41: ='5조'!C$71 -> 5조 - Layered - Energy Efficiency | D41: ='5조'!D$71 | E41: ='5조'!E$71 -> 5조 - Virtual Machine - Energy Efficiency | F41: ='5조'!F$71 | G41: ='5조'!G$71 -> 5조 - Microkernel - Energy Efficiency
A42: 6조 | B42: ='6조'!B$71 -> - | C42: ='6조'!C$71 -> Layer 수가 많을수록 요청이 여러 Layer를 순차적으로 통과하면서 반복적인 호출, 데이터 변환 및 중간 처리에 추가 자원이 소모된다. | D42: ='6조'!D$71 | E42: ='6조'!E$71 -> 6조 - Virtual Machine - Energy Efficiency | F42: ='6조'!F$71 | G42: ='6조'!G$71 -> 6조 - Microkernel - Energy Efficiency
A43: 7조 | B43: ='7조'!B$71 | C43: ='7조'!C$71 -> 7조 - Layered - Energy Efficiency | D43: ='7조'!D$71 | E43: ='7조'!E$71 -> 7조 - Virtual Machine - Energy Efficiency | F43: ='7조'!F$71 | G43: ='7조'!G$71 -> 7조 - Microkernel - Energy Efficiency
A44: 8조 | B44: ='8조'!B$71 | C44: ='8조'!C$71 -> 8조 - Layered - Energy Efficiency | D44: ='8조'!D$71 | E44: ='8조'!E$71 -> 8조 - Virtual Machine - Energy Efficiency | F44: ='8조'!F$71 | G44: ='8조'!G$71 -> 8조 - Microkernel - Energy Efficiency
A45: 9조 | B45: ='9조'!B$71 | C45: ='9조'!C$71 -> 9조 - Layered - Energy Efficiency | D45: ='9조'!D$71 | E45: ='9조'!E$71 -> 9조 - Virtual Machine - Energy Efficiency | F45: ='9조'!F$71 | G45: ='9조'!G$71 -> 9조 - Microkernel - Energy Efficiency
A47: Modifiability | B47: ='Detailed Reasoning'!B$72 | C47: ='Detailed Reasoning'!C$72 | D47: ='Detailed Reasoning'!D$72 | E47: ='Detailed Reasoning'!E$72 | F47: ='Detailed Reasoning'!F$72 | G47: ='Detailed Reasoning'!G$72
A48: 1조 | B48: ='1조'!B$72 | C48: ='1조'!C72 | D48: ='1조'!D$72 | E48: ='1조'!E72 | F48: ='1조'!F$72 | G48: ='1조'!G72
A49: 2조 | B49: ='2조'!B$72 | C49: ='2조'!C$72 -> 2조 - Layered - Modifiability | D49: ='2조'!D$72 | E49: ='2조'!E$72 -> 2조 - Virtual Machine - Modifiability | F49: ='2조'!F$72 | G49: ='2조'!G$72 -> 2조 - Microkernel - Modifiability
A50: 3조 | B50: ='3조'!B$72 | C50: ='3조'!C$72 -> 3조 - Layered - Modifiability | D50: ='3조'!D$72 | E50: ='3조'!E$72 -> 3조 - Virtual Machine - Modifiability | F50: ='3조'!F$72 | G50: ='3조'!G$72 -> 3조 - Microkernel - Modifiability
A51: 4조 | B51: ='4조'!B$72 | C51: ='4조'!C$72 -> 4조 - Layered - Modifiability | D51: ='4조'!D$72 | E51: ='4조'!E$72 -> 4조 - Virtual Machine - Modifiability | F51: ='4조'!F$72 | G51: ='4조'!G$72 -> 4조 - Microkernel - Modifiability
A52: 5조 | B52: ='5조'!B$72 | C52: ='5조'!C$72 -> 5조 - Layered - Modifiability | D52: ='5조'!D$72 | E52: ='5조'!E$72 -> 5조 - Virtual Machine - Modifiability | F52: ='5조'!F$72 | G52: ='5조'!G$72 -> 5조 - Microkernel - Modifiability
A53: 6조 | B53: ='6조'!B$72 -> + | C53: ='6조'!C$72 -> layer 내 한 모듈이 연결된 범위가 최대 한 layer 로, 영향범위 파악이 쉽고 수정 쉬움 | D53: ='6조'!D$72 | E53: ='6조'!E$72 -> 6조 - Virtual Machine - Modifiability | F53: ='6조'!F$72 | G53: ='6조'!G$72 -> 6조 - Microkernel - Modifiability
A54: 7조 | B54: ='7조'!B$72 | C54: ='7조'!C$72 -> 7조 - Layered - Modifiability | D54: ='7조'!D$72 | E54: ='7조'!E$72 -> 7조 - Virtual Machine - Modifiability | F54: ='7조'!F$72 | G54: ='7조'!G$72 -> 7조 - Microkernel - Modifiability
A55: 8조 | B55: ='8조'!B$72 | C55: ='8조'!C$72 -> 8조 - Layered - Modifiability | D55: ='8조'!D$72 | E55: ='8조'!E$72 -> 8조 - Virtual Machine - Modifiability | F55: ='8조'!F$72 | G55: ='8조'!G$72 -> 8조 - Microkernel - Modifiability
A56: 9조 | B56: ='9조'!B$72 | C56: ='9조'!C$72 -> 9조 - Layered - Modifiability | D56: ='9조'!D$72 | E56: ='9조'!E$72 -> 9조 - Virtual Machine - Modifiability | F56: ='9조'!F$72 | G56: ='9조'!G$72 -> 9조 - Microkernel - Modifiability
A58: Performance | B58: ='Detailed Reasoning'!B$73 | C58: ='Detailed Reasoning'!C$73 | D58: ='Detailed Reasoning'!D$73 | E58: ='Detailed Reasoning'!E$73 | F58: ='Detailed Reasoning'!F$73 | G58: ='Detailed Reasoning'!G$73
A59: 1조 | B59: ='1조'!B$73 | C59: ='1조'!C73 | D59: ='1조'!D$73 | E59: ='1조'!E73 | F59: ='1조'!F$73 | G59: ='1조'!G73
A60: 2조 | B60: ='2조'!B$73 | C60: ='2조'!C$73 -> 2조 - Layered - Performance | D60: ='2조'!D$73 | E60: ='2조'!E$73 -> 2조 - Virtual Machine - Performance | F60: ='2조'!F$73 | G60: ='2조'!G$73 -> 2조 - Microkernel - Performance
A61: 3조 | B61: ='3조'!B$73 | C61: ='3조'!C$73 -> 3조 - Layered - Performance | D61: ='3조'!D$73 | E61: ='3조'!E$73 -> 3조 - Virtual Machine - Performance | F61: ='3조'!F$73 | G61: ='3조'!G$73 -> 3조 - Microkernel - Performance
A62: 4조 | B62: ='4조'!B$73 | C62: ='4조'!C$73 -> 4조 - Layered - Performance | D62: ='4조'!D$73 | E62: ='4조'!E$73 -> 4조 - Virtual Machine - Performance | F62: ='4조'!F$73 | G62: ='4조'!G$73 -> 4조 - Microkernel - Performance
A63: 5조 | B63: ='5조'!B$73 | C63: ='5조'!C$73 -> 5조 - Layered - Performance | D63: ='5조'!D$73 | E63: ='5조'!E$73 -> 5조 - Virtual Machine - Performance | F63: ='5조'!F$73 | G63: ='5조'!G$73 -> 5조 - Microkernel - Performance
A64: 6조 | B64: ='6조'!B$73 -> -- | C64: ='6조'!C$73 -> layer 구성으로 인해 불필요한 indirect 파이프라인 사용 필수적이게 됨 | D64: ='6조'!D$73 | E64: ='6조'!E$73 -> 6조 - Virtual Machine - Performance | F64: ='6조'!F$73 | G64: ='6조'!G$73 -> 6조 - Microkernel - Performance
A65: 7조 | B65: ='7조'!B$73 | C65: ='7조'!C$73 -> 7조 - Layered - Performance | D65: ='7조'!D$73 | E65: ='7조'!E$73 -> 7조 - Virtual Machine - Performance | F65: ='7조'!F$73 | G65: ='7조'!G$73 -> 7조 - Microkernel - Performance
A66: 8조 | B66: ='8조'!B$73 | C66: ='8조'!C$73 -> 8조 - Layered - Performance | D66: ='8조'!D$73 | E66: ='8조'!E$73 -> 8조 - Virtual Machine - Performance | F66: ='8조'!F$73 | G66: ='8조'!G$73 -> 8조 - Microkernel - Performance
A67: 9조 | B67: ='9조'!B$73 | C67: ='9조'!C$73 -> 9조 - Layered - Performance | D67: ='9조'!D$73 | E67: ='9조'!E$73 -> 9조 - Virtual Machine - Performance | F67: ='9조'!F$73 | G67: ='9조'!G$73 -> 9조 - Microkernel - Performance
A69: Safety | B69: ='Detailed Reasoning'!B$74 | C69: ='Detailed Reasoning'!C$74 | D69: ='Detailed Reasoning'!D$74 | E69: ='Detailed Reasoning'!E$74 | F69: ='Detailed Reasoning'!F$74 | G69: ='Detailed Reasoning'!G$74
A70: 1조 | B70: ='1조'!B$74 | C70: ='1조'!C74 | D70: ='1조'!D$74 | E70: ='1조'!E74 | F70: ='1조'!F$74 | G70: ='1조'!G74
A71: 2조 | B71: ='2조'!B$74 | C71: ='2조'!C$74 -> 2조 - Layered - Safety | D71: ='2조'!D$74 | E71: ='2조'!E$74 -> 2조 - Virtual Machine - Safety | F71: ='2조'!F$74 | G71: ='2조'!G$74 -> 2조 - Microkernel - Safety
A72: 3조 | B72: ='3조'!B$74 | C72: ='3조'!C$74 -> 3조 - Layered - Safety | D72: ='3조'!D$74 | E72: ='3조'!E$74 -> 3조 - Virtual Machine - Safety | F72: ='3조'!F$74 | G72: ='3조'!G$74 -> 3조 - Microkernel - Safety
A73: 4조 | B73: ='4조'!B$74 | C73: ='4조'!C$74 -> 4조 - Layered - Safety | D73: ='4조'!D$74 | E73: ='4조'!E$74 -> 4조 - Virtual Machine - Safety | F73: ='4조'!F$74 | G73: ='4조'!G$74 -> 4조 - Microkernel - Safety
A74: 5조 | B74: ='5조'!B$74 | C74: ='5조'!C$74 -> 5조 - Layered - Safety | D74: ='5조'!D$74 | E74: ='5조'!E$74 -> 5조 - Virtual Machine - Safety | F74: ='5조'!F$74 | G74: ='5조'!G$74 -> 5조 - Microkernel - Safety
A75: 6조 | B75: ='6조'!B$74 -> + | C75: ='6조'!C$74 -> layer 내 한 모듈이 죽더라도, 전체 layer 및 architecture 영향 적음 | D75: ='6조'!D$74 | E75: ='6조'!E$74 -> 6조 - Virtual Machine - Safety | F75: ='6조'!F$74 | G75: ='6조'!G$74 -> 6조 - Microkernel - Safety
A76: 7조 | B76: ='7조'!B$74 | C76: ='7조'!C$74 -> 7조 - Layered - Safety | D76: ='7조'!D$74 | E76: ='7조'!E$74 -> 7조 - Virtual Machine - Safety | F76: ='7조'!F$74 | G76: ='7조'!G$74 -> 7조 - Microkernel - Safety
A77: 8조 | B77: ='8조'!B$74 | C77: ='8조'!C$74 -> 8조 - Layered - Safety | D77: ='8조'!D$74 | E77: ='8조'!E$74 -> 8조 - Virtual Machine - Safety | F77: ='8조'!F$74 | G77: ='8조'!G$74 -> 8조 - Microkernel - Safety
A78: 9조 | B78: ='9조'!B$74 | C78: ='9조'!C$74 -> 9조 - Layered - Safety | D78: ='9조'!D$74 | E78: ='9조'!E$74 -> 9조 - Virtual Machine - Safety | F78: ='9조'!F$74 | G78: ='9조'!G$74 -> 9조 - Microkernel - Safety
A80: Security | B80: ='Detailed Reasoning'!B$75 | C80: ='Detailed Reasoning'!C$75 | D80: ='Detailed Reasoning'!D$75 | E80: ='Detailed Reasoning'!E$75 | F80: ='Detailed Reasoning'!F$75 | G80: ='Detailed Reasoning'!G$75
A81: 1조 | B81: ='1조'!B$75 | C81: ='1조'!C75 | D81: ='1조'!D$75 | E81: ='1조'!E75 | F81: ='1조'!F$75 | G81: ='1조'!G75
A82: 2조 | B82: ='2조'!B$75 | C82: ='2조'!C$75 -> 2조 - Layered - Security | D82: ='2조'!D$75 | E82: ='2조'!E$75 -> 2조 - Virtual Machine - Security | F82: ='2조'!F$75 | G82: ='2조'!G$75 -> 2조 - Microkernel - Security
A83: 3조 | B83: ='3조'!B$75 | C83: ='3조'!C$75 -> 3조 - Layered - Security | D83: ='3조'!D$75 | E83: ='3조'!E$75 -> 3조 - Virtual Machine - Security | F83: ='3조'!F$75 | G83: ='3조'!G$75 -> 3조 - Microkernel - Security
A84: 4조 | B84: ='4조'!B$75 | C84: ='4조'!C$75 -> 4조 - Layered - Security | D84: ='4조'!D$75 | E84: ='4조'!E$75 -> 4조 - Virtual Machine - Security | F84: ='4조'!F$75 | G84: ='4조'!G$75 -> 4조 - Microkernel - Security
A85: 5조 | B85: ='5조'!B$75 | C85: ='5조'!C$75 -> 5조 - Layered - Security | D85: ='5조'!D$75 | E85: ='5조'!E$75 -> 5조 - Virtual Machine - Security | F85: ='5조'!F$75 | G85: ='5조'!G$75 -> 5조 - Microkernel - Security
A86: 6조 | B86: ='6조'!B$75 -> + | C86: ='6조'!C$75 -> layer 기준으로 security access control 용이 | D86: ='6조'!D$75 | E86: ='6조'!E$75 -> 6조 - Virtual Machine - Security | F86: ='6조'!F$75 | G86: ='6조'!G$75 -> 6조 - Microkernel - Security
A87: 7조 | B87: ='7조'!B$75 | C87: ='7조'!C$75 -> 7조 - Layered - Security | D87: ='7조'!D$75 | E87: ='7조'!E$75 -> 7조 - Virtual Machine - Security | F87: ='7조'!F$75 | G87: ='7조'!G$75 -> 7조 - Microkernel - Security
A88: 8조 | B88: ='8조'!B$75 | C88: ='8조'!C$75 -> 8조 - Layered - Security | D88: ='8조'!D$75 | E88: ='8조'!E$75 -> 8조 - Virtual Machine - Security | F88: ='8조'!F$75 | G88: ='8조'!G$75 -> 8조 - Microkernel - Security
A89: 9조 | B89: ='9조'!B$75 | C89: ='9조'!C$75 -> 9조 - Layered - Security | D89: ='9조'!D$75 | E89: ='9조'!E$75 -> 9조 - Virtual Machine - Security | F89: ='9조'!F$75 | G89: ='9조'!G$75 -> 9조 - Microkernel - Security
A91: Testability | B91: ='Detailed Reasoning'!B$76 | C91: ='Detailed Reasoning'!C$76 | D91: ='Detailed Reasoning'!D$76 | E91: ='Detailed Reasoning'!E$76 | F91: ='Detailed Reasoning'!F$76 | G91: ='Detailed Reasoning'!G$76
A92: 1조 | B92: ='1조'!B$76 | C92: ='1조'!C76 | D92: ='1조'!D$76 | E92: ='1조'!E76 | F92: ='1조'!F$76 | G92: ='1조'!G76
A93: 2조 | B93: ='2조'!B$76 | C93: ='2조'!C$76 -> 2조 - Layered - Testability | D93: ='2조'!D$76 | E93: ='2조'!E$76 -> 2조 - Virtual Machine - Testability | F93: ='2조'!F$76 | G93: ='2조'!G$76 -> 2조 - Microkernel - Testability
A94: 3조 | B94: ='3조'!B$76 | C94: ='3조'!C$76 -> 3조 - Layered - Testability | D94: ='3조'!D$76 | E94: ='3조'!E$76 -> 3조 - Virtual Machine - Testability | F94: ='3조'!F$76 | G94: ='3조'!G$76 -> 3조 - Microkernel - Testability
A95: 4조 | B95: ='4조'!B$76 | C95: ='4조'!C$76 -> 4조 - Layered - Testability | D95: ='4조'!D$76 | E95: ='4조'!E$76 -> 4조 - Virtual Machine - Testability | F95: ='4조'!F$76 | G95: ='4조'!G$76 -> 4조 - Microkernel - Testability
A96: 5조 | B96: ='5조'!B$76 | C96: ='5조'!C$76 -> 5조 - Layered - Testability | D96: ='5조'!D$76 | E96: ='5조'!E$76 -> 5조 - Virtual Machine - Testability | F96: ='5조'!F$76 | G96: ='5조'!G$76 -> 5조 - Microkernel - Testability
A97: 6조 | B97: ='6조'!B$76 -> + | C97: ='6조'!C$76 -> layered 내 모듈화 구성 , 영향범위는 한 layer 내로 예측 난이도 쉬움 | D97: ='6조'!D$76 | E97: ='6조'!E$76 -> 6조 - Virtual Machine - Testability | F97: ='6조'!F$76 | G97: ='6조'!G$76 -> 6조 - Microkernel - Testability
A98: 7조 | B98: ='7조'!B$76 | C98: ='7조'!C$76 -> 7조 - Layered - Testability | D98: ='7조'!D$76 | E98: ='7조'!E$76 -> 7조 - Virtual Machine - Testability | F98: ='7조'!F$76 | G98: ='7조'!G$76 -> 7조 - Microkernel - Testability
A99: 8조 | B99: ='8조'!B$76 | C99: ='8조'!C$76 -> 8조 - Layered - Testability | D99: ='8조'!D$76 | E99: ='8조'!E$76 -> 8조 - Virtual Machine - Testability | F99: ='8조'!F$76 | G99: ='8조'!G$76 -> 8조 - Microkernel - Testability
A100: 9조 | B100: ='9조'!B$76 | C100: ='9조'!C$76 -> 9조 - Layered - Testability | D100: ='9조'!D$76 | E100: ='9조'!E$76 -> 9조 - Virtual Machine - Testability | F100: ='9조'!F$76 | G100: ='9조'!G$76 -> 9조 - Microkernel - Testability
A102: Usability | B102: ='Detailed Reasoning'!B$77 | C102: ='Detailed Reasoning'!C$77 | D102: ='Detailed Reasoning'!D$77 | E102: ='Detailed Reasoning'!E$77 | F102: ='Detailed Reasoning'!F$77 | G102: ='Detailed Reasoning'!G$77
A103: 1조 | B103: ='1조'!B$77 | C103: ='1조'!C77 | D103: ='1조'!D$77 | E103: ='1조'!E77 | F103: ='1조'!F$77 | G103: ='1조'!G77
A104: 2조 | B104: ='2조'!B$77 | C104: ='2조'!C$77 -> 2조 - Layered - Usability | D104: ='2조'!D$77 | E104: ='2조'!E$77 -> 2조 - Virtual Machine - Usability | F104: ='2조'!F$77 | G104: ='2조'!G$77 -> 2조 - Microkernel - Usability
A105: 3조 | B105: ='3조'!B$77 | C105: ='3조'!C$77 -> 3조 - Layered - Usability | D105: ='3조'!D$77 | E105: ='3조'!E$77 -> 3조 - Virtual Machine - Usability | F105: ='3조'!F$77 | G105: ='3조'!G$77 -> 3조 - Microkernel - Usability
A106: 4조 | B106: ='4조'!B$77 | C106: ='4조'!C$77 -> 4조 - Layered - Usability | D106: ='4조'!D$77 | E106: ='4조'!E$77 -> 4조 - Virtual Machine - Usability | F106: ='4조'!F$77 | G106: ='4조'!G$77 -> 4조 - Microkernel - Usability
A107: 5조 | B107: ='5조'!B$77 | C107: ='5조'!C$77 -> 5조 - Layered - Usability | D107: ='5조'!D$77 | E107: ='5조'!E$77 -> 5조 - Virtual Machine - Usability | F107: ='5조'!F$77 | G107: ='5조'!G$77 -> 5조 - Microkernel - Usability
A108: 6조 | B108: ='6조'!B$77 -> + | C108: ='6조'!C$77 -> 필요한 layer 에 대해서만 접근. UI 탭은 UX 친화 지향적일 것 | D108: ='6조'!D$77 | E108: ='6조'!E$77 -> 6조 - Virtual Machine - Usability | F108: ='6조'!F$77 | G108: ='6조'!G$77 -> 6조 - Microkernel - Usability
A109: 7조 | B109: ='7조'!B$77 | C109: ='7조'!C$77 -> 7조 - Layered - Usability | D109: ='7조'!D$77 | E109: ='7조'!E$77 -> 7조 - Virtual Machine - Usability | F109: ='7조'!F$77 | G109: ='7조'!G$77 -> 7조 - Microkernel - Usability
...

Sheet DA1
A1: Distributed | B1: Multi-Tier | D1: Client-Server
B2: Effects | C2: Justification | D2: Effects | E2: Justification
A3: Availability | B3: 0 | C3: 0 | D3: 0 | E3: 0
A4: 1조 | B4: 0 | C4: ='1조'!C81 -> Tier별로 서버를 분리하고 여러 인스턴스를 운영하면 장애를 격리하고 이중화하기 좋다. 특히 Application Tier를 여러 대로 구성하면 일부 서버 장애에도 서비스 지속이 가능하다. 다만 특정 Tier가 단일 장애점(SPOF)이 되면 전체 서비스가 영향을 받을 수 있다. | D4: 0 | E4: ='1조'!E81 -> 1조 - Client-Server - Availability
A5: 2조 | B5: 0 | C5: ='2조'!C81 -> 2조 - Multi-tier - Availability | D5: 0 | E5: ='2조'!E81 -> 서버 이중화로 개선 가능하나, 기본 구조는 서버가 단일 장애점이라서 문제 가능성 있음
A6: 3조 | B6: 0 | C6: ='3조'!C81 -> 3조 - Multi-tier - Availability | D6: 0 | E6: ='3조'!E81 -> 3조 - Client-Server - Availability
A7: 4조 | B7: 0 | C7: ='4조'!C81 -> 4조 - Multi-tier - Availability | D7: 0 | E7: ='4조'!E81 -> 4조 - Client-Server - Availability
A8: 5조 | B8: 0 | C8: ='5조'!C81 -> 5조 - Multi-tier - Availability | D8: 0 | E8: ='5조'!E81 -> 5조 - Client-Server - Availability
A9: 6조 | B9: 0 | C9: ='6조'!C81 -> Tier별로 서버를 분리하고 여러 인스턴스를 운영하면 장애를 격리하고 이중화하기 좋다. 특히 Application Tier를 여러 대로 구성하면 일부 서버 장애에도 서비스 지속이 가능하다. 다만 특정 Tier가 단일 장애점(SPOF)이 되면 전체 서비스가 영향을 받을 수 있다. | D9: 0 | E9: ='6조'!E81 -> 서버 이중화로 개선 가능하나, 기본 구조는 서버가 단일 장애점이라서 문제 가능성 있음
A10: 7조 | B10: 0 | C10: ='7조'!C81 -> 7조 - Multi-tier - Availability | D10: 0 | E10: ='7조'!E81 -> 7조 - Client-Server - Availability
A11: 8조 | B11: 0 | C11: ='8조'!C81 -> 8조 - Multi-tier - Availability | D11: 0 | E11: ='8조'!E81 -> 8조 - Client-Server - Availability
A12: 9조 | B12: 0 | C12: ='9조'!C81 -> 9조 - Multi-tier - Availability | D12: 0 | E12: ='9조'!E81 -> 9조 - Client-Server - Availability
A14: Deployability | B14: 0 | C14: 0 | D14: 0 | E14: 0
A15: 1조 | B15: 0 | C15: ='1조'!C82 -> 각 Tier가 독립적으로 배포될 수 있어 변경 범위를 제한하기 쉽다. 예를 들어 Presentation Tier와 Data Tier를 별도로 배포할 수 있다. 반면 Tier 간 인터페이스나 버전 의존성이 있으면 동시 배포가 필요할 수 있다. | D15: 0 | E15: ='1조'!E82 -> 1조 - Client-Server - Deployability
A16: 2조 | B16: 0 | C16: ='2조'!C82 -> 2조 - Multi-tier - Deployability | D16: 0 | E16: ='2조'!E82 -> 클라이언트와 서버가 독립 배포 가능함
A17: 3조 | B17: 0 | C17: ='3조'!C82 -> 3조 - Multi-tier - Deployability | D17: 0 | E17: ='3조'!E82 -> 3조 - Client-Server - Deployability
A18: 4조 | B18: 0 | C18: ='4조'!C82 -> 4조 - Multi-tier - Deployability | D18: 0 | E18: ='4조'!E82 -> 4조 - Client-Server - Deployability
A19: 5조 | B19: 0 | C19: ='5조'!C82 -> 5조 - Multi-tier - Deployability | D19: 0 | E19: ='5조'!E82 -> 5조 - Client-Server - Deployability
A20: 6조 | B20: 0 | C20: ='6조'!C82 -> 각 Tier가 독립적으로 배포될 수 있어 변경 범위를 제한하기 쉽다. 예를 들어 Presentation Tier와 Data Tier를 별도로 배포할 수 있다. 반면 Tier 간 인터페이스나 버전 의존성이 있으면 동시 배포가 필요할 수 있다. | D20: 0 | E20: ='6조'!E82 -> 클라이언트와 서버가 독립 배포 가능함
A21: 7조 | B21: 0 | C21: ='7조'!C82 -> 7조 - Multi-tier - Deployability | D21: 0 | E21: ='7조'!E82 -> 7조 - Client-Server - Deployability
A22: 8조 | B22: 0 | C22: ='8조'!C82 -> 8조 - Multi-tier - Deployability | D22: 0 | E22: ='8조'!E82 -> 8조 - Client-Server - Deployability
A23: 9조 | B23: 0 | C23: ='9조'!C82 -> 9조 - Multi-tier - Deployability | D23: 0 | E23: ='9조'!E82 -> 9조 - Client-Server - Deployability
A25: Integrability | B25: 0 | C25: 0 | D25: 0 | E25: 0
A26: 1조 | B26: 0 | C26: ='1조'!C83 -> Tier 사이에 명확한 인터페이스/API를 두기 때문에 외부 시스템이나 다른 컴포넌트와 통합하기 좋다. | D26: 0 | E26: ='1조'!E83 -> 1조 - Client-Server - Integrability
A27: 2조 | B27: 0 | C27: ='2조'!C83 -> 2조 - Multi-tier - Integrability | D27: 0 | E27: ='2조'!E83 -> 표준 프로토콜로 통신하므로 새 클라이언트와 서버 추가가 비교적 쉬움
A28: 3조 | B28: 0 | C28: ='3조'!C83 -> 3조 - Multi-tier - Integrability | D28: 0 | E28: ='3조'!E83 -> 3조 - Client-Server - Integrability
A29: 4조 | B29: 0 | C29: ='4조'!C83 -> 4조 - Multi-tier - Integrability | D29: 0 | E29: ='4조'!E83 -> 4조 - Client-Server - Integrability
A30: 5조 | B30: 0 | C30: ='5조'!C83 -> 5조 - Multi-tier - Integrability | D30: 0 | E30: ='5조'!E83 -> 5조 - Client-Server - Integrability
A31: 6조 | B31: 0 | C31: ='6조'!C83 -> Tier 사이에 명확한 인터페이스/API를 두기 때문에 외부 시스템이나 다른 컴포넌트와 통합하기 좋다. | D31: 0 | E31: ='6조'!E83 -> 표준 프로토콜로 통신하므로 새 클라이언트와 서버 추가가 비교적 쉬움
A32: 7조 | B32: 0 | C32: ='7조'!C83 -> 7조 - Multi-tier - Integrability | D32: 0 | E32: ='7조'!E83 -> 7조 - Client-Server - Integrability
A33: 8조 | B33: 0 | C33: ='8조'!C83 -> 8조 - Multi-tier - Integrability | D33: 0 | E33: ='8조'!E83 -> 8조 - Client-Server - Integrability
A34: 9조 | B34: 0 | C34: ='9조'!C83 -> 9조 - Multi-tier - Integrability | D34: 0 | E34: ='9조'!E83 -> 9조 - Client-Server - Integrability
A36: Energy Efficiency | B36: 0 | C36: 0 | D36: 0 | E36: 0
A37: 1조 | B37: 0 | C37: ='1조'!C84 -> 물리적으로 분리된 노드 간 네트워크 통신이 빈번하게 발생하여, 단일 프로세스 기반 아키텍처에 비해 네트워크 장비 및 서버의 전력 소모량이 큼. | D37: 0 | E37: ='1조'!E84 -> 1조 - Client-Server - Energy Efficiency
A38: 2조 | B38: 0 | C38: ='2조'!C84 -> 2조 - Multi-tier - Energy Efficiency | D38: 0 | E38: ='2조'!E84 -> 네트워크 통신 오버헤드가 발생하나, 클라이언트가 가벼우면 전체적으로 효율적임
A39: 3조 | B39: 0 | C39: ='3조'!C84 -> 3조 - Multi-tier - Energy Efficiency | D39: 0 | E39: ='3조'!E84 -> 3조 - Client-Server - Energy Efficiency
A40: 4조 | B40: 0 | C40: ='4조'!C84 -> 4조 - Multi-tier - Energy Efficiency | D40: 0 | E40: ='4조'!E84 -> 4조 - Client-Server - Energy Efficiency
A41: 5조 | B41: 0 | C41: ='5조'!C84 -> 5조 - Multi-tier - Energy Efficiency | D41: 0 | E41: ='5조'!E84 -> 5조 - Client-Server - Energy Efficiency
A42: 6조 | B42: 0 | C42: ='6조'!C84 -> 물리적으로 분리된 노드 간 네트워크 통신이 빈번하게 발생하여, 단일 프로세스 기반 아키텍처에 비해 네트워크 장비 및 서버의 전력 소모량이 큼. | D42: 0 | E42: ='6조'!E84 -> 네트워크 통신 오버헤드가 발생하나, 클라이언트가 가벼우면 전체적으로 효율적임
A43: 7조 | B43: 0 | C43: ='7조'!C84 -> 7조 - Multi-tier - Energy Efficiency | D43: 0 | E43: ='7조'!E84 -> 7조 - Client-Server - Energy Efficiency
A44: 8조 | B44: 0 | C44: ='8조'!C84 -> 8조 - Multi-tier - Energy Efficiency | D44: 0 | E44: ='8조'!E84 -> 8조 - Client-Server - Energy Efficiency
A45: 9조 | B45: 0 | C45: ='9조'!C84 -> 9조 - Multi-tier - Energy Efficiency | D45: 0 | E45: ='9조'!E84 -> 9조 - Client-Server - Energy Efficiency
A47: Modifiability | B47: 0 | C47: 0 | D47: 0 | E47: 0
A48: 1조 | B48: 0 | C48: ='1조'!C85 -> 관심사를 Tier별로 분리하기 때문에 한 영역의 변경이 다른 영역에 미치는 영향을 줄일 수 있다. 다만 Tier 간 인터페이스/API 변경은 연쇄적인 수정이 필요할 수 있다. | D48: 0 | E48: ='1조'!E85 -> 1조 - Client-Server - Modifiability
A49: 2조 | B49: 0 | C49: ='2조'!C85 -> 2조 - Multi-tier - Modifiability | D49: 0 | E49: ='2조'!E85 -> 클라이언트와 서버 경계가 명확해 서버 로직 변경이 클라이언트에 영향 적음
A50: 3조 | B50: 0 | C50: ='3조'!C85 -> 3조 - Multi-tier - Modifiability | D50: 0 | E50: ='3조'!E85 -> 3조 - Client-Server - Modifiability
A51: 4조 | B51: 0 | C51: ='4조'!C85 -> 4조 - Multi-tier - Modifiability | D51: 0 | E51: ='4조'!E85 -> 4조 - Client-Server - Modifiability
A52: 5조 | B52: 0 | C52: ='5조'!C85 -> 5조 - Multi-tier - Modifiability | D52: 0 | E52: ='5조'!E85 -> 5조 - Client-Server - Modifiability
A53: 6조 | B53: 0 | C53: ='6조'!C85 -> 관심사를 Tier별로 분리하기 때문에 한 영역의 변경이 다른 영역에 미치는 영향을 줄일 수 있다. 다만 Tier 간 인터페이스/API 변경은 연쇄적인 수정이 필요할 수 있다. | D53: 0 | E53: ='6조'!E85 -> 클라이언트와 서버 경계가 명확해 서버 로직 변경이 클라이언트에 영향 적음
A54: 7조 | B54: 0 | C54: ='7조'!C85 -> 7조 - Multi-tier - Modifiability | D54: 0 | E54: ='7조'!E85 -> 7조 - Client-Server - Modifiability
A55: 8조 | B55: 0 | C55: ='8조'!C85 -> 8조 - Multi-tier - Modifiability | D55: 0 | E55: ='8조'!E85 -> 8조 - Client-Server - Modifiability
A56: 9조 | B56: 0 | C56: ='9조'!C85 -> 9조 - Multi-tier - Modifiability | D56: 0 | E56: ='9조'!E85 -> 9조 - Client-Server - Modifiability
A58: Performance | B58: 0 | C58: 0 | D58: 0 | E58: 0
A59: 1조 | B59: 0 | C59: ='1조'!C86 -> Tier 간 네트워크 호출이 증가하고 데이터 serialization/deserialization 등의 비용이 발생하므로 단일 프로세스 구조보다 latency가 증가할 수 있다 | D59: 0 | E59: ='1조'!E86 -> 1조 - Client-Server - Performance
A60: 2조 | B60: 0 | C60: ='2조'!C86 -> 2조 - Multi-tier - Performance | D60: 0 | E60: ='2조'!E86 -> 서버의 중앙 처리 효율은 높지만 네트워크 지연 발생함
A61: 3조 | B61: 0 | C61: ='3조'!C86 -> 3조 - Multi-tier - Performance | D61: 0 | E61: ='3조'!E86 -> 3조 - Client-Server - Performance
A62: 4조 | B62: 0 | C62: ='4조'!C86 -> 4조 - Multi-tier - Performance | D62: 0 | E62: ='4조'!E86 -> 4조 - Client-Server - Performance
A63: 5조 | B63: 0 | C63: ='5조'!C86 -> 5조 - Multi-tier - Performance | D63: 0 | E63: ='5조'!E86 -> 5조 - Client-Server - Performance
A64: 6조 | B64: 0 | C64: ='6조'!C86 -> Tier 간 네트워크 호출이 증가하고 데이터 serialization/deserialization 등의 비용이 발생하므로 단일 프로세스 구조보다 latency가 증가할 수 있다 | D64: 0 | E64: ='6조'!E86 -> 서버의 중앙 처리 효율은 높지만 네트워크 지연 발생함
A65: 7조 | B65: 0 | C65: ='7조'!C86 -> 7조 - Multi-tier - Performance | D65: 0 | E65: ='7조'!E86 -> 7조 - Client-Server - Performance
A66: 8조 | B66: 0 | C66: ='8조'!C86 -> 8조 - Multi-tier - Performance | D66: 0 | E66: ='8조'!E86 -> 8조 - Client-Server - Performance
A67: 9조 | B67: 0 | C67: ='9조'!C86 -> 9조 - Multi-tier - Performance | D67: 0 | E67: ='9조'!E86 -> 9조 - Client-Server - Performance
A69: Safety | B69: 0 | C69: 0 | D69: 0 | E69: 0
A70: 1조 | B70: 0 | C70: ='1조'!C87 -> 데이터 계층과 비즈니스 로직이 분리되어 있어 특정 계층의 장애나 오류가 전체 시스템의 치명적인 붕괴로 이어지는 것을 막는 격리(Fault Isolation) 능력이 우수함. | D70: 0 | E70: ='1조'!E87 -> 1조 - Client-Server - Safety
A71: 2조 | B71: 0 | C71: ='2조'!C87 -> 2조 - Multi-tier - Safety | D71: 0 | E71: ='2조'!E87 -> 서버 측에서 중앙 집중적으로 검증과 통제 가능하지만 통신장애 발생함
A72: 3조 | B72: 0 | C72: ='3조'!C87 -> 3조 - Multi-tier - Safety | D72: 0 | E72: ='3조'!E87 -> 3조 - Client-Server - Safety
A73: 4조 | B73: 0 | C73: ='4조'!C87 -> 4조 - Multi-tier - Safety | D73: 0 | E73: ='4조'!E87 -> 4조 - Client-Server - Safety
A74: 5조 | B74: 0 | C74: ='5조'!C87 -> 5조 - Multi-tier - Safety | D74: 0 | E74: ='5조'!E87 -> 5조 - Client-Server - Safety
A75: 6조 | B75: 0 | C75: ='6조'!C87 -> 데이터 계층과 비즈니스 로직이 분리되어 있어 특정 계층의 장애나 오류가 전체 시스템의 치명적인 붕괴로 이어지는 것을 막는 격리(Fault Isolation) 능력이 우수함. | D75: 0 | E75: ='6조'!E87 -> 서버 측에서 중앙 집중적으로 검증과 통제 가능하지만 통신장애 발생함
A76: 7조 | B76: 0 | C76: ='7조'!C87 -> 7조 - Multi-tier - Safety | D76: 0 | E76: ='7조'!E87 -> 7조 - Client-Server - Safety
A77: 8조 | B77: 0 | C77: ='8조'!C87 -> 8조 - Multi-tier - Safety | D77: 0 | E77: ='8조'!E87 -> 8조 - Client-Server - Safety
A78: 9조 | B78: 0 | C78: ='9조'!C87 -> 9조 - Multi-tier - Safety | D78: 0 | E78: ='9조'!E87 -> 9조 - Client-Server - Safety
A80: Security | B80: 0 | C80: 0 | D80: 0 | E80: 0
A81: 1조 | B81: 0 | C81: ='1조'!C88 -> 계층화된 방어(Defense in Depth)가 가능함. 프레젠테이션 계층은 DMZ에 배치하고, 데이터 계층은 내부망에 격리하며, 계층 간 방화벽 및 접근 제어 정책을 강력하게 적용할 수 있음 | D81: 0 | E81: ='1조'!E88 -> 1조 - Client-Server - Security
A82: 2조 | B82: 0 | C82: ='2조'!C88 -> 2조 - Multi-tier - Security | D82: 0 | E82: ='2조'!E88 -> 서버가 중앙 집중식 인증과 접근 제어로 보안 관리 용이함
A83: 3조 | B83: 0 | C83: ='3조'!C88 -> 3조 - Multi-tier - Security | D83: 0 | E83: ='3조'!E88 -> 3조 - Client-Server - Security
A84: 4조 | B84: 0 | C84: ='4조'!C88 -> 4조 - Multi-tier - Security | D84: 0 | E84: ='4조'!E88 -> 4조 - Client-Server - Security
A85: 5조 | B85: 0 | C85: ='5조'!C88 -> 5조 - Multi-tier - Security | D85: 0 | E85: ='5조'!E88 -> 5조 - Client-Server - Security
A86: 6조 | B86: 0 | C86: ='6조'!C88 -> 계층화된 방어(Defense in Depth)가 가능함. 프레젠테이션 계층은 DMZ에 배치하고, 데이터 계층은 내부망에 격리하며, 계층 간 방화벽 및 접근 제어 정책을 강력하게 적용할 수 있음 | D86: 0 | E86: ='6조'!E88 -> 서버가 중앙 집중식 인증과 접근 제어로 보안 관리 용이함
A87: 7조 | B87: 0 | C87: ='7조'!C88 -> 7조 - Multi-tier - Security | D87: 0 | E87: ='7조'!E88 -> 7조 - Client-Server - Security
A88: 8조 | B88: 0 | C88: ='8조'!C88 -> 8조 - Multi-tier - Security | D88: 0 | E88: ='8조'!E88 -> 8조 - Client-Server - Security
A89: 9조 | B89: 0 | C89: ='9조'!C88 -> 9조 - Multi-tier - Security | D89: 0 | E89: ='9조'!E88 -> 9조 - Client-Server - Security
A91: Testability | B91: 0 | C91: 0 | D91: 0 | E91: 0
A92: 1조 | B92: 0 | C92: ='1조'!C89 -> 각 Tier의 책임이 비교적 명확하므로 Presentation, Business, Data 계층을 개별적으로 테스트하기 쉽다. Mock/Stub을 이용해 Tier 간 의존성을 대체할 수도 있다. 다만 실제 분산 환경에서의 통합 테스트는 복잡해진다. | D92: 0 | E92: ='1조'!E89 -> 1조 - Client-Server - Testability
A93: 2조 | B93: 0 | C93: ='2조'!C89 -> 2조 - Multi-tier - Testability | D93: 0 | E93: ='2조'!E89 -> 클라이언트와 서버를 독립적으로 각각 격리 테스트 가능함
A94: 3조 | B94: 0 | C94: ='3조'!C89 -> 3조 - Multi-tier - Testability | D94: 0 | E94: ='3조'!E89 -> 3조 - Client-Server - Testability
A95: 4조 | B95: 0 | C95: ='4조'!C89 -> 4조 - Multi-tier - Testability | D95: 0 | E95: ='4조'!E89 -> 4조 - Client-Server - Testability
A96: 5조 | B96: 0 | C96: ='5조'!C89 -> 5조 - Multi-tier - Testability | D96: 0 | E96: ='5조'!E89 -> 5조 - Client-Server - Testability
A97: 6조 | B97: 0 | C97: ='6조'!C89 -> 각 Tier의 책임이 비교적 명확하므로 Presentation, Business, Data 계층을 개별적으로 테스트하기 쉽다. Mock/Stub을 이용해 Tier 간 의존성을 대체할 수도 있다. 다만 실제 분산 환경에서의 통합 테스트는 복잡해진다. | D97: 0 | E97: ='6조'!E89 -> 클라이언트와 서버를 독립적으로 각각 격리 테스트 가능함
A98: 7조 | B98: 0 | C98: ='7조'!C89 -> 7조 - Multi-tier - Testability | D98: 0 | E98: ='7조'!E89 -> 7조 - Client-Server - Testability
A99: 8조 | B99: 0 | C99: ='8조'!C89 -> 8조 - Multi-tier - Testability | D99: 0 | E99: ='8조'!E89 -> 8조 - Client-Server - Testability
A100: 9조 | B100: 0 | C100: ='9조'!C89 -> 9조 - Multi-tier - Testability | D100: 0 | E100: ='9조'!E89 -> 9조 - Client-Server - Testability
A102: Usability | B102: 0 | C102: 0 | D102: 0 | E102: 0
A103: 1조 | B103: 0 | C103: ='1조'!C90 -> Multi-tier 자체가 사용자 경험을 직접 향상시키는 Architecture Style은 아니다. 다만 Presentation Tier를 독립적으로 발전시키고 Backend와 분리할 수 있어 UI/UX 개선에는 유리하다. 반면 추가적인 네트워크 latency가 UX에 영향을 줄 수 있다 | D103: 0 | E103: ='1조'!E90 -> 1조 - Client-Server - Usability
A104: 2조 | B104: 0 | C104: ='2조'!C90 -> 2조 - Multi-tier - Usability | D104: 0 | E104: ='2조'!E90 -> 클라이언트가 사용자 인터페이스를 제공함
A105: 3조 | B105: 0 | C105: ='3조'!C90 -> 3조 - Multi-tier - Usability | D105: 0 | E105: ='3조'!E90 -> 3조 - Client-Server - Usability
A106: 4조 | B106: 0 | C106: ='4조'!C90 -> 4조 - Multi-tier - Usability | D106: 0 | E106: ='4조'!E90 -> 4조 - Client-Server - Usability
A107: 5조 | B107: 0 | C107: ='5조'!C90 -> 5조 - Multi-tier - Usability | D107: 0 | E107: ='5조'!E90 -> 5조 - Client-Server - Usability
A108: 6조 | B108: 0 | C108: ='6조'!C90 -> Multi-tier 자체가 사용자 경험을 직접 향상시키는 Architecture Style은 아니다. 다만 Presentation Tier를 독립적으로 발전시키고 Backend와 분리할 수 있어 UI/UX 개선에는 유리하다. 반면 추가적인 네트워크 latency가 UX에 영향을 줄 수 있다 | D108: 0 | E108: ='6조'!E90 -> 클라이언트가 사용자 인터페이스를 제공함
A109: 7조 | B109: 0 | C109: ='7조'!C90 -> 7조 - Multi-tier - Usability | D109: 0 | E109: ='7조'!E90 -> 7조 - Client-Server - Usability
...

Sheet DA2
A1: Distributed | B1: Broker | D1: Dispatcher
B2: Effects | C2: Justification | D2: Effects | E2: Justification
A3: Availability | B3: 0 | C3: 0 | D3: 0 | E3: 0
A4: 1조 | B4: 0 | C4: ='1조'!C94 -> 1조 - Broker - Availability | D4: 0 | E4: ='1조'!E94 -> 1조 - Dispatcher - Availability
A5: 2조 | B5: 0 | C5: ='2조'!C94 -> 2조 - Broker - Availability | D5: 0 | E5: ='2조'!E94 -> 2조 - Dispatcher - Availability
A6: 3조 | B6: 0 | C6: ='3조'!C94 -> 3조 - Broker - Availability | D6: 0 | E6: ='3조'!E94 -> 3조 - Dispatcher - Availability
A7: 4조 | B7: 0 | C7: ='4조'!C94 -> 4조 - Broker - Availability | D7: 0 | E7: ='4조'!E94 -> 4조 - Dispatcher - Availability
A8: 5조 | B8: 0 | C8: ='5조'!C94 -> 5조 - Broker - Availability | D8: 0 | E8: ='5조'!E94 -> 5조 - Dispatcher - Availability
A9: 6조 | B9: 0 | C9: ='6조'!C94 -> broker의 장애가 모든 client-server간의 통신에 영향을 주기 때문에 전체 시스템이 먹통이 될 수 있다. 또한 특정 server에 장애가 생길 경우에도 전체 application이 영향을 받을 수 있다. | D9: 0 | E9: ='6조'!E94 -> 기본적으로 동등한 대상에 대해서 이중화가 이루어지기 때문에 장애로부터 복구되기 용이하기 때문에 장애 복구 시간이 짧다.
A10: 7조 | B10: 0 | C10: ='7조'!C94 -> 7조 - Broker - Availability | D10: 0 | E10: ='7조'!E94 -> 7조 - Dispatcher - Availability
A11: 8조 | B11: 0 | C11: ='8조'!C94 -> 8조 - Broker - Availability | D11: 0 | E11: ='8조'!E94 -> 8조 - Dispatcher - Availability
A12: 9조 | B12: 0 | C12: ='9조'!C94 -> 9조 - Broker - Availability | D12: 0 | E12: ='9조'!E94 -> 9조 - Dispatcher - Availability
A14: Deployability | B14: 0 | C14: 0 | D14: 0 | E14: 0
A15: 1조 | B15: 0 | C15: ='1조'!C95 -> 1조 - Broker - Deployability | D15: 0 | E15: ='1조'!E95 -> 1조 - Dispatcher - Deployability
A16: 2조 | B16: 0 | C16: ='2조'!C95 -> 2조 - Broker - Deployability | D16: 0 | E16: ='2조'!E95 -> 2조 - Dispatcher - Deployability
A17: 3조 | B17: 0 | C17: ='3조'!C95 -> 3조 - Broker - Deployability | D17: 0 | E17: ='3조'!E95 -> 3조 - Dispatcher - Deployability
A18: 4조 | B18: 0 | C18: ='4조'!C95 -> 4조 - Broker - Deployability | D18: 0 | E18: ='4조'!E95 -> 4조 - Dispatcher - Deployability
A19: 5조 | B19: 0 | C19: ='5조'!C95 -> 5조 - Broker - Deployability | D19: 0 | E19: ='5조'!E95 -> 5조 - Dispatcher - Deployability
A20: 6조 | B20: 0 | C20: ='6조'!C95 -> runtime 중 server의 추가/삭제가 용이하다. | D20: 0 | E20: ='6조'!E95 -> 클라이언트가 연결되어 있지 않은 상황에서 다른 머신에 배포시키기가 수월.
A21: 7조 | B21: 0 | C21: ='7조'!C95 -> 7조 - Broker - Deployability | D21: 0 | E21: ='7조'!E95 -> 7조 - Dispatcher - Deployability
A22: 8조 | B22: 0 | C22: ='8조'!C95 -> 8조 - Broker - Deployability | D22: 0 | E22: ='8조'!E95 -> 8조 - Dispatcher - Deployability
A23: 9조 | B23: 0 | C23: ='9조'!C95 -> 9조 - Broker - Deployability | D23: 0 | E23: ='9조'!E95 -> 9조 - Dispatcher - Deployability
A25: Integrability | B25: 0 | C25: 0 | D25: 0 | E25: 0
A26: 1조 | B26: 0 | C26: ='1조'!C96 -> 1조 - Broker - Integrability | D26: 0 | E26: ='1조'!E96 -> 1조 - Dispatcher - Integrability
A27: 2조 | B27: 0 | C27: ='2조'!C96 -> 2조 - Broker - Integrability | D27: 0 | E27: ='2조'!E96 -> 2조 - Dispatcher - Integrability
A28: 3조 | B28: 0 | C28: ='3조'!C96 -> 3조 - Broker - Integrability | D28: 0 | E28: ='3조'!E96 -> 3조 - Dispatcher - Integrability
A29: 4조 | B29: 0 | C29: ='4조'!C96 -> 4조 - Broker - Integrability | D29: 0 | E29: ='4조'!E96 -> 4조 - Dispatcher - Integrability
A30: 5조 | B30: 0 | C30: ='5조'!C96 -> 5조 - Broker - Integrability | D30: 0 | E30: ='5조'!E96 -> 5조 - Dispatcher - Integrability
A31: 6조 | B31: 0 | C31: ='6조'!C96 -> bridge를 통해 다른 format의 protocol을 사용하는 여러 broker를 연결할 수 있다. | D31: 0 | E31: ='6조'!E96 -> 동일 인터페이스인 인스턴스를 추가하는 비용은 거의 없지만 호환되지 않는 인터페이스라면 통합되기 어려움 (이건 브로커의 역할)
A32: 7조 | B32: 0 | C32: ='7조'!C96 -> 7조 - Broker - Integrability | D32: 0 | E32: ='7조'!E96 -> 7조 - Dispatcher - Integrability
A33: 8조 | B33: 0 | C33: ='8조'!C96 -> 8조 - Broker - Integrability | D33: 0 | E33: ='8조'!E96 -> 8조 - Dispatcher - Integrability
A34: 9조 | B34: 0 | C34: ='9조'!C96 -> 9조 - Broker - Integrability | D34: 0 | E34: ='9조'!E96 -> 9조 - Dispatcher - Integrability
A36: Energy Efficiency | B36: 0 | C36: 0 | D36: 0 | E36: 0
A37: 1조 | B37: 0 | C37: ='1조'!C97 -> 1조 - Broker - Energy Efficiency | D37: 0 | E37: ='1조'!E97 -> 1조 - Dispatcher - Energy Efficiency
A38: 2조 | B38: 0 | C38: ='2조'!C97 -> 2조 - Broker - Energy Efficiency | D38: 0 | E38: ='2조'!E97 -> 2조 - Dispatcher - Energy Efficiency
A39: 3조 | B39: 0 | C39: ='3조'!C97 -> 3조 - Broker - Energy Efficiency | D39: 0 | E39: ='3조'!E97 -> 3조 - Dispatcher - Energy Efficiency
A40: 4조 | B40: 0 | C40: ='4조'!C97 -> 4조 - Broker - Energy Efficiency | D40: 0 | E40: ='4조'!E97 -> 4조 - Dispatcher - Energy Efficiency
A41: 5조 | B41: 0 | C41: ='5조'!C97 -> 5조 - Broker - Energy Efficiency | D41: 0 | E41: ='5조'!E97 -> 5조 - Dispatcher - Energy Efficiency
A42: 6조 | B42: 0 | C42: ='6조'!C97 -> 동시성을 띄고 broker와의 통신 overhead 때문에 에너지 소모가 높다. | D42: 0 | E42: ='6조'!E97 -> Dispatcher와 발생되는 통신비용이 오버헤드가 될 수 있지만 누구와 통신을 할지 식별이 된 이후에는 Dispatcher를 거치지 않음
A43: 7조 | B43: 0 | C43: ='7조'!C97 -> 7조 - Broker - Energy Efficiency | D43: 0 | E43: ='7조'!E97 -> 7조 - Dispatcher - Energy Efficiency
A44: 8조 | B44: 0 | C44: ='8조'!C97 -> 8조 - Broker - Energy Efficiency | D44: 0 | E44: ='8조'!E97 -> 8조 - Dispatcher - Energy Efficiency
A45: 9조 | B45: 0 | C45: ='9조'!C97 -> 9조 - Broker - Energy Efficiency | D45: 0 | E45: ='9조'!E97 -> 9조 - Dispatcher - Energy Efficiency
A47: Modifiability | B47: 0 | C47: 0 | D47: 0 | E47: 0
A48: 1조 | B48: 0 | C48: ='1조'!C98 -> 1조 - Broker - Modifiability | D48: 0 | E48: ='1조'!E98 -> 1조 - Dispatcher - Modifiability
A49: 2조 | B49: 0 | C49: ='2조'!C98 -> 2조 - Broker - Modifiability | D49: 0 | E49: ='2조'!E98 -> 2조 - Dispatcher - Modifiability
A50: 3조 | B50: 0 | C50: ='3조'!C98 -> 3조 - Broker - Modifiability | D50: 0 | E50: ='3조'!E98 -> 3조 - Dispatcher - Modifiability
A51: 4조 | B51: 0 | C51: ='4조'!C98 -> 4조 - Broker - Modifiability | D51: 0 | E51: ='4조'!E98 -> 4조 - Dispatcher - Modifiability
A52: 5조 | B52: 0 | C52: ='5조'!C98 -> 5조 - Broker - Modifiability | D52: 0 | E52: ='5조'!E98 -> 5조 - Dispatcher - Modifiability
A53: 6조 | B53: 0 | C53: ='6조'!C98 -> broker의 구현이 바뀌더라도 api의 변경이 없으면 server와 client에 영향을 주지 않아 수정이 용이하다. | D53: 0 | E53: ='6조'!E98 -> 클라이언트 코드는 서버가 얼마나 되는지 어디에 위치하는지 알 필요없이 오직 Dispatcher와 통신하면 되기 때문에 변경이 파급되지 않는다. 다만 인터페이스가 변경되면 모든 서버로 파급될 수 있음.
A54: 7조 | B54: 0 | C54: ='7조'!C98 -> 7조 - Broker - Modifiability | D54: 0 | E54: ='7조'!E98 -> 7조 - Dispatcher - Modifiability
A55: 8조 | B55: 0 | C55: ='8조'!C98 -> 8조 - Broker - Modifiability | D55: 0 | E55: ='8조'!E98 -> 8조 - Dispatcher - Modifiability
A56: 9조 | B56: 0 | C56: ='9조'!C98 -> 9조 - Broker - Modifiability | D56: 0 | E56: ='9조'!E98 -> 9조 - Dispatcher - Modifiability
A58: Performance | B58: 0 | C58: 0 | D58: 0 | E58: 0
A59: 1조 | B59: 0 | C59: ='1조'!C99 -> 1조 - Broker - Performance | D59: 0 | E59: ='1조'!E99 -> 1조 - Dispatcher - Performance
A60: 2조 | B60: 0 | C60: ='2조'!C99 -> 2조 - Broker - Performance | D60: 0 | E60: ='2조'!E99 -> 2조 - Dispatcher - Performance
A61: 3조 | B61: 0 | C61: ='3조'!C99 -> 3조 - Broker - Performance | D61: 0 | E61: ='3조'!E99 -> 3조 - Dispatcher - Performance
A62: 4조 | B62: 0 | C62: ='4조'!C99 -> 4조 - Broker - Performance | D62: 0 | E62: ='4조'!E99 -> 4조 - Dispatcher - Performance
A63: 5조 | B63: 0 | C63: ='5조'!C99 -> 5조 - Broker - Performance | D63: 0 | E63: ='5조'!E99 -> 5조 - Dispatcher - Performance
A64: 6조 | B64: 0 | C64: ='6조'!C99 -> client-server 간 통신이 broker를 거쳐야 하기 때문에 overhead가 발생한다. | D64: 0 | E64: ='6조'!E99 -> 병렬 처리로 처리량과 수평 확장성은 좋아지지만 요청 초기마다 홉이 하나 추가된다는 점은 마이너스가 될 수 있음.
A65: 7조 | B65: 0 | C65: ='7조'!C99 -> 7조 - Broker - Performance | D65: 0 | E65: ='7조'!E99 -> 7조 - Dispatcher - Performance
A66: 8조 | B66: 0 | C66: ='8조'!C99 -> 8조 - Broker - Performance | D66: 0 | E66: ='8조'!E99 -> 8조 - Dispatcher - Performance
A67: 9조 | B67: 0 | C67: ='9조'!C99 -> 9조 - Broker - Performance | D67: 0 | E67: ='9조'!E99 -> 9조 - Dispatcher - Performance
A69: Safety | B69: 0 | C69: 0 | D69: 0 | E69: 0
A70: 1조 | B70: 0 | C70: ='1조'!C100 -> 1조 - Broker - Safety | D70: 0 | E70: ='1조'!E100 -> 1조 - Dispatcher - Safety
A71: 2조 | B71: 0 | C71: ='2조'!C100 -> 2조 - Broker - Safety | D71: 0 | E71: ='2조'!E100 -> 2조 - Dispatcher - Safety
A72: 3조 | B72: 0 | C72: ='3조'!C100 -> 3조 - Broker - Safety | D72: 0 | E72: ='3조'!E100 -> 3조 - Dispatcher - Safety
A73: 4조 | B73: 0 | C73: ='4조'!C100 -> 4조 - Broker - Safety | D73: 0 | E73: ='4조'!E100 -> 4조 - Dispatcher - Safety
A74: 5조 | B74: 0 | C74: ='5조'!C100 -> 5조 - Broker - Safety | D74: 0 | E74: ='5조'!E100 -> 5조 - Dispatcher - Safety
A75: 6조 | B75: 0 | C75: ='6조'!C100 -> broker 오류/장애 시 saftey와 관련된 기능에 문제가 발생할 수 있다. | D75: 0 | E75: ='6조'!E100 -> 위협/상태를 감지하는 메커니즘이 없고 매 요청마다 처리 주체가 달라져서 재현성 등이 보장되지 않기 때문에 결함 재현과 안정성 논증이 어려움
A76: 7조 | B76: 0 | C76: ='7조'!C100 -> 7조 - Broker - Safety | D76: 0 | E76: ='7조'!E100 -> 7조 - Dispatcher - Safety
A77: 8조 | B77: 0 | C77: ='8조'!C100 -> 8조 - Broker - Safety | D77: 0 | E77: ='8조'!E100 -> 8조 - Dispatcher - Safety
A78: 9조 | B78: 0 | C78: ='9조'!C100 -> 9조 - Broker - Safety | D78: 0 | E78: ='9조'!E100 -> 9조 - Dispatcher - Safety
A80: Security | B80: 0 | C80: 0 | D80: 0 | E80: 0
A81: 1조 | B81: 0 | C81: ='1조'!C101 -> 1조 - Broker - Security | D81: 0 | E81: ='1조'!E101 -> 1조 - Dispatcher - Security
A82: 2조 | B82: 0 | C82: ='2조'!C101 -> 2조 - Broker - Security | D82: 0 | E82: ='2조'!E101 -> 2조 - Dispatcher - Security
A83: 3조 | B83: 0 | C83: ='3조'!C101 -> 3조 - Broker - Security | D83: 0 | E83: ='3조'!E101 -> 3조 - Dispatcher - Security
A84: 4조 | B84: 0 | C84: ='4조'!C101 -> 4조 - Broker - Security | D84: 0 | E84: ='4조'!E101 -> 4조 - Dispatcher - Security
A85: 5조 | B85: 0 | C85: ='5조'!C101 -> 5조 - Broker - Security | D85: 0 | E85: ='5조'!E101 -> 5조 - Dispatcher - Security
A86: 6조 | B86: 0 | C86: ='6조'!C101 -> broker 에 모든 정보가 몰리기 때문에 명확한 attack point가 존재한다. | D86: 0 | E86: ='6조'!E101 -> dispatcher가 최우선 공격 표적이 될 수 있으며 공격당할 시 시스템 전체가 마비될 수 있음.
A87: 7조 | B87: 0 | C87: ='7조'!C101 -> 7조 - Broker - Security | D87: 0 | E87: ='7조'!E101 -> 7조 - Dispatcher - Security
A88: 8조 | B88: 0 | C88: ='8조'!C101 -> 8조 - Broker - Security | D88: 0 | E88: ='8조'!E101 -> 8조 - Dispatcher - Security
A89: 9조 | B89: 0 | C89: ='9조'!C101 -> 9조 - Broker - Security | D89: 0 | E89: ='9조'!E101 -> 9조 - Dispatcher - Security
A91: Testability | B91: 0 | C91: 0 | D91: 0 | E91: 0
A92: 1조 | B92: 0 | C92: ='1조'!C102 -> 1조 - Broker - Testability | D92: 0 | E92: ='1조'!E102 -> 1조 - Dispatcher - Testability
A93: 2조 | B93: 0 | C93: ='2조'!C102 -> 2조 - Broker - Testability | D93: 0 | E93: ='2조'!E102 -> 2조 - Dispatcher - Testability
A94: 3조 | B94: 0 | C94: ='3조'!C102 -> 3조 - Broker - Testability | D94: 0 | E94: ='3조'!E102 -> 3조 - Dispatcher - Testability
A95: 4조 | B95: 0 | C95: ='4조'!C102 -> 4조 - Broker - Testability | D95: 0 | E95: ='4조'!E102 -> 4조 - Dispatcher - Testability
A96: 5조 | B96: 0 | C96: ='5조'!C102 -> 5조 - Broker - Testability | D96: 0 | E96: ='5조'!E102 -> 5조 - Dispatcher - Testability
A97: 6조 | B97: 0 | C97: ='6조'!C102 -> 동시성을 띄며 약한 결합이기 떄문에 통합 테스트가 힘들다. | D97: 0 | E97: ='6조'!E102 -> 서버 각각은 stateless에 동등하므로 단위 테스트는 쉽지만 어느 인스턴스에서 처리할지 비결정적이라 통합 테스팅할 때 결함 재현이 어려움
A98: 7조 | B98: 0 | C98: ='7조'!C102 -> 7조 - Broker - Testability | D98: 0 | E98: ='7조'!E102 -> 7조 - Dispatcher - Testability
A99: 8조 | B99: 0 | C99: ='8조'!C102 -> 8조 - Broker - Testability | D99: 0 | E99: ='8조'!E102 -> 8조 - Dispatcher - Testability
A100: 9조 | B100: 0 | C100: ='9조'!C102 -> 9조 - Broker - Testability | D100: 0 | E100: ='9조'!E102 -> 9조 - Dispatcher - Testability
A102: Usability | B102: 0 | C102: 0 | D102: 0 | E102: 0
A103: 1조 | B103: 0 | C103: ='1조'!C103 -> 1조 - Broker - Usability | D103: 0 | E103: ='1조'!E103 -> 1조 - Dispatcher - Usability
A104: 2조 | B104: 0 | C104: ='2조'!C103 -> 2조 - Broker - Usability | D104: 0 | E104: ='2조'!E103 -> 2조 - Dispatcher - Usability
A105: 3조 | B105: 0 | C105: ='3조'!C103 -> 3조 - Broker - Usability | D105: 0 | E105: ='3조'!E103 -> 3조 - Dispatcher - Usability
A106: 4조 | B106: 0 | C106: ='4조'!C103 -> 4조 - Broker - Usability | D106: 0 | E106: ='4조'!E103 -> 4조 - Dispatcher - Usability
A107: 5조 | B107: 0 | C107: ='5조'!C103 -> 5조 - Broker - Usability | D107: 0 | E107: ='5조'!E103 -> 5조 - Dispatcher - Usability
A108: 6조 | B108: 0 | C108: ='6조'!C103 -> 복잡한 distribute 구조를 UI에 드러내지 않기 때문에 사용성이 좋은 측면도 있지만 사용자가 broker를 공유하기 때문에 UX는 좋지 않을 수 있다. | D108: 0 | E108: ='6조'!E103 -> 사용자에게 안정적인 응답을 제공해줄 수는 있으나 구조 자체가 사용성을 개선시키는 구조는 아님.
A109: 7조 | B109: 0 | C109: ='7조'!C103 -> 7조 - Broker - Usability | D109: 0 | E109: ='7조'!E103 -> 7조 - Dispatcher - Usability
...

Sheet DA3
A1: Distributed | B1: SOA | D1: Micro-service
B2: Effects | C2: Justification | D2: Effects | E2: Justification
A3: Availability | B3: 0 | C3: 0 | D3: 0 | E3: 0
A4: 1조 | B4: 0 | C4: ='1조'!C107 -> 1조 - SOA - Availability | D4: 0 | E4: ='1조'!E107 -> 1조 - Mico-Service - Availability
A5: 2조 | B5: 0 | C5: ='2조'!C107 -> 2조 - SOA - Availability | D5: 0 | E5: ='2조'!E107 -> 2조 - Mico-Service - Availability
A6: 3조 | B6: 0 | C6: ='3조'!C107 -> 3조 - SOA - Availability | D6: 0 | E6: ='3조'!E107 -> 3조 - Mico-Service - Availability
A7: 4조 | B7: 0 | C7: ='4조'!C107 -> 4조 - SOA - Availability | D7: 0 | E7: ='4조'!E107 -> 4조 - Mico-Service - Availability
A8: 5조 | B8: 0 | C8: ='5조'!C107 -> intermediary가 연결을 해줄뿐이지 실 availability 가 service provider에 영향을 받는 경우가 많음 | D8: 0 | E8: ='5조'!E107 -> 5조 - Mico-Service - Availability
A9: 6조 | B9: 0 | C9: ='6조'!C107 -> intermediary가 연결을 해줄뿐이지 실 availability 가 service provider에 영향을 받는 경우가 많음 | D9: 0 | E9: ='6조'!E107 -> 각 서비스가 독립 프로세스로 격리되어 있어, 하나의 microservice가 죽어도 upstream 서비스가 장애를 올바르게 처리하도록 설계되어 있다면 전체는 계속 동작한다
A10: 7조 | B10: 0 | C10: ='7조'!C107 -> 7조 - SOA - Availability | D10: 0 | E10: ='7조'!E107 -> 7조 - Mico-Service - Availability
A11: 8조 | B11: 0 | C11: ='8조'!C107 -> 8조 - SOA - Availability | D11: 0 | E11: ='8조'!E107 -> 8조 - Mico-Service - Availability
A12: 9조 | B12: 0 | C12: ='9조'!C107 -> 9조 - SOA - Availability | D12: 0 | E12: ='9조'!E107 -> 9조 - Mico-Service - Availability
A14: Deployability | B14: 0 | C14: 0 | D14: 0 | E14: 0
A15: 1조 | B15: 0 | C15: ='1조'!C108 -> 1조 - SOA - Deployability | D15: 0 | E15: ='1조'!E108 -> 1조 - Mico-Service - Deployability
A16: 2조 | B16: 0 | C16: ='2조'!C108 -> 2조 - SOA - Deployability | D16: 0 | E16: ='2조'!E108 -> 2조 - Mico-Service - Deployability
A17: 3조 | B17: 0 | C17: ='3조'!C108 -> 3조 - SOA - Deployability | D17: 0 | E17: ='3조'!E108 -> 3조 - Mico-Service - Deployability
A18: 4조 | B18: 0 | C18: ='4조'!C108 -> 4조 - SOA - Deployability | D18: 0 | E18: ='4조'!E108 -> 4조 - Mico-Service - Deployability
A19: 5조 | B19: 0 | C19: ='5조'!C108 -> 중앙 intermediary에 의존하는 시스템은 이중화 보장이 되어있지 않은 이상 deployability 가 좋다고 볼 수 없음 | D19: 0 | E19: ='5조'!E108 -> 5조 - Mico-Service - Deployability
A20: 6조 | B20: 0 | C20: ='6조'!C108 -> 중앙 intermediary에 의존하는 시스템은 이중화 보장이 되어있지 않은 이상 deployability 가 좋다고 볼 수 없음 | D20: 0 | E20: ='6조'!E108 -> 서비스별로 별도 독립 배포가 가능해, 전체 application을 재배포하지 않고 서비스 하나만 갱신·롤백할 수 있다
A21: 7조 | B21: 0 | C21: ='7조'!C108 -> 7조 - SOA - Deployability | D21: 0 | E21: ='7조'!E108 -> 7조 - Mico-Service - Deployability
A22: 8조 | B22: 0 | C22: ='8조'!C108 -> 8조 - SOA - Deployability | D22: 0 | E22: ='8조'!E108 -> 8조 - Mico-Service - Deployability
A23: 9조 | B23: 0 | C23: ='9조'!C108 -> 9조 - SOA - Deployability | D23: 0 | E23: ='9조'!E108 -> 9조 - Mico-Service - Deployability
A25: Integrability | B25: 0 | C25: 0 | D25: 0 | E25: 0
A26: 1조 | B26: 0 | C26: ='1조'!C109 -> 1조 - SOA - Integrability | D26: 0 | E26: ='1조'!E109 -> 1조 - Mico-Service - Integrability
A27: 2조 | B27: 0 | C27: ='2조'!C109 -> 2조 - SOA - Integrability | D27: 0 | E27: ='2조'!E109 -> 2조 - Mico-Service - Integrability
A28: 3조 | B28: 0 | C28: ='3조'!C109 -> 3조 - SOA - Integrability | D28: 0 | E28: ='3조'!E109 -> 3조 - Mico-Service - Integrability
A29: 4조 | B29: 0 | C29: ='4조'!C109 -> 4조 - SOA - Integrability | D29: 0 | E29: ='4조'!E109 -> 4조 - Mico-Service - Integrability
A30: 5조 | B30: 0 | C30: ='5조'!C109 -> 표준화된 통신이 보장되기 때문에 service provider, service customer 확장이 용이함. | D30: 0 | E30: ='5조'!E109 -> 5조 - Mico-Service - Integrability
A31: 6조 | B31: 0 | C31: ='6조'!C109 -> 표준화된 통신이 보장되기 때문에 service provider, service customer 확장이 용이함. | D31: 0 | E31: ='6조'!E109 -> 서비스마다 기술 스택·언어·프레임워크를 자유롭게 선택할 수 있어, 서비스 일관성 유지와 버저닝 관리가 어려움
A32: 7조 | B32: 0 | C32: ='7조'!C109 -> 7조 - SOA - Integrability | D32: 0 | E32: ='7조'!E109 -> 7조 - Mico-Service - Integrability
A33: 8조 | B33: 0 | C33: ='8조'!C109 -> 8조 - SOA - Integrability | D33: 0 | E33: ='8조'!E109 -> 8조 - Mico-Service - Integrability
A34: 9조 | B34: 0 | C34: ='9조'!C109 -> 9조 - SOA - Integrability | D34: 0 | E34: ='9조'!E109 -> 9조 - Mico-Service - Integrability
A36: Energy Efficiency | B36: 0 | C36: 0 | D36: 0 | E36: 0
A37: 1조 | B37: 0 | C37: ='1조'!C110 -> 1조 - SOA - Energy Efficiency | D37: 0 | E37: ='1조'!E110 -> 1조 - Mico-Service - Energy Efficiency
A38: 2조 | B38: 0 | C38: ='2조'!C110 -> 2조 - SOA - Energy Efficiency | D38: 0 | E38: ='2조'!E110 -> 2조 - Mico-Service - Energy Efficiency
A39: 3조 | B39: 0 | C39: ='3조'!C110 -> 3조 - SOA - Energy Efficiency | D39: 0 | E39: ='3조'!E110 -> 3조 - Mico-Service - Energy Efficiency
A40: 4조 | B40: 0 | C40: ='4조'!C110 -> 4조 - SOA - Energy Efficiency | D40: 0 | E40: ='4조'!E110 -> 4조 - Mico-Service - Energy Efficiency
A41: 5조 | B41: 0 | C41: ='5조'!C110 -> middleware의 존재로 성능 효율이 좋은 편이라고 볼 수 없음 | D41: 0 | E41: ='5조'!E110 -> 5조 - Mico-Service - Energy Efficiency
A42: 6조 | B42: 0 | C42: ='6조'!C110 -> middleware의 존재로 성능 효율이 좋은 편이라고 볼 수 없음 | D42: 0 | E42: ='6조'!E110 -> 서비스 수만큼 프로세스/컨테이너가 늘어나고 서비스 간 네트워크 통신이 잦아져, 인프라·통신 오버헤드가 커진다
A43: 7조 | B43: 0 | C43: ='7조'!C110 -> 7조 - SOA - Energy Efficiency | D43: 0 | E43: ='7조'!E110 -> 7조 - Mico-Service - Energy Efficiency
A44: 8조 | B44: 0 | C44: ='8조'!C110 -> 8조 - SOA - Energy Efficiency | D44: 0 | E44: ='8조'!E110 -> 8조 - Mico-Service - Energy Efficiency
A45: 9조 | B45: 0 | C45: ='9조'!C110 -> 9조 - SOA - Energy Efficiency | D45: 0 | E45: ='9조'!E110 -> 9조 - Mico-Service - Energy Efficiency
A47: Modifiability | B47: 0 | C47: 0 | D47: 0 | E47: 0
A48: 1조 | B48: 0 | C48: ='1조'!C111 -> 1조 - SOA - Modifiability | D48: 0 | E48: ='1조'!E111 -> 1조 - Mico-Service - Modifiability
A49: 2조 | B49: 0 | C49: ='2조'!C111 -> 2조 - SOA - Modifiability | D49: 0 | E49: ='2조'!E111 -> 2조 - Mico-Service - Modifiability
A50: 3조 | B50: 0 | C50: ='3조'!C111 -> 3조 - SOA - Modifiability | D50: 0 | E50: ='3조'!E111 -> 3조 - Mico-Service - Modifiability
A51: 4조 | B51: 0 | C51: ='4조'!C111 -> 4조 - SOA - Modifiability | D51: 0 | E51: ='4조'!E111 -> 4조 - Mico-Service - Modifiability
A52: 5조 | B52: 0 | C52: ='5조'!C111 -> 표준화된 통신 보장으로 intermediary 수정 없이 service provider 및 customer 변경이 용이. 단 intermediary 변경은 아려움 | D52: 0 | E52: ='5조'!E111 -> 5조 - Mico-Service - Modifiability
A53: 6조 | B53: 0 | C53: ='6조'!C111 -> 표준화된 통신 보장으로 intermediary 수정 없이 service provider 및 customer 변경이 용이. 단 intermediary 변경은 아려움 | D53: 0 | E53: ='6조'!E111 -> 코드와 data store를 서비스 간 공유하지 않아 의존성이 최소화되므로, 한 서비스의 기능 변경·추가가 다른 서비스에 영향을 주지 않는다
A54: 7조 | B54: 0 | C54: ='7조'!C111 -> 7조 - SOA - Modifiability | D54: 0 | E54: ='7조'!E111 -> 7조 - Mico-Service - Modifiability
A55: 8조 | B55: 0 | C55: ='8조'!C111 -> 8조 - SOA - Modifiability | D55: 0 | E55: ='8조'!E111 -> 8조 - Mico-Service - Modifiability
A56: 9조 | B56: 0 | C56: ='9조'!C111 -> 9조 - SOA - Modifiability | D56: 0 | E56: ='9조'!E111 -> 9조 - Mico-Service - Modifiability
A58: Performance | B58: 0 | C58: 0 | D58: 0 | E58: 0
A59: 1조 | B59: 0 | C59: ='1조'!C112 -> 1조 - SOA - Performance | D59: 0 | E59: ='1조'!E112 -> 1조 - Mico-Service - Performance
A60: 2조 | B60: 0 | C60: ='2조'!C112 -> 2조 - SOA - Performance | D60: 0 | E60: ='2조'!E112 -> 2조 - Mico-Service - Performance
A61: 3조 | B61: 0 | C61: ='3조'!C112 -> 3조 - SOA - Performance | D61: 0 | E61: ='3조'!E112 -> 3조 - Mico-Service - Performance
A62: 4조 | B62: 0 | C62: ='4조'!C112 -> 4조 - SOA - Performance | D62: 0 | E62: ='4조'!E112 -> 4조 - Mico-Service - Performance
A63: 5조 | B63: 0 | C63: ='5조'!C112 -> middleware의 존재로 시간효율 및 자원효율이 좋은 편이라고 볼 수 없음 | D63: 0 | E63: ='5조'!E112 -> 5조 - Mico-Service - Performance
A64: 6조 | B64: 0 | C64: ='6조'!C112 -> middleware의 존재로 시간효율 및 자원효율이 좋은 편이라고 볼 수 없음 | D64: 0 | E64: ='6조'!E112 -> 세분화된 서비스가 많아질수록 서비스 간 원격 통신이 늘고, 의존 체인이 길어지면 누적 latency가 커져 응답 성능이 저하되기 쉽다
A65: 7조 | B65: 0 | C65: ='7조'!C112 -> 7조 - SOA - Performance | D65: 0 | E65: ='7조'!E112 -> 7조 - Mico-Service - Performance
A66: 8조 | B66: 0 | C66: ='8조'!C112 -> 8조 - SOA - Performance | D66: 0 | E66: ='8조'!E112 -> 8조 - Mico-Service - Performance
A67: 9조 | B67: 0 | C67: ='9조'!C112 -> 9조 - SOA - Performance | D67: 0 | E67: ='9조'!E112 -> 9조 - Mico-Service - Performance
A69: Safety | B69: 0 | C69: 0 | D69: 0 | E69: 0
A70: 1조 | B70: 0 | C70: ='1조'!C113 -> 1조 - SOA - Safety | D70: 0 | E70: ='1조'!E113 -> 1조 - Mico-Service - Safety
A71: 2조 | B71: 0 | C71: ='2조'!C113 -> 2조 - SOA - Safety | D71: 0 | E71: ='2조'!E113 -> 2조 - Mico-Service - Safety
A72: 3조 | B72: 0 | C72: ='3조'!C113 -> 3조 - SOA - Safety | D72: 0 | E72: ='3조'!E113 -> 3조 - Mico-Service - Safety
A73: 4조 | B73: 0 | C73: ='4조'!C113 -> 4조 - SOA - Safety | D73: 0 | E73: ='4조'!E113 -> 4조 - Mico-Service - Safety
A74: 5조 | B74: 0 | C74: ='5조'!C113 -> 표준화된 통신으로 output 이 명확한 편으로 fault dealing이 용이함 | D74: 0 | E74: ='5조'!E113 -> 5조 - Mico-Service - Safety
A75: 6조 | B75: 0 | C75: ='6조'!C113 -> 표준화된 통신으로 output 이 명확한 편으로 fault dealing이 용이함 | D75: 0 | E75: ='6조'!E113 -> 장애 격리로 오류 확산을 줄일 수 있지만, 분산된 만큼 실패 지점이 늘어날 수도 있다.
A76: 7조 | B76: 0 | C76: ='7조'!C113 -> 7조 - SOA - Safety | D76: 0 | E76: ='7조'!E113 -> 7조 - Mico-Service - Safety
A77: 8조 | B77: 0 | C77: ='8조'!C113 -> 8조 - SOA - Safety | D77: 0 | E77: ='8조'!E113 -> 8조 - Mico-Service - Safety
A78: 9조 | B78: 0 | C78: ='9조'!C113 -> 9조 - SOA - Safety | D78: 0 | E78: ='9조'!E113 -> 9조 - Mico-Service - Safety
A80: Security | B80: 0 | C80: 0 | D80: 0 | E80: 0
A81: 1조 | B81: 0 | C81: ='1조'!C114 -> 1조 - SOA - Security | D81: 0 | E81: ='1조'!E114 -> 1조 - Mico-Service - Security
A82: 2조 | B82: 0 | C82: ='2조'!C114 -> 2조 - SOA - Security | D82: 0 | E82: ='2조'!E114 -> 2조 - Mico-Service - Security
A83: 3조 | B83: 0 | C83: ='3조'!C114 -> 3조 - SOA - Security | D83: 0 | E83: ='3조'!E114 -> 3조 - Mico-Service - Security
A84: 4조 | B84: 0 | C84: ='4조'!C114 -> 4조 - SOA - Security | D84: 0 | E84: ='4조'!E114 -> 4조 - Mico-Service - Security
A85: 5조 | B85: 0 | C85: ='5조'!C114 -> 표준화된 통신에서 기본적인 authentication 절차를 거침 | D85: 0 | E85: ='5조'!E114 -> 5조 - Mico-Service - Security
A86: 6조 | B86: 0 | C86: ='6조'!C114 -> 표준화된 통신에서 기본적인 authentication 절차를 거침 | D86: 0 | E86: ='6조'!E114 -> 서비스별 인증·권한 분리가 가능하지만, 외부에 노출되는 API와 통신 경로 및 관리 대상이 증가하여 공격 표면이 넓어진다.
A87: 7조 | B87: 0 | C87: ='7조'!C114 -> 7조 - SOA - Security | D87: 0 | E87: ='7조'!E114 -> 7조 - Mico-Service - Security
A88: 8조 | B88: 0 | C88: ='8조'!C114 -> 8조 - SOA - Security | D88: 0 | E88: ='8조'!E114 -> 8조 - Mico-Service - Security
A89: 9조 | B89: 0 | C89: ='9조'!C114 -> 9조 - SOA - Security | D89: 0 | E89: ='9조'!E114 -> 9조 - Mico-Service - Security
A91: Testability | B91: 0 | C91: 0 | D91: 0 | E91: 0
A92: 1조 | B92: 0 | C92: ='1조'!C115 -> 1조 - SOA - Testability | D92: 0 | E92: ='1조'!E115 -> 1조 - Mico-Service - Testability
A93: 2조 | B93: 0 | C93: ='2조'!C115 -> 2조 - SOA - Testability | D93: 0 | E93: ='2조'!E115 -> 2조 - Mico-Service - Testability
A94: 3조 | B94: 0 | C94: ='3조'!C115 -> 3조 - SOA - Testability | D94: 0 | E94: ='3조'!E115 -> 3조 - Mico-Service - Testability
A95: 4조 | B95: 0 | C95: ='4조'!C115 -> 4조 - SOA - Testability | D95: 0 | E95: ='4조'!E115 -> 4조 - Mico-Service - Testability
A96: 5조 | B96: 0 | C96: ='5조'!C115 -> 테스트 단위 명문화가 가능하고 (e.g. service provider-intermediary) 표준화된 통신으로 expected output이 명확함 | D96: 0 | E96: ='5조'!E115 -> 5조 - Mico-Service - Testability
A97: 6조 | B97: 0 | C97: ='6조'!C115 -> 테스트 단위 명문화가 가능하고 (e.g. service provider-intermediary) 표준화된 통신으로 expected output이 명확함 | D97: 0 | E97: ='6조'!E115 -> 여러 서비스를 함께 검증하려면 네트워크, 데이터 저장소, 메시지 시스템 등의 실행 환경이 필요하며 비동기·분산 동작의 재현도 어렵다.
A98: 7조 | B98: 0 | C98: ='7조'!C115 -> 7조 - SOA - Testability | D98: 0 | E98: ='7조'!E115 -> 7조 - Mico-Service - Testability
A99: 8조 | B99: 0 | C99: ='8조'!C115 -> 8조 - SOA - Testability | D99: 0 | E99: ='8조'!E115 -> 8조 - Mico-Service - Testability
A100: 9조 | B100: 0 | C100: ='9조'!C115 -> 9조 - SOA - Testability | D100: 0 | E100: ='9조'!E115 -> 9조 - Mico-Service - Testability
A102: Usability | B102: 0 | C102: 0 | D102: 0 | E102: 0
A103: 1조 | B103: 0 | C103: ='1조'!C116 -> 1조 - SOA - Usability | D103: 0 | E103: ='1조'!E116 -> 1조 - Mico-Service - Usability
A104: 2조 | B104: 0 | C104: ='2조'!C116 -> 2조 - SOA - Usability | D104: 0 | E104: ='2조'!E116 -> 2조 - Mico-Service - Usability
A105: 3조 | B105: 0 | C105: ='3조'!C116 -> 3조 - SOA - Usability | D105: 0 | E105: ='3조'!E116 -> 3조 - Mico-Service - Usability
A106: 4조 | B106: 0 | C106: ='4조'!C116 -> 4조 - SOA - Usability | D106: 0 | E106: ='4조'!E116 -> 4조 - Mico-Service - Usability
A107: 5조 | B107: 0 | C107: ='5조'!C116 -> service customer 및 provider 반영이 유연하고 빠름 | D107: 0 | E107: ='5조'!E116 -> 5조 - Mico-Service - Usability
A108: 6조 | B108: 0 | C108: ='6조'!C116 -> service customer 및 provider 반영이 유연하고 빠름 | D108: 0 | E108: ='6조'!E116 -> Micro-Service 구조 자체는 사용자 인터페이스와 직접적인 관계가 없다.
A109: 7조 | B109: 0 | C109: ='7조'!C116 -> 7조 - SOA - Usability | D109: 0 | E109: ='7조'!E116 -> 7조 - Mico-Service - Usability
...

Sheet Dep
A1: Deployment | B1: Container-based | D1: Cloud-based | F1: Edge-based
B2: Effects | C2: Justification | D2: Effects | E2: Justification | F2: Effects | G2: Justification
A3: Availability | B3: 0 | C3: 0 | D3: 0 | E3: 0 | F3: 0 | G3: 0
A4: 1조 | B4: 0 | C4: ='1조'!C120 -> 1조 - Container-based - Availability | D4: 0 | E4: ='1조'!E120 -> 1조 - Cloud-based - Availability | F4: 0 | G4: ='6조'!G120 -> 중앙 서버에 모든 처리를 의존하지 않고 여러 Edge에서 서비스를 제공할 수 있어 장애 격리에 유리하다. 하지만 특정 Edge 장비가 고장나면 해당 지역 사용자가 영향을 받을 수 있다.
A5: 2조 | B5: 0 | C5: ='2조'!C120 -> 2조 - Container-based - Availability | D5: 0 | E5: ='2조'!E120 -> 2조 - Cloud-based - Availability | F5: 0 | G5: ='2조'!G120 -> 중앙 서버와 네트워크 연결이 끊겨도 엣지 노드가 로컬에서 자체 동작 가능함
A6: 3조 | B6: 0 | C6: ='3조'!C120 -> 3조 - Container-based - Availability | D6: 0 | E6: ='3조'!E120 -> 3조 - Cloud-based - Availability | F6: 0 | G6: ='3조'!G120 -> 3조 - Edge-based - Availability
A7: 4조 | B7: 0 | C7: ='4조'!C120 -> 4조 - Container-based - Availability | D7: 0 | E7: ='4조'!E120 -> 4조 - Cloud-based - Availability | F7: 0 | G7: ='4조'!G120 -> 4조 - Edge-based - Availability
A8: 5조 | B8: 0 | C8: ='5조'!C120 -> 5조 - Container-based - Availability | D8: 0 | E8: ='5조'!E120 -> 5조 - Cloud-based - Availability | F8: 0 | G8: ='5조'!G120 -> 5조 - Edge-based - Availability
A9: 6조 | B9: 0 | C9: ='6조'!C120 -> 6조 - Container-based x - Availability | D9: 0 | E9: ='6조'!E120 -> 6조 - Cloud-based x - Availability | F9: 0 | G9: ='6조'!G120 -> 중앙 서버에 모든 처리를 의존하지 않고 여러 Edge에서 서비스를 제공할 수 있어 장애 격리에 유리하다. 하지만 특정 Edge 장비가 고장나면 해당 지역 사용자가 영향을 받을 수 있다.
A10: 7조 | B10: 0 | C10: ='7조'!C120 -> 7조 - Container-based - Availability | D10: 0 | E10: ='7조'!E120 -> 7조 - Cloud-based - Availability | F10: 0 | G10: ='7조'!G120 -> 7조 - Edge-based - Availability
A11: 8조 | B11: 0 | C11: ='8조'!C120 -> 8조 - Container-based - Availability | D11: 0 | E11: ='8조'!E120 -> 8조 - Cloud-based - Availability | F11: 0 | G11: ='8조'!G120 -> 8조 - Edge-based - Availability
A12: 9조 | B12: 0 | C12: ='9조'!C120 -> 9조 - Container-based - Availability | D12: 0 | E12: ='9조'!E120 -> 9조 - Cloud-based - Availability | F12: 0 | G12: ='9조'!G120 -> 9조 - Edge-based - Availability
A14: Deployability | B14: 0 | C14: 0 | D14: 0 | E14: 0 | F14: 0 | G14: 0
A15: 1조 | B15: 0 | C15: ='1조'!C121 -> 1조 - Container-based - Deployability | D15: 0 | E15: ='1조'!E121 -> 1조 - Cloud-based - Deployability | F15: 0 | G15: ='1조'!G121 -> 지리적으로 분산된 수많은 엣지 기기 및 노드에 소프트웨어 업데이트(OTA 등)를 일괄 적용하고 버전 정합성을 유지하기가 매우 복잡함.
A16: 2조 | B16: 0 | C16: ='2조'!C121 -> 2조 - Container-based - Deployability | D16: 0 | E16: ='2조'!E121 -> 2조 - Cloud-based - Deployability | F16: 0 | G16: ='2조'!G121 -> 수많은 분산 엣지 디바이스에 업데이트를 배포하고 관리하는 것이 매우 복잡함
A17: 3조 | B17: 0 | C17: ='3조'!C121 -> 3조 - Container-based - Deployability | D17: 0 | E17: ='3조'!E121 -> 3조 - Cloud-based - Deployability | F17: 0 | G17: ='3조'!G121 -> 3조 - Edge-based - Deployability
A18: 4조 | B18: 0 | C18: ='4조'!C121 -> 4조 - Container-based - Deployability | D18: 0 | E18: ='4조'!E121 -> 4조 - Cloud-based - Deployability | F18: 0 | G18: ='4조'!G121 -> 4조 - Edge-based - Deployability
A19: 5조 | B19: 0 | C19: ='5조'!C121 -> 5조 - Container-based - Deployability | D19: 0 | E19: ='5조'!E121 -> 5조 - Cloud-based - Deployability | F19: 0 | G19: ='5조'!G121 -> 5조 - Edge-based - Deployability
A20: 6조 | B20: 0 | C20: ='6조'!C121 -> 6조 - Container-based x - Deployability | D20: 0 | E20: ='6조'!E121 -> 6조 - Cloud-based x - Deployability | F20: 0 | G20: ='6조'!G121 -> 수많은 분산 엣지 디바이스에 업데이트를 배포하고 관리하는 것이 매우 복잡함
A21: 7조 | B21: 0 | C21: ='7조'!C121 -> 7조 - Container-based - Deployability | D21: 0 | E21: ='7조'!E121 -> 7조 - Cloud-based - Deployability | F21: 0 | G21: ='7조'!G121 -> 7조 - Edge-based - Deployability
A22: 8조 | B22: 0 | C22: ='8조'!C121 -> 8조 - Container-based - Deployability | D22: 0 | E22: ='8조'!E121 -> 8조 - Cloud-based - Deployability | F22: 0 | G22: ='8조'!G121 -> 8조 - Edge-based - Deployability
A23: 9조 | B23: 0 | C23: ='9조'!C121 -> 9조 - Container-based - Deployability | D23: 0 | E23: ='9조'!E121 -> 9조 - Cloud-based - Deployability | F23: 0 | G23: ='9조'!G121 -> 9조 - Edge-based - Deployability
A25: Integrability | B25: 0 | C25: 0 | D25: 0 | E25: 0 | F25: 0 | G25: 0
A26: 1조 | B26: 0 | C26: ='1조'!C122 -> 1조 - Container-based - Integrability | D26: 0 | E26: ='1조'!E122 -> 1조 - Cloud-based - Integrability | F26: 0 | G26: ='1조'!G122 -> Edge와 중앙 시스템, 다른 Edge 간 통합이 필요하다. 서로 다른 환경/네트워크에서 동작하기 때문에 중앙 집중형보다 integration 관리가 복잡할 수 있다.
A27: 2조 | B27: 0 | C27: ='2조'!C122 -> 2조 - Container-based - Integrability | D27: 0 | E27: ='2조'!E122 -> 2조 - Cloud-based - Integrability | F27: 0 | G27: ='2조'!G122 -> 디바이스 종류와 프로토콜이 이기종이라면 표준화 없이는 통합이 어려움
A28: 3조 | B28: 0 | C28: ='3조'!C122 -> 3조 - Container-based - Integrability | D28: 0 | E28: ='3조'!E122 -> 3조 - Cloud-based - Integrability | F28: 0 | G28: ='3조'!G122 -> 3조 - Edge-based - Integrability
A29: 4조 | B29: 0 | C29: ='4조'!C122 -> 4조 - Container-based - Integrability | D29: 0 | E29: ='4조'!E122 -> 4조 - Cloud-based - Integrability | F29: 0 | G29: ='4조'!G122 -> 4조 - Edge-based - Integrability
A30: 5조 | B30: 0 | C30: ='5조'!C122 -> 5조 - Container-based - Integrability | D30: 0 | E30: ='5조'!E122 -> 5조 - Cloud-based - Integrability | F30: 0 | G30: ='5조'!G122 -> 5조 - Edge-based - Integrability
A31: 6조 | B31: 0 | C31: ='6조'!C122 -> 6조 - Container-based x - Integrability | D31: 0 | E31: ='6조'!E122 -> 6조 - Cloud-based x - Integrability | F31: 0 | G31: ='6조'!G122 -> interface가 표준화 되어 있다는 전제 하에 edge node를 추가하기 용이하기 때문에 다른 시스템과의 통합이 용이하다.
A32: 7조 | B32: 0 | C32: ='7조'!C122 -> 7조 - Container-based - Integrability | D32: 0 | E32: ='7조'!E122 -> 7조 - Cloud-based - Integrability | F32: 0 | G32: ='7조'!G122 -> 7조 - Edge-based - Integrability
A33: 8조 | B33: 0 | C33: ='8조'!C122 -> 8조 - Container-based - Integrability | D33: 0 | E33: ='8조'!E122 -> 8조 - Cloud-based - Integrability | F33: 0 | G33: ='8조'!G122 -> 8조 - Edge-based - Integrability
A34: 9조 | B34: 0 | C34: ='9조'!C122 -> 9조 - Container-based - Integrability | D34: 0 | E34: ='9조'!E122 -> 9조 - Cloud-based - Integrability | F34: 0 | G34: ='9조'!G122 -> 9조 - Edge-based - Integrability
A36: Energy Efficiency | B36: 0 | C36: 0 | D36: 0 | E36: 0 | F36: 0 | G36: 0
A37: 1조 | B37: 0 | C37: ='1조'!C123 -> 1조 - Container-based - Energy Efficiency | D37: 0 | E37: ='1조'!E123 -> 1조 - Cloud-based - Energy Efficiency | F37: 0 | G37: ='1조'!G123 -> 대용량의 원시 데이터를 원격 데이터센터까지 전송할 필요 없이 로컬에서 필터링 및 처리하므로 장거리 네트워크 통신에 소모되는 에너지를 크게 절감함.
A38: 2조 | B38: 0 | C38: ='2조'!C123 -> 2조 - Container-based - Energy Efficiency | D38: 0 | E38: ='2조'!E123 -> 2조 - Cloud-based - Energy Efficiency | F38: 0 | G38: ='2조'!G123 -> 데이터 전송량은 줄지만, Edge 장치의 연산과 전력 사용이 발생함
A39: 3조 | B39: 0 | C39: ='3조'!C123 -> 3조 - Container-based - Energy Efficiency | D39: 0 | E39: ='3조'!E123 -> 3조 - Cloud-based - Energy Efficiency | F39: 0 | G39: ='3조'!G123 -> 3조 - Edge-based - Energy Efficiency
A40: 4조 | B40: 0 | C40: ='4조'!C123 -> 4조 - Container-based - Energy Efficiency | D40: 0 | E40: ='4조'!E123 -> 4조 - Cloud-based - Energy Efficiency | F40: 0 | G40: ='4조'!G123 -> 4조 - Edge-based - Energy Efficiency
A41: 5조 | B41: 0 | C41: ='5조'!C123 -> 5조 - Container-based - Energy Efficiency | D41: 0 | E41: ='5조'!E123 -> 5조 - Cloud-based - Energy Efficiency | F41: 0 | G41: ='5조'!G123 -> 5조 - Edge-based - Energy Efficiency
A42: 6조 | B42: 0 | C42: ='6조'!C123 -> 6조 - Container-based x - Energy Efficiency | D42: 0 | E42: ='6조'!E123 -> 6조 - Cloud-based x - Energy Efficiency | F42: 0 | G42: ='6조'!G123 -> 클라우드와 엣지에서 수행되어야 할 요청 종류별 분산을 통해 연산의 효율성이 증대
A43: 7조 | B43: 0 | C43: ='7조'!C123 -> 7조 - Container-based - Energy Efficiency | D43: 0 | E43: ='7조'!E123 -> 7조 - Cloud-based - Energy Efficiency | F43: 0 | G43: ='7조'!G123 -> 7조 - Edge-based - Energy Efficiency
A44: 8조 | B44: 0 | C44: ='8조'!C123 -> 8조 - Container-based - Energy Efficiency | D44: 0 | E44: ='8조'!E123 -> 8조 - Cloud-based - Energy Efficiency | F44: 0 | G44: ='8조'!G123 -> 8조 - Edge-based - Energy Efficiency
A45: 9조 | B45: 0 | C45: ='9조'!C123 -> 9조 - Container-based - Energy Efficiency | D45: 0 | E45: ='9조'!E123 -> 9조 - Cloud-based - Energy Efficiency | F45: 0 | G45: ='9조'!G123 -> 9조 - Edge-based - Energy Efficiency
A47: Modifiability | B47: 0 | C47: 0 | D47: 0 | E47: 0 | F47: 0 | G47: 0
A48: 1조 | B48: 0 | C48: ='1조'!C124 -> 1조 - Container-based - Modifiability | D48: 0 | E48: ='1조'!E124 -> 1조 - Cloud-based - Modifiability | F48: 0 | G48: ='1조'!G124 -> Edge마다 다른 환경이나 버전이 존재할 수 있어서 변경 사항을 전체 Edge에 적용하기 어렵다. 중앙 시스템 하나를 수정하는 것보다 관리가 복잡해질 수 있다.
A49: 2조 | B49: 0 | C49: ='2조'!C124 -> 2조 - Container-based - Modifiability | D49: 0 | E49: ='2조'!E124 -> 2조 - Cloud-based - Modifiability | F49: 0 | G49: ='2조'!G124 -> 로직 변경 시 분산된 모든 엣지 노드에 일관되게 반영해야 함
A50: 3조 | B50: 0 | C50: ='3조'!C124 -> 3조 - Container-based - Modifiability | D50: 0 | E50: ='3조'!E124 -> 3조 - Cloud-based - Modifiability | F50: 0 | G50: ='3조'!G124 -> 3조 - Edge-based - Modifiability
A51: 4조 | B51: 0 | C51: ='4조'!C124 -> 4조 - Container-based - Modifiability | D51: 0 | E51: ='4조'!E124 -> 4조 - Cloud-based - Modifiability | F51: 0 | G51: ='4조'!G124 -> 4조 - Edge-based - Modifiability
A52: 5조 | B52: 0 | C52: ='5조'!C124 -> 5조 - Container-based - Modifiability | D52: 0 | E52: ='5조'!E124 -> 5조 - Cloud-based - Modifiability | F52: 0 | G52: ='5조'!G124 -> 5조 - Edge-based - Modifiability
A53: 6조 | B53: 0 | C53: ='6조'!C124 -> 6조 - Container-based x - Modifiability | D53: 0 | E53: ='6조'!E124 -> 6조 - Cloud-based x - Modifiability | F53: 0 | G53: ='6조'!G124 -> 중앙 site 는 여러 결합으로 수정 어렵지만, 로컬 site는 변경 용이
A54: 7조 | B54: 0 | C54: ='7조'!C124 -> 7조 - Container-based - Modifiability | D54: 0 | E54: ='7조'!E124 -> 7조 - Cloud-based - Modifiability | F54: 0 | G54: ='7조'!G124 -> 7조 - Edge-based - Modifiability
A55: 8조 | B55: 0 | C55: ='8조'!C124 -> 8조 - Container-based - Modifiability | D55: 0 | E55: ='8조'!E124 -> 8조 - Cloud-based - Modifiability | F55: 0 | G55: ='8조'!G124 -> 8조 - Edge-based - Modifiability
A56: 9조 | B56: 0 | C56: ='9조'!C124 -> 9조 - Container-based - Modifiability | D56: 0 | E56: ='9조'!E124 -> 9조 - Cloud-based - Modifiability | F56: 0 | G56: ='9조'!G124 -> 9조 - Edge-based - Modifiability
A58: Performance | B58: 0 | C58: 0 | D58: 0 | E58: 0 | F58: 0 | G58: 0
A59: 1조 | B59: 0 | C59: ='1조'!C125 -> 1조 - Container-based - Performance | D59: 0 | E59: ='1조'!E125 -> 1조 - Cloud-based - Performance | F59: 0 | G59: ='1조'!G125 -> 사용자나 데이터 생성 지점과 물리적으로 인접한 곳에서 연산이 수행되므로 네트워크 지연(Latency)이 극도로 낮고 실시간 처리에 최적화됨.
A60: 2조 | B60: 0 | C60: ='2조'!C125 -> 2조 - Container-based - Performance | D60: 0 | E60: ='2조'!E125 -> 2조 - Cloud-based - Performance | F60: 0 | G60: ='2조'!G125 -> 데이터 발생 지점 근처에서 즉시 처리하여 클라우드 왕복 없이 초저지연을 실현함
A61: 3조 | B61: 0 | C61: ='3조'!C125 -> 3조 - Container-based - Performance | D61: 0 | E61: ='3조'!E125 -> 3조 - Cloud-based - Performance | F61: 0 | G61: ='3조'!G125 -> 3조 - Edge-based - Performance
A62: 4조 | B62: 0 | C62: ='4조'!C125 -> 4조 - Container-based - Performance | D62: 0 | E62: ='4조'!E125 -> 4조 - Cloud-based - Performance | F62: 0 | G62: ='4조'!G125 -> 4조 - Edge-based - Performance
A63: 5조 | B63: 0 | C63: ='5조'!C125 -> 5조 - Container-based - Performance | D63: 0 | E63: ='5조'!E125 -> 5조 - Cloud-based - Performance | F63: 0 | G63: ='5조'!G125 -> 5조 - Edge-based - Performance
A64: 6조 | B64: 0 | C64: ='6조'!C125 -> 6조 - Container-based x - Performance | D64: 0 | E64: ='6조'!E125 -> 6조 - Cloud-based x - Performance | F64: 0 | G64: ='6조'!G125 -> 데이터가 발생하거나 사용되는 위치와 가까운 Edge 장치에서 처리하므로 중앙 서버까지의 왕복 통신을 줄여 응답 지연과 네트워크 트래픽을 크게 감소시킨다.
A65: 7조 | B65: 0 | C65: ='7조'!C125 -> 7조 - Container-based - Performance | D65: 0 | E65: ='7조'!E125 -> 7조 - Cloud-based - Performance | F65: 0 | G65: ='7조'!G125 -> 7조 - Edge-based - Performance
A66: 8조 | B66: 0 | C66: ='8조'!C125 -> 8조 - Container-based - Performance | D66: 0 | E66: ='8조'!E125 -> 8조 - Cloud-based - Performance | F66: 0 | G66: ='8조'!G125 -> 8조 - Edge-based - Performance
A67: 9조 | B67: 0 | C67: ='9조'!C125 -> 9조 - Container-based - Performance | D67: 0 | E67: ='9조'!E125 -> 9조 - Cloud-based - Performance | F67: 0 | G67: ='9조'!G125 -> 9조 - Edge-based - Performance
A69: Safety | B69: 0 | C69: 0 | D69: 0 | E69: 0 | F69: 0 | G69: 0
A70: 1조 | B70: 0 | C70: ='1조'!C126 -> 1조 - Container-based - Safety | D70: 0 | E70: ='1조'!E126 -> 1조 - Cloud-based - Safety | F70: 0 | G70: ='6조'!G126 -> 네트워크 연결이 일시적으로 끊겨도 Edge에서 로컬 처리를 계속할 수 있어 안전성/연속성에 유리할 수 있다. 다만 분산된 Edge 장비를 안전하게 관리해야 한다.
A71: 2조 | B71: 0 | C71: ='2조'!C126 -> 2조 - Container-based - Safety | D71: 0 | E71: ='2조'!E126 -> 2조 - Cloud-based - Safety | F71: 0 | G71: ='2조'!G126 -> 네트워크 단절 상황에서도 로컬에서 즉시 안전 대응 가능함
A72: 3조 | B72: 0 | C72: ='3조'!C126 -> 3조 - Container-based - Safety | D72: 0 | E72: ='3조'!E126 -> 3조 - Cloud-based - Safety | F72: 0 | G72: ='3조'!G126 -> 3조 - Edge-based - Safety
A73: 4조 | B73: 0 | C73: ='4조'!C126 -> 4조 - Container-based - Safety | D73: 0 | E73: ='4조'!E126 -> 4조 - Cloud-based - Safety | F73: 0 | G73: ='4조'!G126 -> 4조 - Edge-based - Safety
A74: 5조 | B74: 0 | C74: ='5조'!C126 -> 5조 - Container-based - Safety | D74: 0 | E74: ='5조'!E126 -> 5조 - Cloud-based - Safety | F74: 0 | G74: ='5조'!G126 -> 5조 - Edge-based - Safety
A75: 6조 | B75: 0 | C75: ='6조'!C126 -> 6조 - Container-based x - Safety | D75: 0 | E75: ='6조'!E126 -> 6조 - Cloud-based x - Safety | F75: 0 | G75: ='6조'!G126 -> 네트워크 연결이 일시적으로 끊겨도 Edge에서 로컬 처리를 계속할 수 있어 안전성/연속성에 유리할 수 있다. 다만 분산된 Edge 장비를 안전하게 관리해야 한다.
A76: 7조 | B76: 0 | C76: ='7조'!C126 -> 7조 - Container-based - Safety | D76: 0 | E76: ='7조'!E126 -> 7조 - Cloud-based - Safety | F76: 0 | G76: ='7조'!G126 -> 7조 - Edge-based - Safety
A77: 8조 | B77: 0 | C77: ='8조'!C126 -> 8조 - Container-based - Safety | D77: 0 | E77: ='8조'!E126 -> 8조 - Cloud-based - Safety | F77: 0 | G77: ='8조'!G126 -> 8조 - Edge-based - Safety
A78: 9조 | B78: 0 | C78: ='9조'!C126 -> 9조 - Container-based - Safety | D78: 0 | E78: ='9조'!E126 -> 9조 - Cloud-based - Safety | F78: 0 | G78: ='9조'!G126 -> 9조 - Edge-based - Safety
A80: Security | B80: 0 | C80: 0 | D80: 0 | E80: 0 | F80: 0 | G80: 0
A81: 1조 | B81: 0 | C81: ='1조'!C127 -> 1조 - Container-based - Security | D81: 0 | E81: ='1조'!E127 -> 1조 - Cloud-based - Security | F81: 0 | G81: ='1조'!G127 -> 데이터를 중앙으로 보내지 않고 Edge에서 처리할 수 있다는 점은 데이터 보호에 유리하다. 하지만 물리적으로 분산된 수많은 Edge 장비를 보호해야 하므로 공격 표면(attack surface)이 증가한다.
A82: 2조 | B82: 0 | C82: ='2조'!C127 -> 2조 - Container-based - Security | D82: 0 | E82: ='2조'!E127 -> 2조 - Cloud-based - Security | F82: 0 | G82: ='2조'!G127 -> 물리적으로 노출된 다수의 디바이스가 공격 대상이 됨
A83: 3조 | B83: 0 | C83: ='3조'!C127 -> 3조 - Container-based - Security | D83: 0 | E83: ='3조'!E127 -> 3조 - Cloud-based - Security | F83: 0 | G83: ='3조'!G127 -> 3조 - Edge-based - Security
A84: 4조 | B84: 0 | C84: ='4조'!C127 -> 4조 - Container-based - Security | D84: 0 | E84: ='4조'!E127 -> 4조 - Cloud-based - Security | F84: 0 | G84: ='4조'!G127 -> 4조 - Edge-based - Security
A85: 5조 | B85: 0 | C85: ='5조'!C127 -> 5조 - Container-based - Security | D85: 0 | E85: ='5조'!E127 -> 5조 - Cloud-based - Security | F85: 0 | G85: ='5조'!G127 -> 5조 - Edge-based - Security
A86: 6조 | B86: 0 | C86: ='6조'!C127 -> 6조 - Container-based x - Security | D86: 0 | E86: ='6조'!E127 -> 6조 - Cloud-based x - Security | F86: 0 | G86: ='6조'!G127 -> 물리적으로 노출된 다수의 디바이스가 공격 대상이 됨
A87: 7조 | B87: 0 | C87: ='7조'!C127 -> 7조 - Container-based - Security | D87: 0 | E87: ='7조'!E127 -> 7조 - Cloud-based - Security | F87: 0 | G87: ='7조'!G127 -> 7조 - Edge-based - Security
A88: 8조 | B88: 0 | C88: ='8조'!C127 -> 8조 - Container-based - Security | D88: 0 | E88: ='8조'!E127 -> 8조 - Cloud-based - Security | F88: 0 | G88: ='8조'!G127 -> 8조 - Edge-based - Security
A89: 9조 | B89: 0 | C89: ='9조'!C127 -> 9조 - Container-based - Security | D89: 0 | E89: ='9조'!E127 -> 9조 - Cloud-based - Security | F89: 0 | G89: ='9조'!G127 -> 9조 - Edge-based - Security
A91: Testability | B91: 0 | C91: 0 | D91: 0 | E91: 0 | F91: 0 | G91: 0
A92: 1조 | B92: 0 | C92: ='1조'!C128 -> 1조 - Container-based - Testability | D92: 0 | E92: ='1조'!E128 -> 1조 - Cloud-based - Testability | F92: 0 | G92: ='1조'!G128 -> Edge마다 하드웨어, 네트워크, OS 등의 환경이 다를 수 있어서 테스트해야 할 환경의 종류가 많아진다. 실제 Edge 환경에서의 integration test도 복잡하다.
A93: 2조 | B93: 0 | C93: ='2조'!C128 -> 2조 - Container-based - Testability | D93: 0 | E93: ='2조'!E128 -> 2조 - Cloud-based - Testability | F93: 0 | G93: ='2조'!G128 -> 이기종과 분산 환경 특성상 동일 조건 재현과 전수 테스트가 어려움
A94: 3조 | B94: 0 | C94: ='3조'!C128 -> 3조 - Container-based - Testability | D94: 0 | E94: ='3조'!E128 -> 3조 - Cloud-based - Testability | F94: 0 | G94: ='3조'!G128 -> 3조 - Edge-based - Testability
A95: 4조 | B95: 0 | C95: ='4조'!C128 -> 4조 - Container-based - Testability | D95: 0 | E95: ='4조'!E128 -> 4조 - Cloud-based - Testability | F95: 0 | G95: ='4조'!G128 -> 4조 - Edge-based - Testability
A96: 5조 | B96: 0 | C96: ='5조'!C128 -> 5조 - Container-based - Testability | D96: 0 | E96: ='5조'!E128 -> 5조 - Cloud-based - Testability | F96: 0 | G96: ='5조'!G128 -> 5조 - Edge-based - Testability
A97: 6조 | B97: 0 | C97: ='6조'!C128 -> 6조 - Container-based x - Testability | D97: 0 | E97: ='6조'!E128 -> 6조 - Cloud-based x - Testability | F97: 0 | G97: ='6조'!G128 -> 여러 edge device/node와 network 환경이 맞물려있기 떄문에 통합 테스트가 어렵다.
A98: 7조 | B98: 0 | C98: ='7조'!C128 -> 7조 - Container-based - Testability | D98: 0 | E98: ='7조'!E128 -> 7조 - Cloud-based - Testability | F98: 0 | G98: ='7조'!G128 -> 7조 - Edge-based - Testability
A99: 8조 | B99: 0 | C99: ='8조'!C128 -> 8조 - Container-based - Testability | D99: 0 | E99: ='8조'!E128 -> 8조 - Cloud-based - Testability | F99: 0 | G99: ='8조'!G128 -> 8조 - Edge-based - Testability
A100: 9조 | B100: 0 | C100: ='9조'!C128 -> 9조 - Container-based - Testability | D100: 0 | E100: ='9조'!E128 -> 9조 - Cloud-based - Testability | F100: 0 | G100: ='9조'!G128 -> 9조 - Edge-based - Testability
A102: Usability | B102: 0 | C102: 0 | D102: 0 | E102: 0 | F102: 0 | G102: 0
A103: 1조 | B103: 0 | C103: ='1조'!C129 | D103: 0 | E103: ='1조'!E129 -> 1조 - Cloud-based - Usability | F103: 0 | G103: ='1조'!G129 -> 낮은 latency와 빠른 응답성을 통해 사용자 경험을 개선할 수 있다.
A104: 2조 | B104: 0 | C104: ='2조'!C129 -> 2조 - Container-based - Usability | D104: 0 | E104: ='2조'!E129 -> 2조 - Cloud-based - Usability | F104: 0 | G104: ='2조'!G129 -> 대부분 임베디드와 백그라운드 동작이라 사용자 대면 UI 개념이 약함
A105: 3조 | B105: 0 | C105: ='3조'!C129 -> 3조 - Container-based - Usability | D105: 0 | E105: ='3조'!E129 -> 3조 - Cloud-based - Usability | F105: 0 | G105: ='3조'!G129 -> 3조 - Edge-based - Usability
A106: 4조 | B106: 0 | C106: ='4조'!C129 -> 4조 - Container-based - Usability | D106: 0 | E106: ='4조'!E129 -> 4조 - Cloud-based - Usability | F106: 0 | G106: ='4조'!G129 -> 4조 - Edge-based - Usability
A107: 5조 | B107: 0 | C107: ='5조'!C129 -> 5조 - Container-based - Usability | D107: 0 | E107: ='5조'!E129 -> 5조 - Cloud-based - Usability | F107: 0 | G107: ='5조'!G129 -> 5조 - Edge-based - Usability
A108: 6조 | B108: 0 | C108: ='6조'!C129 -> 6조 - Container-based x - Usability | D108: 0 | E108: ='6조'!E129 -> 6조 - Cloud-based x - Usability | F108: 0 | G108: ='6조'!G129 -> 실시간 응답성이 필요한 연산들은 실제 서버까지 갈 필요없이 엣지에서 이루어지고 응답이 돌아오기 때문에 응답시간 단축으로 인한 사용자 경험 증대 기대
A109: 7조 | B109: 0 | C109: ='7조'!C129 -> 7조 - Container-based - Usability | D109: 0 | E109: ='7조'!E129 -> 7조 - Cloud-based - Usability | F109: 0 | G109: ='7조'!G129 -> 7조 - Edge-based - Usability
...

Sheet Detailed Reasoning
A1: Data Flow | B1: Batch Sequential | D1: Pipe and Filter | F1: Process Control
B2: Effects | C2: Justification | D2: Effects | E2: Justification | F2: Effects | G2: Justification
A3: Availability
A4: Deployability
A5: Integrability
A6: Energy Efficiency
A7: Modifiability
A8: Performance
A9: Safety
A10: Security
A11: Testability
A12: Usability
A14: Data Centered | B14: Shared Respository | D14: Blackboard
B15: Effects | C15: Justification | D15: Effects | E15: Justification
A16: Availability
A17: Deployability
A18: Integrability
A19: Energy Efficiency
A20: Modifiability
A21: Performance
A22: Safety
A23: Security
A24: Testability
A25: Usability
A27: Implicit Invocation | B27: Non-Buffered Event Based | D27: Buffered Message Based
B28: Effects | C28: Justification | D28: Effects | E28: Justification
A29: Availability
A30: Deployability
A31: Integrability
A32: Energy Efficiency
A33: Modifiability
A34: Performance
A35: Safety
A36: Security
A37: Testability
A38: Usability
A40: Interaction-Oriented | B40: MVC | D40: PAC
B41: Effects | C41: Justification | D41: Effects | E41: Justification
A42: Availability
A43: Deployability
A44: Integrability
A45: Energy Efficiency
A46: Modifiability
A47: Performance
A48: Safety
A49: Security
A50: Testability
A51: Usability
A53: Hierarchical | B53: Main-subroutine | D53: Master-Slave
B54: Effects | C54: Justification | D54: Effects | E54: Justification
A55: Availability
A56: Deployability
A57: Integrability
A58: Energy Efficiency
A59: Modifiability
A60: Performance
A61: Safety
A62: Security
A63: Testability
A64: Usability
A66: Hierarchical | B66: Layered | D66: Virtual Machine | F66: Microkernel
B67: Effects | C67: Justification | D67: Effects | E67: Justification | F67: Effects | G67: Justification
A68: Availability
A69: Deployability
A70: Integrability
A71: Energy Efficiency
A72: Modifiability
A73: Performance
A74: Safety
A75: Security
A76: Testability
A77: Usability
A79: Distributed | B79: Multi-tier | D79: Client-Server | F79: Broker
B80: Effects | C80: Justification | D80: Effects | E80: Justification | F80: Effects | G80: Justification
A81: Availability
A82: Deployability
A83: Integrability
A84: Energy Efficiency
A85: Modifiability
A86: Performance
A87: Safety
A88: Security
A89: Testability
A90: Usability
A92: Distributed | B92: Dispatcher | D92: Microservice
B93: Effects | C93: Justification | D93: Effects | E93: Justification
A94: Availability
A95: Deployability
A96: Integrability
A97: Energy Efficiency
A98: Modifiability
A99: Performance
A100: Safety
A101: Security
A102: Testability
A103: Usability
A105: Deployment | B105: Container-based | D105: Cloud-based | F105: Edge-based
B106: Effects | C106: Justification | D106: Effects | E106: Justification | F106: Effects | G106: Justification
A107: Availability
A108: Deployability
...

Sheet 1조
A1: Data Flow | B1: Batch Sequential | D1: Pipe and Filter | F1: Process Control
B2: Effects | C2: Justification | D2: Effects | E2: Justification | F2: Effects | G2: Justification
A3: Availability | B3: -- | C3: 각 컴포넌트에서 장애가 발생시 전체 data flow의 중단으로 이어질 수 있다 | D3: + | E3: Pipe에 Buffer/Queue를 적용하면 장애 격리 및 재처리 가능 | F3: ++ | G3: Controller가 Process의 상태를 지속적으로 확인하고 장애나 상태 변화에 동적으로 대응할 수 있음
A4: Deployability | B4: + | C4: 단계별 독립 배포가 가능하다. 다만 단계간 결합도가 낮을수록 배포가 쉬워진다 | D4: ++ | E4: 각 필터가 독립적인 컴포넌트로 분리되어 있고, 파이프의 표준 인터페이스를 준수하므로 특정 필터만 개별적으로 무중단 배포하기 용이함 | F4: - | G4: 런타임 제어가 중단되면 물리적/시스템적 위험이 생길 수 있으므로, 제어 루프가 도는 도중에 무중단 배포를 적용하기가 까다로움. 또한 Controller의 제어 로직을 변경하면 Process의 동작에 영향
A5: Integrability | B5: + | C5: interface가 잘 정의되어 있다면 입력->처리->출력 형태로 명확하게 나눌수있기에 integrability가 높다. | D5: ++ | E5: 파이프를 흐르는 데이터의 인터페이스가 표준화되어 있어, 서로 다른 언어/기술로 작성된 새로운 필터나 외부 시스템을 파이프라인 중간에 쉽게 끼워 넣을 수 있음 | F5: 0 | G5: sensor, Controller, Process, Actuator 간 명확한 Interface가 중요. 장치별 Protocol이나 데이터 형식에 강하게 의존하면 통합성이 떨어짐
A6: Energy Efficiency | B6: 0 | C6: 동시 자원사용량을 낮출 수 있고 과도한 컴퓨팅 자원 사용을 줄일 수 있으나, sequential 구조로 처리시간이 길어지므로 소비된 총 에너지는 크게 유리하지 않음. | D6: 0 | E6: Filter 병렬화로 처리시간 단축 가능하지만 동시 실행으로 자원 소비 증가 | F6: ++ | G6: 시스템의 현재 상태를 보고 필요한 만큼만 자원을 사용할 수 있습니다.
A7: Modifiability | B7: + | C7: 데이터의 형식이 고정되어 있는상태에서 개별 단계 로직 변경은 쉬우나 데이터 구조(형태)가 바뀌는 경우엔 변경 용이성이 떨어짐 | D7: + | E7: 필터 간 직접적인 의존성이 없고 오직 파이프와만 통신하므로, 파이프라인에 새로운 필터를 추가·제거·재배치하기가 매우 쉬우나 데이터 공통구조(형태)가 수정되는 경우 전체 필터에 영향이 있음 | F7: 0 | G7: 제어기(Controller) 내부의 제어 로직을 교체하는 것은 독립 모듈로 가능하나 제어 변수나 목표 값(Set Point)을 변경할 경우, 피드백 루프 전체의 안정성(Stability)에 영향을 주기 때문에 시스템 전체의 응답 특성을 재조정하여야하는 문제가 있음.
A8: Performance | B8: -- | C8: 각 단계가 이전 단계가 완료가 되어야 실행이 되기 때문에 latency가 매우 높다 | D8: + | E8: Filter 병렬화 및 Pipeline Processing 가능하지만 파이프간 데이터가 이동할 때 오버헤드가 많을 수도 있음. | F8: ++ | G8: 실시간 상태를 기반으로 동적으로 제어할 수 있기 때문에 Performance에 유리합니다
A9: Safety | B9: ++ | C9: 각 단계가 순차적으로 실행되기 때문에 각 단계에서 결과를 검증하고 문제가 있으면 다음 단계로 진행하지 않도록 제어하기 쉬움 | D9: 0 | E9: Filter별 Validation 및 오류 격리가 가능하지만 잘못된 데이터가 Pipeline을 따라 전파될 수 있음 | F9: ++ | G9: 시스템이 위험 범위(Critical Condition)를 벗어나지 않도록 감시하고 제어하는 것이 본래 목적이므로 안전성이 가장 뛰어난 아키텍처
A10: Security | B10: - | C10: 단순한 시퀀셜한 구조로 인해 권한 관리 및 감사 추적은 유리하나, 중간 저장 매체로 인한 데이터 유출 공격 포인트가 넓음 | D10: 0 | E10: Filter별 접근통제 및 데이터 보호 가능하지만 Pipe 구간과 중간 데이터 보호 필요 | F10: - | G10: 피드백 루프나 센서 데이터가 조작될 경우 물리적 파괴나 시스템 마비가 가능
A11: Testability | B11: ++ | C11: 전체 Data Flow를 실행하지 않고 특정 Batch의 입력과 출력만 검증할 수 있기에 | D11: + | E11: 표준 입출력을 가지므로 특정 필터만 떼어내어 Mock 데이터로 단위 테스트(Unit Test)를 수행하기가 쉬우나 비동기/동기가 섞여있으므로 전체 파이프라인 레이스 조건/타임아웃 테스트는 재현이 어려움 | F11: -- | G11: 외부 환경의 오차(Noise, 외란)에 따른 피드백 반응을 모든 케이스별로 재현하기 까다롭습니다.
A12: Usability | B12: 0 | C12: 데이터 처리가 순차적으로 수행되므로 처리 완료까지의 대기시간이 증가할 수 있어 즉각적인 사용자 응답 측면에서는 불리. 그러나 처리 진행상태, 오류 발생시 오류 발생 단계를 제공할 수 있어 사용성을 향상시킬 수 있음 | D12: ++ | E12: 입력이나 변경 발생 시 밀리초~초 단위로 결과가 대시보드나 화면에 반영되므로 대기 시간이 없어 최상의 사용자 경험을 제공 | F12: ++ | G12: 환경 변화에 즉각 대응하므로 사용자가 느끼는 시스템의 반응성이 뛰어남
A14: Data Centered | B14: Shared Respository | D14: Blackboard
B15: Effects | C15: Justification | D15: Effects | E15: Justification
A16: Availability | C16: ="1조" & " - " & B$14 & " - " & $A16 -> 1조 - Shared Respository - Availability | E16: ="1조" & " - " & D$14 & " - " & $A16 -> 1조 - Blackboard - Availability
A17: Deployability | C17: ="1조" & " - " & B$14 & " - " & $A17 -> 1조 - Shared Respository - Deployability | E17: ="1조" & " - " & D$14 & " - " & $A17 -> 1조 - Blackboard - Deployability
A18: Integrability | C18: ="1조" & " - " & B$14 & " - " & $A18 -> 1조 - Shared Respository - Integrability | E18: ="1조" & " - " & D$14 & " - " & $A18 -> 1조 - Blackboard - Integrability
A19: Energy Efficiency | C19: ="1조" & " - " & B$14 & " - " & $A19 -> 1조 - Shared Respository - Energy Efficiency | E19: ="1조" & " - " & D$14 & " - " & $A19 -> 1조 - Blackboard - Energy Efficiency
A20: Modifiability | C20: ="1조" & " - " & B$14 & " - " & $A20 -> 1조 - Shared Respository - Modifiability | E20: ="1조" & " - " & D$14 & " - " & $A20 -> 1조 - Blackboard - Modifiability
A21: Performance | C21: ="1조" & " - " & B$14 & " - " & $A21 -> 1조 - Shared Respository - Performance | E21: ="1조" & " - " & D$14 & " - " & $A21 -> 1조 - Blackboard - Performance
A22: Safety | C22: ="1조" & " - " & B$14 & " - " & $A22 -> 1조 - Shared Respository - Safety | E22: ="1조" & " - " & D$14 & " - " & $A22 -> 1조 - Blackboard - Safety
A23: Security | C23: ="1조" & " - " & B$14 & " - " & $A23 -> 1조 - Shared Respository - Security | E23: ="1조" & " - " & D$14 & " - " & $A23 -> 1조 - Blackboard - Security
A24: Testability | C24: ="1조" & " - " & B$14 & " - " & $A24 -> 1조 - Shared Respository - Testability | E24: ="1조" & " - " & D$14 & " - " & $A24 -> 1조 - Blackboard - Testability
A25: Usability | C25: ="1조" & " - " & B$14 & " - " & $A25 -> 1조 - Shared Respository - Usability | E25: ="1조" & " - " & D$14 & " - " & $A25 -> 1조 - Blackboard - Usability
A27: Implicit Invocation | B27: Non-Buffered Event Based | D27: Buffered Message Based
B28: Effects | C28: Justification | D28: Effects | E28: Justification
A29: Availability | C29: ="1조" & " - " & B$27 & " - " & $A29 -> 1조 - Non-Buffered Event Based - Availability | E29: ="1조" & " - " & D$27 & " - " & $A29 -> 1조 - Buffered Message Based - Availability
A30: Deployability | C30: ="1조" & " - " & B$27 & " - " & $A30 -> 1조 - Non-Buffered Event Based - Deployability | E30: ="1조" & " - " & D$27 & " - " & $A30 -> 1조 - Buffered Message Based - Deployability
A31: Integrability | C31: ="1조" & " - " & B$27 & " - " & $A31 -> 1조 - Non-Buffered Event Based - Integrability | E31: ="1조" & " - " & D$27 & " - " & $A31 -> 1조 - Buffered Message Based - Integrability
A32: Energy Efficiency | C32: ="1조" & " - " & B$27 & " - " & $A32 -> 1조 - Non-Buffered Event Based - Energy Efficiency | E32: ="1조" & " - " & D$27 & " - " & $A32 -> 1조 - Buffered Message Based - Energy Efficiency
A33: Modifiability | C33: ="1조" & " - " & B$27 & " - " & $A33 -> 1조 - Non-Buffered Event Based - Modifiability | E33: ="1조" & " - " & D$27 & " - " & $A33 -> 1조 - Buffered Message Based - Modifiability
A34: Performance | C34: ="1조" & " - " & B$27 & " - " & $A34 -> 1조 - Non-Buffered Event Based - Performance | E34: ="1조" & " - " & D$27 & " - " & $A34 -> 1조 - Buffered Message Based - Performance
A35: Safety | C35: ="1조" & " - " & B$27 & " - " & $A35 -> 1조 - Non-Buffered Event Based - Safety | E35: ="1조" & " - " & D$27 & " - " & $A35 -> 1조 - Buffered Message Based - Safety
A36: Security | C36: ="1조" & " - " & B$27 & " - " & $A36 -> 1조 - Non-Buffered Event Based - Security | E36: ="1조" & " - " & D$27 & " - " & $A36 -> 1조 - Buffered Message Based - Security
A37: Testability | C37: ="1조" & " - " & B$27 & " - " & $A37 -> 1조 - Non-Buffered Event Based - Testability | E37: ="1조" & " - " & D$27 & " - " & $A37 -> 1조 - Buffered Message Based - Testability
A38: Usability | C38: ="1조" & " - " & B$27 & " - " & $A38 -> 1조 - Non-Buffered Event Based - Usability | E38: ="1조" & " - " & D$27 & " - " & $A38 -> 1조 - Buffered Message Based - Usability
A40: Interaction-Oriented | B40: MVC | D40: PAC
B41: Effects | C41: Justification | D41: Effects | E41: Justification
A42: Availability | C42: ="1조" & " - " & B$40 & " - " & $A42 -> 1조 - MVC - Availability | E42: ="1조" & " - " & D$40 & " - " & $A42 -> 1조 - PAC - Availability
A43: Deployability | C43: ="1조" & " - " & B$40 & " - " & $A43 -> 1조 - MVC - Deployability | E43: ="1조" & " - " & D$40 & " - " & $A43 -> 1조 - PAC - Deployability
A44: Integrability | C44: ="1조" & " - " & B$40 & " - " & $A44 -> 1조 - MVC - Integrability | E44: ="1조" & " - " & D$40 & " - " & $A44 -> 1조 - PAC - Integrability
A45: Energy Efficiency | C45: ="1조" & " - " & B$40 & " - " & $A45 -> 1조 - MVC - Energy Efficiency | E45: ="1조" & " - " & D$40 & " - " & $A45 -> 1조 - PAC - Energy Efficiency
A46: Modifiability | C46: ="1조" & " - " & B$40 & " - " & $A46 -> 1조 - MVC - Modifiability | E46: ="1조" & " - " & D$40 & " - " & $A46 -> 1조 - PAC - Modifiability
A47: Performance | C47: ="1조" & " - " & B$40 & " - " & $A47 -> 1조 - MVC - Performance | E47: ="1조" & " - " & D$40 & " - " & $A47 -> 1조 - PAC - Performance
A48: Safety | C48: ="1조" & " - " & B$40 & " - " & $A48 -> 1조 - MVC - Safety | E48: ="1조" & " - " & D$40 & " - " & $A48 -> 1조 - PAC - Safety
A49: Security | C49: ="1조" & " - " & B$40 & " - " & $A49 -> 1조 - MVC - Security | E49: ="1조" & " - " & D$40 & " - " & $A49 -> 1조 - PAC - Security
A50: Testability | C50: ="1조" & " - " & B$40 & " - " & $A50 -> 1조 - MVC - Testability | E50: ="1조" & " - " & D$40 & " - " & $A50 -> 1조 - PAC - Testability
A51: Usability | C51: ="1조" & " - " & B$40 & " - " & $A51 -> 1조 - MVC - Usability | E51: ="1조" & " - " & D$40 & " - " & $A51 -> 1조 - PAC - Usability
A53: Hierarchical | B53: Main-subroutine | D53: Master-Slave
B54: Effects | C54: Justification | D54: Effects | E54: Justification
A55: Availability | C55: ="1조" & " - " & B$53 & " - " & $A55 -> 1조 - Main-subroutine - Availability | E55: ="1조" & " - " & D$53 & " - " & $A55 -> 1조 - Master-Slave - Availability
A56: Deployability | C56: ="1조" & " - " & B$53 & " - " & $A56 -> 1조 - Main-subroutine - Deployability | E56: ="1조" & " - " & D$53 & " - " & $A56 -> 1조 - Master-Slave - Deployability
A57: Integrability | C57: ="1조" & " - " & B$53 & " - " & $A57 -> 1조 - Main-subroutine - Integrability | E57: ="1조" & " - " & D$53 & " - " & $A57 -> 1조 - Master-Slave - Integrability
A58: Energy Efficiency | C58: ="1조" & " - " & B$53 & " - " & $A58 -> 1조 - Main-subroutine - Energy Efficiency | E58: ="1조" & " - " & D$53 & " - " & $A58 -> 1조 - Master-Slave - Energy Efficiency
A59: Modifiability | C59: ="1조" & " - " & B$53 & " - " & $A59 -> 1조 - Main-subroutine - Modifiability | E59: ="1조" & " - " & D$53 & " - " & $A59 -> 1조 - Master-Slave - Modifiability
A60: Performance | C60: ="1조" & " - " & B$53 & " - " & $A60 -> 1조 - Main-subroutine - Performance | E60: ="1조" & " - " & D$53 & " - " & $A60 -> 1조 - Master-Slave - Performance
A61: Safety | C61: ="1조" & " - " & B$53 & " - " & $A61 -> 1조 - Main-subroutine - Safety | E61: ="1조" & " - " & D$53 & " - " & $A61 -> 1조 - Master-Slave - Safety
A62: Security | C62: ="1조" & " - " & B$53 & " - " & $A62 -> 1조 - Main-subroutine - Security | E62: ="1조" & " - " & D$53 & " - " & $A62 -> 1조 - Master-Slave - Security
A63: Testability | C63: ="1조" & " - " & B$53 & " - " & $A63 -> 1조 - Main-subroutine - Testability | E63: ="1조" & " - " & D$53 & " - " & $A63 -> 1조 - Master-Slave - Testability
A64: Usability | C64: ="1조" & " - " & B$53 & " - " & $A64 -> 1조 - Main-subroutine - Usability | E64: ="1조" & " - " & D$53 & " - " & $A64 -> 1조 - Master-Slave - Usability
A66: Hierarchical | B66: Layered | D66: Virtual Machine | F66: Microkernel
B67: Effects | C67: Justification | D67: Effects | E67: Justification | F67: Effects | G67: Justification
A68: Availability | C68: ="1조" & " - " & B$66 & " - " & $A68 -> 1조 - Layered - Availability | E68: ="1조" & " - " & D$66 & " - " & $A68 -> 1조 - Virtual Machine - Availability | G68: ="1조" & " - " & F$66 & " - " & $A68 -> 1조 - Microkernel - Availability
A69: Deployability | C69: ="1조" & " - " & B$66 & " - " & $A69 -> 1조 - Layered - Deployability | E69: ="1조" & " - " & D$66 & " - " & $A69 -> 1조 - Virtual Machine - Deployability | G69: ="1조" & " - " & F$66 & " - " & $A69 -> 1조 - Microkernel - Deployability
A70: Integrability | C70: ="1조" & " - " & B$66 & " - " & $A70 -> 1조 - Layered - Integrability | E70: ="1조" & " - " & D$66 & " - " & $A70 -> 1조 - Virtual Machine - Integrability | G70: ="1조" & " - " & F$66 & " - " & $A70 -> 1조 - Microkernel - Integrability
A71: Energy Efficiency | C71: ="1조" & " - " & B$66 & " - " & $A71 -> 1조 - Layered - Energy Efficiency | E71: ="1조" & " - " & D$66 & " - " & $A71 -> 1조 - Virtual Machine - Energy Efficiency | G71: ="1조" & " - " & F$66 & " - " & $A71 -> 1조 - Microkernel - Energy Efficiency
A72: Modifiability | C72: ="1조" & " - " & B$66 & " - " & $A72 -> 1조 - Layered - Modifiability | E72: ="1조" & " - " & D$66 & " - " & $A72 -> 1조 - Virtual Machine - Modifiability | G72: ="1조" & " - " & F$66 & " - " & $A72 -> 1조 - Microkernel - Modifiability
A73: Performance | C73: ="1조" & " - " & B$66 & " - " & $A73 -> 1조 - Layered - Performance | E73: ="1조" & " - " & D$66 & " - " & $A73 -> 1조 - Virtual Machine - Performance | G73: ="1조" & " - " & F$66 & " - " & $A73 -> 1조 - Microkernel - Performance
A74: Safety | C74: ="1조" & " - " & B$66 & " - " & $A74 -> 1조 - Layered - Safety | E74: ="1조" & " - " & D$66 & " - " & $A74 -> 1조 - Virtual Machine - Safety | G74: ="1조" & " - " & F$66 & " - " & $A74 -> 1조 - Microkernel - Safety
A75: Security | C75: ="1조" & " - " & B$66 & " - " & $A75 -> 1조 - Layered - Security | E75: ="1조" & " - " & D$66 & " - " & $A75 -> 1조 - Virtual Machine - Security | G75: ="1조" & " - " & F$66 & " - " & $A75 -> 1조 - Microkernel - Security
A76: Testability | C76: ="1조" & " - " & B$66 & " - " & $A76 -> 1조 - Layered - Testability | E76: ="1조" & " - " & D$66 & " - " & $A76 -> 1조 - Virtual Machine - Testability | G76: ="1조" & " - " & F$66 & " - " & $A76 -> 1조 - Microkernel - Testability
A77: Usability | C77: ="1조" & " - " & B$66 & " - " & $A77 -> 1조 - Layered - Usability | E77: ="1조" & " - " & D$66 & " - " & $A77 -> 1조 - Virtual Machine - Usability | G77: ="1조" & " - " & F$66 & " - " & $A77 -> 1조 - Microkernel - Usability
A79: Distributed | B79: Multi-tier | D79: Client-Server
B80: Effects | C80: Justification | D80: Effects | E80: Justification
A81: Availability | B81: + | C81: Tier별로 서버를 분리하고 여러 인스턴스를 운영하면 장애를 격리하고 이중화하기 좋다. 특히 Application Tier를 여러 대로 구성하면 일부 서버 장애에도 서비스 지속이 가능하다. 다만 특정 Tier가 단일 장애점(SPOF)이 되면 전체 서비스가 영향을 받을 수 있다. | E81: ="1조" & " - " & D$79 & " - " & $A81 -> 1조 - Client-Server - Availability
A82: Deployability | B82: + | C82: 각 Tier가 독립적으로 배포될 수 있어 변경 범위를 제한하기 쉽다. 예를 들어 Presentation Tier와 Data Tier를 별도로 배포할 수 있다. 반면 Tier 간 인터페이스나 버전 의존성이 있으면 동시 배포가 필요할 수 있다. | E82: ="1조" & " - " & D$79 & " - " & $A82 -> 1조 - Client-Server - Deployability
A83: Integrability | B83: ++ | C83: Tier 사이에 명확한 인터페이스/API를 두기 때문에 외부 시스템이나 다른 컴포넌트와 통합하기 좋다. | E83: ="1조" & " - " & D$79 & " - " & $A83 -> 1조 - Client-Server - Integrability
A84: Energy Efficiency | B84: - | C84: 물리적으로 분리된 노드 간 네트워크 통신이 빈번하게 발생하여, 단일 프로세스 기반 아키텍처에 비해 네트워크 장비 및 서버의 전력 소모량이 큼. | E84: ="1조" & " - " & D$79 & " - " & $A84 -> 1조 - Client-Server - Energy Efficiency
A85: Modifiability | B85: + | C85: 관심사를 Tier별로 분리하기 때문에 한 영역의 변경이 다른 영역에 미치는 영향을 줄일 수 있다. 다만 Tier 간 인터페이스/API 변경은 연쇄적인 수정이 필요할 수 있다. | E85: ="1조" & " - " & D$79 & " - " & $A85 -> 1조 - Client-Server - Modifiability
A86: Performance | B86: - | C86: Tier 간 네트워크 호출이 증가하고 데이터 serialization/deserialization 등의 비용이 발생하므로 단일 프로세스 구조보다 latency가 증가할 수 있다 | E86: ="1조" & " - " & D$79 & " - " & $A86 -> 1조 - Client-Server - Performance
A87: Safety | B87: + | C87: 데이터 계층과 비즈니스 로직이 분리되어 있어 특정 계층의 장애나 오류가 전체 시스템의 치명적인 붕괴로 이어지는 것을 막는 격리(Fault Isolation) 능력이 우수함. | E87: ="1조" & " - " & D$79 & " - " & $A87 -> 1조 - Client-Server - Safety
A88: Security | B88: ++ | C88: 계층화된 방어(Defense in Depth)가 가능함. 프레젠테이션 계층은 DMZ에 배치하고, 데이터 계층은 내부망에 격리하며, 계층 간 방화벽 및 접근 제어 정책을 강력하게 적용할 수 있음 | E88: ="1조" & " - " & D$79 & " - " & $A88 -> 1조 - Client-Server - Security
A89: Testability | B89: + | C89: 각 Tier의 책임이 비교적 명확하므로 Presentation, Business, Data 계층을 개별적으로 테스트하기 쉽다. Mock/Stub을 이용해 Tier 간 의존성을 대체할 수도 있다. 다만 실제 분산 환경에서의 통합 테스트는 복잡해진다. | E89: ="1조" & " - " & D$79 & " - " & $A89 -> 1조 - Client-Server - Testability
A90: Usability | B90: 0 | C90: Multi-tier 자체가 사용자 경험을 직접 향상시키는 Architecture Style은 아니다. 다만 Presentation Tier를 독립적으로 발전시키고 Backend와 분리할 수 있어 UI/UX 개선에는 유리하다. 반면 추가적인 네트워크 latency가 UX에 영향을 줄 수 있다 | E90: ="1조" & " - " & D$79 & " - " & $A90 -> 1조 - Client-Server - Usability
A92: Distributed | B92: Broker | D92: Dispatcher
B93: Effects | C93: Justification | D93: Effects | E93: Justification
A94: Availability | C94: ="1조" & " - " & B$92 & " - " & $A94 -> 1조 - Broker - Availability | E94: ="1조" & " - " & D$92 & " - " & $A94 -> 1조 - Dispatcher - Availability
A95: Deployability | C95: ="1조" & " - " & B$92 & " - " & $A95 -> 1조 - Broker - Deployability | E95: ="1조" & " - " & D$92 & " - " & $A95 -> 1조 - Dispatcher - Deployability
A96: Integrability | C96: ="1조" & " - " & B$92 & " - " & $A96 -> 1조 - Broker - Integrability | E96: ="1조" & " - " & D$92 & " - " & $A96 -> 1조 - Dispatcher - Integrability
A97: Energy Efficiency | C97: ="1조" & " - " & B$92 & " - " & $A97 -> 1조 - Broker - Energy Efficiency | E97: ="1조" & " - " & D$92 & " - " & $A97 -> 1조 - Dispatcher - Energy Efficiency
A98: Modifiability | C98: ="1조" & " - " & B$92 & " - " & $A98 -> 1조 - Broker - Modifiability | E98: ="1조" & " - " & D$92 & " - " & $A98 -> 1조 - Dispatcher - Modifiability
A99: Performance | C99: ="1조" & " - " & B$92 & " - " & $A99 -> 1조 - Broker - Performance | E99: ="1조" & " - " & D$92 & " - " & $A99 -> 1조 - Dispatcher - Performance
A100: Safety | C100: ="1조" & " - " & B$92 & " - " & $A100 -> 1조 - Broker - Safety | E100: ="1조" & " - " & D$92 & " - " & $A100 -> 1조 - Dispatcher - Safety
A101: Security | C101: ="1조" & " - " & B$92 & " - " & $A101 -> 1조 - Broker - Security | E101: ="1조" & " - " & D$92 & " - " & $A101 -> 1조 - Dispatcher - Security
A102: Testability | C102: ="1조" & " - " & B$92 & " - " & $A102 -> 1조 - Broker - Testability | E102: ="1조" & " - " & D$92 & " - " & $A102 -> 1조 - Dispatcher - Testability
A103: Usability | C103: ="1조" & " - " & B$92 & " - " & $A103 -> 1조 - Broker - Usability | E103: ="1조" & " - " & D$92 & " - " & $A103 -> 1조 - Dispatcher - Usability
A105: Distributed | B105: SOA | D105: Mico-Service
B106: Effects | C106: Justification | D106: Effects | E106: Justification
A107: Availability | C107: ="1조" & " - " & B$105 & " - " & $A107 -> 1조 - SOA - Availability | E107: ="1조" & " - " & D$105 & " - " & $A107 -> 1조 - Mico-Service - Availability
A108: Deployability | C108: ="1조" & " - " & B$105 & " - " & $A108 -> 1조 - SOA - Deployability | E108: ="1조" & " - " & D$105 & " - " & $A108 -> 1조 - Mico-Service - Deployability
...

Sheet 2조
A1: Data Flow | B1: Batch Sequential | D1: Pipe and Filter | F1: Process Control
B2: Effects | C2: Justification | D2: Effects | E2: Justification | F2: Effects | G2: Justification
A3: Availability | B3: -- | C3: 앞에 단계가 끝나야 다음 단계이므로 한 단계 실패 시 전체 중단, 복구도 오래 걸림 | F3: 0 | G3: 장애시 피드백 루프 자체는 동작 가능하지만, 컨트롤러 장애 시 제어 불능 상태가 됨
A4: Deployability | B4: -- | C4: 전체 파이프라인이 하나로 묶여 있어 부분 배포와 롤백이 어려움 | E4: ="2조" & " - " & D$1 & " - " & $A4 -> 2조 - Pipe and Filter - Deployability | F4: - | G4: 하드웨어(센서/액추에이터)와 제어 로직이 긴밀히 결합되어 있어 독립 배포가 어려움
A5: Integrability | B5: - | C5: 단계 간 강한 순서와 데이터 의존성으로 신규 컴포넌트 끼워넣기 어려움 | E5: ="2조" & " - " & D$1 & " - " & $A5 -> 2조 - Pipe and Filter - Integrability | F5: 0 | G5: 하드웨어(센서/액추에이터)가 표준 인터페이스를 따르면 교체 가능하나, 제어 루프의 재구성은 쉽지 않음
A6: Energy Efficiency | B6: + | C6: 유휴 없이 몰아서 처리하므로 자원 활용률 높다 | E6: ="2조" & " - " & D$1 & " - " & $A6 -> 2조 - Pipe and Filter - Energy Efficiency | F6: -- | G6: 지속적인 센싱과 연산이 필요한 구조라 유휴 상태 없이 상시 자원 소모함
A7: Modifiability | B7: + | C7: 단계별로 분리돼 있어 특정 단계 로직 교체는 비교적 쉬움 | E7: ="2조" & " - " & D$1 & " - " & $A7 -> 2조 - Pipe and Filter - Modifiability | F7: - | G7: 제어 로직 변경 시 전체 의존성 변경으로 변경 범위가 큼
A8: Performance | B8: ++ | C8: 대용량 데이터 일괄 처리에 최적화된 구조 | E8: ="2조" & " - " & D$1 & " - " & $A8 -> 2조 - Pipe and Filter - Performance | F8: ++ | G8: 실행 순서와 주기 제어로 빠른응답, 실시간 제어, 성능 예측 가능함
A9: Safety | B9: 0 | C9: 실행 흐름이 예측 가능해 오작동 추적은 쉽지만, 부분 실패 격리가 어려움 | E9: ="2조" & " - " & D$1 & " - " & $A9 -> 2조 - Pipe and Filter - Safety | F9: ++ | G9: 상태 감시와 제한 조건 설정으로 위험한 동작 방지 가능함
A10: Security | B10: 0 | C10: 단계별 접근 통제는 가능하나, 보안 메커니즘을 내장하진 않고 있음 | E10: ="2조" & " - " & D$1 & " - " & $A10 -> 2조 - Pipe and Filter - Security | F10: - | G10: Processing Unit, Control Unit으로의 보안 공격으로 시스템 전체가 위험해질 수 있음
A11: Testability | B11: ++ | C11: 각 단계를 독립적 입출력으로 분리 테스트 가능 | E11: ="2조" & " - " & D$1 & " - " & $A11 -> 2조 - Pipe and Filter - Testability | F11: 0 | G11: Processing Unit, Control Unit의 단위테스트는 용이하나, 실시간 피드백과 타이밍 의존성 때문에 전체 통합테스트는 쉽지 않음
A12: Usability | B12: -- | C12: 사용자와의 실시간 상호작용이 없는 구조, 사람이 개입할 여지 적음 | E12: ="2조" & " - " & D$1 & " - " & $A12 -> 2조 - Pipe and Filter - Usability | F12: -- | G12: 사람이 직접 조작하는 구조가 아님
A14: Data Centered | B14: Shared Respository | D14: Blackboard
B15: Effects | C15: Justification | D15: Effects | E15: Justification
A16: Availability | C16: ="2조" & " - " & B$14 & " - " & $A16 -> 2조 - Shared Respository - Availability | E16: ="2조" & " - " & D$14 & " - " & $A16 -> 2조 - Blackboard - Availability
A17: Deployability | C17: ="2조" & " - " & B$14 & " - " & $A17 -> 2조 - Shared Respository - Deployability | E17: ="2조" & " - " & D$14 & " - " & $A17 -> 2조 - Blackboard - Deployability
A18: Integrability | C18: ="2조" & " - " & B$14 & " - " & $A18 -> 2조 - Shared Respository - Integrability | E18: ="2조" & " - " & D$14 & " - " & $A18 -> 2조 - Blackboard - Integrability
A19: Energy Efficiency | C19: ="2조" & " - " & B$14 & " - " & $A19 -> 2조 - Shared Respository - Energy Efficiency | E19: ="2조" & " - " & D$14 & " - " & $A19 -> 2조 - Blackboard - Energy Efficiency
A20: Modifiability | C20: ="2조" & " - " & B$14 & " - " & $A20 -> 2조 - Shared Respository - Modifiability | E20: ="2조" & " - " & D$14 & " - " & $A20 -> 2조 - Blackboard - Modifiability
A21: Performance | C21: ="2조" & " - " & B$14 & " - " & $A21 -> 2조 - Shared Respository - Performance | E21: ="2조" & " - " & D$14 & " - " & $A21 -> 2조 - Blackboard - Performance
A22: Safety | C22: ="2조" & " - " & B$14 & " - " & $A22 -> 2조 - Shared Respository - Safety | E22: ="2조" & " - " & D$14 & " - " & $A22 -> 2조 - Blackboard - Safety
A23: Security | C23: ="2조" & " - " & B$14 & " - " & $A23 -> 2조 - Shared Respository - Security | E23: ="2조" & " - " & D$14 & " - " & $A23 -> 2조 - Blackboard - Security
A24: Testability | C24: ="2조" & " - " & B$14 & " - " & $A24 -> 2조 - Shared Respository - Testability | E24: ="2조" & " - " & D$14 & " - " & $A24 -> 2조 - Blackboard - Testability
A25: Usability | C25: ="2조" & " - " & B$14 & " - " & $A25 -> 2조 - Shared Respository - Usability | E25: ="2조" & " - " & D$14 & " - " & $A25 -> 2조 - Blackboard - Usability
A27: Implicit Invocation | B27: Non-Buffered Event Based | D27: Buffered Message Based
B28: Effects | C28: Justification | D28: Effects | E28: Justification
A29: Availability | C29: ="2조" & " - " & B$27 & " - " & $A29 -> 2조 - Non-Buffered Event Based - Availability | E29: ="2조" & " - " & D$27 & " - " & $A29 -> 2조 - Buffered Message Based - Availability
A30: Deployability | C30: ="2조" & " - " & B$27 & " - " & $A30 -> 2조 - Non-Buffered Event Based - Deployability | E30: ="2조" & " - " & D$27 & " - " & $A30 -> 2조 - Buffered Message Based - Deployability
A31: Integrability | C31: ="2조" & " - " & B$27 & " - " & $A31 -> 2조 - Non-Buffered Event Based - Integrability | E31: ="2조" & " - " & D$27 & " - " & $A31 -> 2조 - Buffered Message Based - Integrability
A32: Energy Efficiency | C32: ="2조" & " - " & B$27 & " - " & $A32 -> 2조 - Non-Buffered Event Based - Energy Efficiency | E32: ="2조" & " - " & D$27 & " - " & $A32 -> 2조 - Buffered Message Based - Energy Efficiency
A33: Modifiability | C33: ="2조" & " - " & B$27 & " - " & $A33 -> 2조 - Non-Buffered Event Based - Modifiability | E33: ="2조" & " - " & D$27 & " - " & $A33 -> 2조 - Buffered Message Based - Modifiability
A34: Performance | C34: ="2조" & " - " & B$27 & " - " & $A34 -> 2조 - Non-Buffered Event Based - Performance | E34: ="2조" & " - " & D$27 & " - " & $A34 -> 2조 - Buffered Message Based - Performance
A35: Safety | C35: ="2조" & " - " & B$27 & " - " & $A35 -> 2조 - Non-Buffered Event Based - Safety | E35: ="2조" & " - " & D$27 & " - " & $A35 -> 2조 - Buffered Message Based - Safety
A36: Security | C36: ="2조" & " - " & B$27 & " - " & $A36 -> 2조 - Non-Buffered Event Based - Security | E36: ="2조" & " - " & D$27 & " - " & $A36 -> 2조 - Buffered Message Based - Security
A37: Testability | C37: ="2조" & " - " & B$27 & " - " & $A37 -> 2조 - Non-Buffered Event Based - Testability | E37: ="2조" & " - " & D$27 & " - " & $A37 -> 2조 - Buffered Message Based - Testability
A38: Usability | C38: ="2조" & " - " & B$27 & " - " & $A38 -> 2조 - Non-Buffered Event Based - Usability | E38: ="2조" & " - " & D$27 & " - " & $A38 -> 2조 - Buffered Message Based - Usability
A40: Interaction-Oriented | B40: MVC | D40: PAC
B41: Effects | C41: Justification | D41: Effects | E41: Justification
A42: Availability | C42: ="2조" & " - " & B$40 & " - " & $A42 -> 2조 - MVC - Availability | E42: ="2조" & " - " & D$40 & " - " & $A42 -> 2조 - PAC - Availability
A43: Deployability | C43: ="2조" & " - " & B$40 & " - " & $A43 -> 2조 - MVC - Deployability | E43: ="2조" & " - " & D$40 & " - " & $A43 -> 2조 - PAC - Deployability
A44: Integrability | C44: ="2조" & " - " & B$40 & " - " & $A44 -> 2조 - MVC - Integrability | E44: ="2조" & " - " & D$40 & " - " & $A44 -> 2조 - PAC - Integrability
A45: Energy Efficiency | C45: ="2조" & " - " & B$40 & " - " & $A45 -> 2조 - MVC - Energy Efficiency | E45: ="2조" & " - " & D$40 & " - " & $A45 -> 2조 - PAC - Energy Efficiency
A46: Modifiability | C46: ="2조" & " - " & B$40 & " - " & $A46 -> 2조 - MVC - Modifiability | E46: ="2조" & " - " & D$40 & " - " & $A46 -> 2조 - PAC - Modifiability
A47: Performance | C47: ="2조" & " - " & B$40 & " - " & $A47 -> 2조 - MVC - Performance | E47: ="2조" & " - " & D$40 & " - " & $A47 -> 2조 - PAC - Performance
A48: Safety | C48: ="2조" & " - " & B$40 & " - " & $A48 -> 2조 - MVC - Safety | E48: ="2조" & " - " & D$40 & " - " & $A48 -> 2조 - PAC - Safety
A49: Security | C49: ="2조" & " - " & B$40 & " - " & $A49 -> 2조 - MVC - Security | E49: ="2조" & " - " & D$40 & " - " & $A49 -> 2조 - PAC - Security
A50: Testability | C50: ="2조" & " - " & B$40 & " - " & $A50 -> 2조 - MVC - Testability | E50: ="2조" & " - " & D$40 & " - " & $A50 -> 2조 - PAC - Testability
A51: Usability | C51: ="2조" & " - " & B$40 & " - " & $A51 -> 2조 - MVC - Usability | E51: ="2조" & " - " & D$40 & " - " & $A51 -> 2조 - PAC - Usability
A53: Hierarchical | B53: Main-subroutine | D53: Master-Slave
B54: Effects | C54: Justification | D54: Effects | E54: Justification
A55: Availability | C55: ="2조" & " - " & B$53 & " - " & $A55 -> 2조 - Main-subroutine - Availability | E55: ="2조" & " - " & D$53 & " - " & $A55 -> 2조 - Master-Slave - Availability
A56: Deployability | C56: ="2조" & " - " & B$53 & " - " & $A56 -> 2조 - Main-subroutine - Deployability | E56: ="2조" & " - " & D$53 & " - " & $A56 -> 2조 - Master-Slave - Deployability
A57: Integrability | C57: ="2조" & " - " & B$53 & " - " & $A57 -> 2조 - Main-subroutine - Integrability | E57: ="2조" & " - " & D$53 & " - " & $A57 -> 2조 - Master-Slave - Integrability
A58: Energy Efficiency | C58: ="2조" & " - " & B$53 & " - " & $A58 -> 2조 - Main-subroutine - Energy Efficiency | E58: ="2조" & " - " & D$53 & " - " & $A58 -> 2조 - Master-Slave - Energy Efficiency
A59: Modifiability | C59: ="2조" & " - " & B$53 & " - " & $A59 -> 2조 - Main-subroutine - Modifiability | E59: ="2조" & " - " & D$53 & " - " & $A59 -> 2조 - Master-Slave - Modifiability
A60: Performance | C60: ="2조" & " - " & B$53 & " - " & $A60 -> 2조 - Main-subroutine - Performance | E60: ="2조" & " - " & D$53 & " - " & $A60 -> 2조 - Master-Slave - Performance
A61: Safety | C61: ="2조" & " - " & B$53 & " - " & $A61 -> 2조 - Main-subroutine - Safety | E61: ="2조" & " - " & D$53 & " - " & $A61 -> 2조 - Master-Slave - Safety
A62: Security | C62: ="2조" & " - " & B$53 & " - " & $A62 -> 2조 - Main-subroutine - Security | E62: ="2조" & " - " & D$53 & " - " & $A62 -> 2조 - Master-Slave - Security
A63: Testability | C63: ="2조" & " - " & B$53 & " - " & $A63 -> 2조 - Main-subroutine - Testability | E63: ="2조" & " - " & D$53 & " - " & $A63 -> 2조 - Master-Slave - Testability
A64: Usability | C64: ="2조" & " - " & B$53 & " - " & $A64 -> 2조 - Main-subroutine - Usability | E64: ="2조" & " - " & D$53 & " - " & $A64 -> 2조 - Master-Slave - Usability
A66: Hierarchical | B66: Layered | D66: Virtual Machine | F66: Microkernel
B67: Effects | C67: Justification | D67: Effects | E67: Justification | F67: Effects | G67: Justification
A68: Availability | C68: ="2조" & " - " & B$66 & " - " & $A68 -> 2조 - Layered - Availability | E68: ="2조" & " - " & D$66 & " - " & $A68 -> 2조 - Virtual Machine - Availability | G68: ="2조" & " - " & F$66 & " - " & $A68 -> 2조 - Microkernel - Availability
A69: Deployability | C69: ="2조" & " - " & B$66 & " - " & $A69 -> 2조 - Layered - Deployability | E69: ="2조" & " - " & D$66 & " - " & $A69 -> 2조 - Virtual Machine - Deployability | G69: ="2조" & " - " & F$66 & " - " & $A69 -> 2조 - Microkernel - Deployability
A70: Integrability | C70: ="2조" & " - " & B$66 & " - " & $A70 -> 2조 - Layered - Integrability | E70: ="2조" & " - " & D$66 & " - " & $A70 -> 2조 - Virtual Machine - Integrability | G70: ="2조" & " - " & F$66 & " - " & $A70 -> 2조 - Microkernel - Integrability
A71: Energy Efficiency | C71: ="2조" & " - " & B$66 & " - " & $A71 -> 2조 - Layered - Energy Efficiency | E71: ="2조" & " - " & D$66 & " - " & $A71 -> 2조 - Virtual Machine - Energy Efficiency | G71: ="2조" & " - " & F$66 & " - " & $A71 -> 2조 - Microkernel - Energy Efficiency
A72: Modifiability | C72: ="2조" & " - " & B$66 & " - " & $A72 -> 2조 - Layered - Modifiability | E72: ="2조" & " - " & D$66 & " - " & $A72 -> 2조 - Virtual Machine - Modifiability | G72: ="2조" & " - " & F$66 & " - " & $A72 -> 2조 - Microkernel - Modifiability
A73: Performance | C73: ="2조" & " - " & B$66 & " - " & $A73 -> 2조 - Layered - Performance | E73: ="2조" & " - " & D$66 & " - " & $A73 -> 2조 - Virtual Machine - Performance | G73: ="2조" & " - " & F$66 & " - " & $A73 -> 2조 - Microkernel - Performance
A74: Safety | C74: ="2조" & " - " & B$66 & " - " & $A74 -> 2조 - Layered - Safety | E74: ="2조" & " - " & D$66 & " - " & $A74 -> 2조 - Virtual Machine - Safety | G74: ="2조" & " - " & F$66 & " - " & $A74 -> 2조 - Microkernel - Safety
A75: Security | C75: ="2조" & " - " & B$66 & " - " & $A75 -> 2조 - Layered - Security | E75: ="2조" & " - " & D$66 & " - " & $A75 -> 2조 - Virtual Machine - Security | G75: ="2조" & " - " & F$66 & " - " & $A75 -> 2조 - Microkernel - Security
A76: Testability | C76: ="2조" & " - " & B$66 & " - " & $A76 -> 2조 - Layered - Testability | E76: ="2조" & " - " & D$66 & " - " & $A76 -> 2조 - Virtual Machine - Testability | G76: ="2조" & " - " & F$66 & " - " & $A76 -> 2조 - Microkernel - Testability
A77: Usability | C77: ="2조" & " - " & B$66 & " - " & $A77 -> 2조 - Layered - Usability | E77: ="2조" & " - " & D$66 & " - " & $A77 -> 2조 - Virtual Machine - Usability | G77: ="2조" & " - " & F$66 & " - " & $A77 -> 2조 - Microkernel - Usability
A79: Distributed | B79: Multi-tier | D79: Client-Server
B80: Effects | C80: Justification | D80: Effects | E80: Justification
A81: Availability | C81: ="2조" & " - " & B$79 & " - " & $A81 -> 2조 - Multi-tier - Availability | D81: - | E81: 서버 이중화로 개선 가능하나, 기본 구조는 서버가 단일 장애점이라서 문제 가능성 있음
A82: Deployability | C82: ="2조" & " - " & B$79 & " - " & $A82 -> 2조 - Multi-tier - Deployability | D82: ++ | E82: 클라이언트와 서버가 독립 배포 가능함
A83: Integrability | C83: ="2조" & " - " & B$79 & " - " & $A83 -> 2조 - Multi-tier - Integrability | D83: + | E83: 표준 프로토콜로 통신하므로 새 클라이언트와 서버 추가가 비교적 쉬움
A84: Energy Efficiency | C84: ="2조" & " - " & B$79 & " - " & $A84 -> 2조 - Multi-tier - Energy Efficiency | D84: 0 | E84: 네트워크 통신 오버헤드가 발생하나, 클라이언트가 가벼우면 전체적으로 효율적임
A85: Modifiability | C85: ="2조" & " - " & B$79 & " - " & $A85 -> 2조 - Multi-tier - Modifiability | D85: + | E85: 클라이언트와 서버 경계가 명확해 서버 로직 변경이 클라이언트에 영향 적음
